Region,Depot,"Fleet Number","Device Unique ID","Packet Header",Mode,"Device Type","Packet Type","Framware Version",Time,date,Speed/Kmh,"Oil Pressure","Server Time"
"MTC CHENNAI","Kilambakkam Depot",J1051,864650054208290,&PEIS,N,CAN,LP,IPC_MTC_v1.23_c,16:04:39,02/06/2025,0.00,N/A,"2025-06-02 16:04:55"
"MTC CHENNAI","Kilambakkam Depot",J1051,864650054208290,&PEIS,N,CAN,LP,IPC_MTC_v1.23_c,16:04:46,02/06/2025,0.00,N/A,"2025-06-02 16:05:02"
"MTC CHENNAI","Kilambakkam Depot",J1051,864650054208290,&PEIS,N,CAN,LP,IPC_MTC_v1.23_c,16:04:53,02/06/2025,0.00,N/A,"2025-06-02 16:05:09"
"MTC CHENNAI","Kilambakkam Depot",J1051,864650054208290,&PEIS,N,CAN,LP,IPC_MTC_v1.23_c,16:05:00,02/06/2025,0.00,N/A,"2025-06-02 16:05:16"
"MTC CHENNAI","Kilambakkam Depot",J1051,864650054208290,&PEIS,N,CAN,LP,IPC_MTC_v1.23_c,16:05:08,02/06/2025,0.00,N/A,"2025-06-02 16:05:23"
"MTC CHENNAI","Kilambakkam Depot",J1051,864650054208290,&PEIS,N,CAN,LP,IPC_MTC_v1.23_c,16:05:15,02/06/2025,0.00,N/A,"2025-06-02 16:05:30"
"MTC CHENNAI","Kilambakkam Depot",J1051,864650054208290,&PEIS,N,CAN,LP,IPC_MTC_v1.23_c,16:05:22,02/06/2025,0.00,N/A,"2025-06-02 16:05:37"
"MTC CHENNAI","Kilambakkam Depot",J1051,864650054208290,&PEIS,N,CAN,LP,IPC_MTC_v1.23_c,16:05:29,02/06/2025,0.00,N/A,"2025-06-02 16:05:45"
"MTC CHENNAI","Kilambakkam Depot",J1051,864650054208290,&PEIS,N,CAN,LP,IPC_MTC_v1.23_c,16:05:36,02/06/2025,0.00,N/A,"2025-06-02 16:05:52"
"MTC CHENNAI","Kilambakkam Depot",J1051,864650054208290,&PEIS,N,CAN,LP,IPC_MTC_v1.23_c,16:05:43,02/06/2025,0.00,N/A,"2025-06-02 16:05:59"
"MTC CHENNAI","Kilambakkam Depot",J1051,864650054208290,&PEIS,N,CAN,LP,IPC_MTC_v1.23_c,16:05:51,02/06/2025,0.00,N/A,"2025-06-02 16:06:06"
"MTC CHENNAI","Kilambakkam Depot",J1051,864650054208290,&PEIS,N,CAN,LP,IPC_MTC_v1.23_c,16:05:58,02/06/2025,0.00,N/A,"2025-06-02 16:06:13"
"MTC CHENNAI","Kilambakkam Depot",J1051,864650054208290,&PEIS,N,CAN,LP,IPC_MTC_v1.23_c,16:06:05,02/06/2025,0.00,N/A,"2025-06-02 16:06:20"
"MTC CHENNAI","Kilambakkam Depot",J1051,864650054208290,&PEIS,N,CAN,LP,IPC_MTC_v1.23_c,16:06:12,02/06/2025,0.00,N/A,"2025-06-02 16:06:27"
"MTC CHENNAI","Kilambakkam Depot",J1051,864650054208290,&PEIS,N,CAN,LP,IPC_MTC_v1.23_c,16:06:19,02/06/2025,0.00,N/A,"2025-06-02 16:06:35"
"MTC CHENNAI","Kilambakkam Depot",J1051,864650054208290,&PEIS,N,CAN,LP,IPC_MTC_v1.23_c,16:06:27,02/06/2025,0.00,N/A,"2025-06-02 16:06:42"
"MTC CHENNAI","Kilambakkam Depot",J1051,864650054208290,&PEIS,N,CAN,LP,IPC_MTC_v1.23_c,16:06:34,02/06/2025,0.00,N/A,"2025-06-02 16:06:49"
"MTC CHENNAI","Kilambakkam Depot",J1051,864650054208290,&PEIS,N,CAN,LP,IPC_MTC_v1.23_c,16:06:41,02/06/2025,0.00,N/A,"2025-06-02 16:06:56"
"MTC CHENNAI","Kilambakkam Depot",J1051,864650054208290,&PEIS,N,CAN,LP,IPC_MTC_v1.23_c,16:06:48,02/06/2025,0.00,N/A,"2025-06-02 16:07:03"
"MTC CHENNAI","Kilambakkam Depot",J1051,864650054208290,&PEIS,N,CAN,LP,IPC_MTC_v1.23_c,16:06:55,02/06/2025,0.00,N/A,"2025-06-02 16:07:10"
"MTC CHENNAI","Kilambakkam Depot",J1051,864650054208290,&PEIS,N,CAN,LP,IPC_MTC_v1.23_c,16:07:03,02/06/2025,0.00,N/A,"2025-06-02 16:07:17"
"MTC CHENNAI","Kilambakkam Depot",J1051,864650054208290,&PEIS,N,CAN,LP,IPC_MTC_v1.23_c,16:07:10,02/06/2025,0.00,N/A,"2025-06-02 16:07:25"
"MTC CHENNAI","Kilambakkam Depot",J1051,864650054208290,&PEIS,N,CAN,LP,IPC_MTC_v1.23_c,16:07:17,02/06/2025,0.00,N/A,"2025-06-02 16:07:31"
"MTC CHENNAI","Kilambakkam Depot",J1051,864650054208290,&PEIS,N,CAN,LP,IPC_MTC_v1.23_c,16:07:24,02/06/2025,0.00,N/A,"2025-06-02 16:07:39"
"MTC CHENNAI","Kilambakkam Depot",J1051,864650054208290,&PEIS,N,CAN,LP,IPC_MTC_v1.23_c,16:07:34,02/06/2025,0.00,N/A,"2025-06-02 16:07:48"
"MTC CHENNAI","Kilambakkam Depot",J1051,864650054208290,&PEIS,N,CAN,LP,IPC_MTC_v1.23_c,16:07:41,02/06/2025,0.00,N/A,"2025-06-02 16:07:55"
"MTC CHENNAI","Kilambakkam Depot",J1051,864650054208290,&PEIS,N,CAN,LP,IPC_MTC_v1.23_c,16:07:48,02/06/2025,0.00,N/A,"2025-06-02 16:08:02"
"MTC CHENNAI","Kilambakkam Depot",J1051,864650054208290,&PEIS,N,CAN,LP,IPC_MTC_v1.23_c,16:07:56,02/06/2025,0.00,N/A,"2025-06-02 16:08:09"
"MTC CHENNAI","Kilambakkam Depot",J1051,864650054208290,&PEIS,N,CAN,LP,IPC_MTC_v1.23_c,16:08:03,02/06/2025,0.00,N/A,"2025-06-02 16:08:16"
"MTC CHENNAI","Kilambakkam Depot",J1051,864650054208290,&PEIS,N,CAN,LP,IPC_MTC_v1.23_c,16:08:10,02/06/2025,0.00,N/A,"2025-06-02 16:08:23"
"MTC CHENNAI","Kilambakkam Depot",J1051,864650054208290,&PEIS,N,CAN,LP,IPC_MTC_v1.23_c,16:08:17,02/06/2025,0.00,N/A,"2025-06-02 16:08:30"
"MTC CHENNAI","Kilambakkam Depot",J1051,864650054208290,&PEIS,N,CAN,LP,IPC_MTC_v1.23_c,16:08:24,02/06/2025,0.00,N/A,"2025-06-02 16:08:37"
"MTC CHENNAI","Kilambakkam Depot",J1051,864650054208290,&PEIS,N,CAN,LP,IPC_MTC_v1.23_c,16:08:32,02/06/2025,0.00,N/A,"2025-06-02 16:08:44"
"MTC CHENNAI","Kilambakkam Depot",J1051,864650054208290,&PEIS,N,CAN,LP,IPC_MTC_v1.23_c,16:08:39,02/06/2025,0.00,N/A,"2025-06-02 16:08:51"
"MTC CHENNAI","Kilambakkam Depot",J1051,864650054208290,&PEIS,N,CAN,LP,IPC_MTC_v1.23_c,16:08:46,02/06/2025,0.00,N/A,"2025-06-02 16:08:58"
"MTC CHENNAI","Kilambakkam Depot",J1051,864650054208290,&PEIS,N,CAN,LP,IPC_MTC_v1.23_c,16:08:53,02/06/2025,0.00,N/A,"2025-06-02 16:09:05"
"MTC CHENNAI","Kilambakkam Depot",J1051,864650054208290,&PEIS,N,CAN,LP,IPC_MTC_v1.23_c,16:09:00,02/06/2025,0.00,N/A,"2025-06-02 16:09:12"
"MTC CHENNAI","Kilambakkam Depot",J1051,864650054208290,&PEIS,N,CAN,LP,IPC_MTC_v1.23_c,16:09:07,02/06/2025,0.00,N/A,"2025-06-02 16:09:19"
"MTC CHENNAI","Kilambakkam Depot",J1051,864650054208290,&PEIS,N,CAN,LP,IPC_MTC_v1.23_c,16:09:15,02/06/2025,0.00,N/A,"2025-06-02 16:09:26"
"MTC CHENNAI","Kilambakkam Depot",J1051,864650054208290,&PEIS,N,CAN,LP,IPC_MTC_v1.23_c,16:09:22,02/06/2025,0.00,N/A,"2025-06-02 16:09:33"
"MTC CHENNAI","Kilambakkam Depot",J1051,864650054208290,&PEIS,N,CAN,LP,IPC_MTC_v1.23_c,16:09:29,02/06/2025,0.00,N/A,"2025-06-02 16:09:40"
"MTC CHENNAI","Kilambakkam Depot",J1051,864650054208290,&PEIS,N,CAN,LP,IPC_MTC_v1.23_c,16:09:36,02/06/2025,0.00,N/A,"2025-06-02 16:09:47"
"MTC CHENNAI","Kilambakkam Depot",J1051,864650054208290,&PEIS,N,CAN,LP,IPC_MTC_v1.23_c,16:09:43,02/06/2025,0.00,N/A,"2025-06-02 16:09:54"
"MTC CHENNAI","Kilambakkam Depot",J1051,864650054208290,&PEIS,N,CAN,LP,IPC_MTC_v1.23_c,16:09:51,02/06/2025,0.00,N/A,"2025-06-02 16:10:01"
"MTC CHENNAI","Kilambakkam Depot",J1051,864650054208290,&PEIS,N,CAN,LP,IPC_MTC_v1.23_c,16:09:58,02/06/2025,0.00,N/A,"2025-06-02 16:10:08"
"MTC CHENNAI","Kilambakkam Depot",J1051,864650054208290,&PEIS,N,CAN,LP,IPC_MTC_v1.23_c,16:10:05,02/06/2025,0.00,N/A,"2025-06-02 16:10:15"
"MTC CHENNAI","Kilambakkam Depot",J1051,864650054208290,&PEIS,N,CAN,LP,IPC_MTC_v1.23_c,16:10:12,02/06/2025,0.00,N/A,"2025-06-02 16:10:22"
"MTC CHENNAI","Kilambakkam Depot",J1051,864650054208290,&PEIS,N,CAN,LP,IPC_MTC_v1.23_c,16:10:19,02/06/2025,0.00,N/A,"2025-06-02 16:10:29"
"MTC CHENNAI","Kilambakkam Depot",J1051,864650054208290,&PEIS,N,CAN,LP,IPC_MTC_v1.23_c,16:10:26,02/06/2025,0.00,N/A,"2025-06-02 16:10:36"
"MTC CHENNAI","Kilambakkam Depot",J1051,864650054208290,&PEIS,N,CAN,LP,IPC_MTC_v1.23_c,16:10:34,02/06/2025,0.00,N/A,"2025-06-02 16:10:43"
"MTC CHENNAI","Kilambakkam Depot",J1051,864650054208290,&PEIS,N,CAN,LP,IPC_MTC_v1.23_c,16:10:41,02/06/2025,0.00,N/A,"2025-06-02 16:10:50"
"MTC CHENNAI","Kilambakkam Depot",J1051,864650054208290,&PEIS,N,CAN,LP,IPC_MTC_v1.23_c,16:10:48,02/06/2025,0.00,N/A,"2025-06-02 16:10:57"
"MTC CHENNAI","Kilambakkam Depot",J1051,864650054208290,&PEIS,N,CAN,LP,IPC_MTC_v1.23_c,16:10:55,02/06/2025,0.00,N/A,"2025-06-02 16:11:04"
"MTC CHENNAI","Kilambakkam Depot",J1051,864650054208290,&PEIS,N,CAN,LP,IPC_MTC_v1.23_c,16:11:02,02/06/2025,0.00,N/A,"2025-06-02 16:11:11"
"MTC CHENNAI","Kilambakkam Depot",J1051,864650054208290,&PEIS,N,CAN,LP,IPC_MTC_v1.23_c,16:11:09,02/06/2025,0.00,N/A,"2025-06-02 16:11:18"
"MTC CHENNAI","Kilambakkam Depot",J1051,864650054208290,&PEIS,N,CAN,LP,IPC_MTC_v1.23_c,16:11:17,02/06/2025,0.00,N/A,"2025-06-02 16:11:25"
"MTC CHENNAI","Kilambakkam Depot",J1051,864650054208290,&PEIS,N,CAN,LP,IPC_MTC_v1.23_c,16:11:25,02/06/2025,0.00,N/A,"2025-06-02 16:11:33"
"MTC CHENNAI","Kilambakkam Depot",J1051,864650054208290,&PEIS,N,CAN,LP,IPC_MTC_v1.23_c,16:11:32,02/06/2025,0.00,N/A,"2025-06-02 16:11:40"
"MTC CHENNAI","Kilambakkam Depot",J1051,864650054208290,&PEIS,N,CAN,LP,IPC_MTC_v1.23_c,16:11:39,02/06/2025,0.00,N/A,"2025-06-02 16:11:46"
"MTC CHENNAI","Kilambakkam Depot",J1051,864650054208290,&PEIS,N,CAN,LP,IPC_MTC_v1.23_c,16:13:17,02/06/2025,0.00,N/A,"2025-06-02 16:13:21"
"MTC CHENNAI","Kilambakkam Depot",J1051,864650054208290,&PEIS,N,CAN,LP,IPC_MTC_v1.23_c,16:13:23,02/06/2025,0.00,N/A,"2025-06-02 16:13:27"
"MTC CHENNAI","Kilambakkam Depot",J1051,864650054208290,&PEIS,N,CAN,LP,IPC_MTC_v1.23_c,16:13:29,02/06/2025,0.00,N/A,"2025-06-02 16:13:33"
"MTC CHENNAI","Kilambakkam Depot",J1051,864650054208290,&PEIS,N,CAN,LP,IPC_MTC_v1.23_c,16:13:35,02/06/2025,0.00,N/A,"2025-06-02 16:13:38"
"MTC CHENNAI","Kilambakkam Depot",J1051,864650054208290,&PEIS,N,CAN,LP,IPC_MTC_v1.23_c,16:13:41,02/06/2025,0.00,N/A,"2025-06-02 16:13:44"
"MTC CHENNAI","Kilambakkam Depot",J1051,864650054208290,&PEIS,N,CAN,LP,IPC_MTC_v1.23_c,16:13:46,02/06/2025,0.00,N/A,"2025-06-02 16:13:49"
"MTC CHENNAI","Kilambakkam Depot",J1051,864650054208290,&PEIS,N,CAN,LP,IPC_MTC_v1.23_c,16:13:52,02/06/2025,0.00,N/A,"2025-06-02 16:13:55"
"MTC CHENNAI","Kilambakkam Depot",J1051,864650054208290,&PEIS,N,CAN,LP,IPC_MTC_v1.23_c,16:13:57,02/06/2025,0.00,N/A,"2025-06-02 16:14:00"
"MTC CHENNAI","Kilambakkam Depot",J1051,864650054208290,&PEIS,N,CAN,LP,IPC_MTC_v1.23_c,16:14:02,02/06/2025,0.00,N/A,"2025-06-02 16:14:05"
"MTC CHENNAI","Kilambakkam Depot",J1051,864650054208290,&PEIS,N,CAN,LP,IPC_MTC_v1.23_c,16:14:08,02/06/2025,0.00,N/A,"2025-06-02 16:14:11"
"MTC CHENNAI","Kilambakkam Depot",J1051,864650054208290,&PEIS,N,CAN,LP,IPC_MTC_v1.23_c,16:14:13,02/06/2025,0.00,N/A,"2025-06-02 16:14:16"
"MTC CHENNAI","Kilambakkam Depot",J1051,864650054208290,&PEIS,N,CAN,LP,IPC_MTC_v1.23_c,16:14:19,02/06/2025,0.00,N/A,"2025-06-02 16:14:22"
"MTC CHENNAI","Kilambakkam Depot",J1051,864650054208290,&PEIS,N,CAN,LP,IPC_MTC_v1.23_c,16:14:24,02/06/2025,0.00,N/A,"2025-06-02 16:14:27"
"MTC CHENNAI","Kilambakkam Depot",J1051,864650054208290,&PEIS,N,CAN,LP,IPC_MTC_v1.23_c,16:14:30,02/06/2025,0.00,N/A,"2025-06-02 16:14:33"
"MTC CHENNAI","Kilambakkam Depot",J1051,864650054208290,&PEIS,N,CAN,LP,IPC_MTC_v1.23_c,16:14:35,02/06/2025,0.00,N/A,"2025-06-02 16:14:38"
"MTC CHENNAI","Kilambakkam Depot",J1051,864650054208290,&PEIS,N,CAN,LP,IPC_MTC_v1.23_c,16:14:40,02/06/2025,0.00,N/A,"2025-06-02 16:14:43"
"MTC CHENNAI","Kilambakkam Depot",J1051,864650054208290,&PEIS,N,CAN,LP,IPC_MTC_v1.23_c,16:14:46,02/06/2025,0.00,N/A,"2025-06-02 16:14:49"
"MTC CHENNAI","Kilambakkam Depot",J1051,864650054208290,&PEIS,N,CAN,LP,IPC_MTC_v1.23_c,16:14:51,02/06/2025,0.00,N/A,"2025-06-02 16:14:54"
"MTC CHENNAI","Kilambakkam Depot",J1051,864650054208290,&PEIS,N,CAN,LP,IPC_MTC_v1.23_c,16:14:57,02/06/2025,0.00,N/A,"2025-06-02 16:15:00"
"MTC CHENNAI","Kilambakkam Depot",J1051,864650054208290,&PEIS,N,CAN,LP,IPC_MTC_v1.23_c,16:15:02,02/06/2025,0.00,N/A,"2025-06-02 16:15:05"
