DeviceID,"Vehicle No",Agency,Depot,"Firmware Version",Network,Protocol,"Region Id",Status
869756048131707,K0684,MTC,"Central Depot",IPC_AL_v0.3,30,Prime_edge_obu,"MTC CHENNAI","Delay Communicating"
869756048096405,J1631,MTC,"Kalaignar Nagar Depot",IPC_MTC_v1.23_c,30,Prime_edge_obu,"MTC CHENNAI","Delay Communicating"
869756048087206,K0714,MTC,"Adyar Depot",IPC_MTC_V1.24_TT,31,Prime_edge_obu,"MTC CHENNAI","Delay Communicating"
869756046267511,J0514,MTC,"Thiyagaraya Nagar Depot",IPC_MTC_v1.23_c,30,Prime_edge_obu,"MTC CHENNAI","Delay Communicating"
869756046109119,J0454,MTC,"Mandaveli Depot",IPC_MTC_v1.23_c,30,Prime_edge_obu,"MTC CHENNAI","Delay Communicating"
869756046026768,J2082,MTC,"Thiruvanmiyur Depot",IPC_MTC_v1.23_c,29,Prime_edge_obu,"MTC CHENNAI","Delay Communicating"
868922056297647,J1998,MTC,"Tondiarpet-1 Depot",IPC_MTC_v1.23_c,27,Prime_edge_obu,"MTC CHENNAI","Delay Communicating"
868922053154106,J1637,MTC,"Chromepet-1 Depot",IPC_MTC_v1.23_c,26,Prime_edge_obu,"MTC CHENNAI","Delay Communicating"
868922053141905,J1458,MTC,"Central Depot",IPC_MTC_v1.23_c,26,Prime_edge_obu,"MTC CHENNAI","Delay Communicating"
,,,,IPC_MTC_v1.23_c,28,,,"Delay Communicating"
868922053073488,J1423,MTC,"Saidapet Depot",IPC_MTC_v1.23_c,31,Prime_edge_obu,"MTC CHENNAI","Delay Communicating"
868922051476261,I2924,MTC,"Iyyappanthangal Depot",IPC_MTC_v1.23_c,31,Prime_edge_obu,"MTC CHENNAI","Delay Communicating"
868922051476113,I1639,MTC,"Ambathur Depot",IPC_MTC_v1.23_c,30,Prime_edge_obu,"MTC CHENNAI","Delay Communicating"
868922051462675,J0815,MTC,"Thiruvottriyur Depot",IPC_MTC_v1.23_c,26,Prime_edge_obu,"MTC CHENNAI","Delay Communicating"
868922051459580,J0630,MTC,"Chromepet-1 Depot",IPC_MTC_v1.23_c,28,Prime_edge_obu,"MTC CHENNAI","Delay Communicating"
868922051421929,K0080,MTC,"Tambaram Depot",IPC_MTC_v1.23_c,26,Prime_edge_obu,"MTC CHENNAI","Delay Communicating"
868922051388920,J0761,MTC,"Chromepet-1 Depot",IPC_MTC_v1.23_c,26,Prime_edge_obu,"MTC CHENNAI","Delay Communicating"
868922051374755,J0131,MTC,"Ennore Depot",IPC_MTC_v1.23_c,31,Prime_edge_obu,"MTC CHENNAI","Delay Communicating"
868922051347470,S0008,MTC,"Thiruvanmiyur Depot",IPC_MTC_v1.23_c,31,Prime_edge_obu,"MTC CHENNAI","Delay Communicating"
868794068176386,K0668,MTC,"Central Depot",IPC_MTC_V1.24_TT,31,Prime_edge_obu,"MTC CHENNAI","Delay Communicating"
868794063088420,K0301,MTC,"Chromepet-1 Depot",IPC_MTC_v1.23_c,31,Prime_edge_obu,"MTC CHENNAI","Delay Communicating"
868794061326228,K0429,MTC,"Tambaram Depot",IPC_MTC_V1.24_TT,29,Prime_edge_obu,"MTC CHENNAI","Delay Communicating"
868794061326038,J0112,MTC,"Ennore Depot",IPC_MTC_v1.23_c,31,Prime_edge_obu,"MTC CHENNAI","Delay Communicating"
868794061314075,K0143,MTC,"Central Depot",IPC_MTC_V1.24_TT,23,Prime_edge_obu,"MTC CHENNAI","Delay Communicating"
868794061288444,K0550,MTC,"Alandur Depot",IPC_MTC_V1.24_TT,31,Prime_edge_obu,"MTC CHENNAI","Delay Communicating"
868794061285457,K0248,MTC,"Iyyappanthangal Depot",IPC_MTC_v1.23_c,31,Prime_edge_obu,"MTC CHENNAI","Delay Communicating"
868794061154265,J0661,MTC,"Chromepet-1 Depot",IPC_MTC_v1.23_c,23,Prime_edge_obu,"MTC CHENNAI","Delay Communicating"
868794061130067,I2962,MTC,"Ennore Depot",IPC_MTC_v1.23_c,20,Prime_edge_obu,"MTC CHENNAI","Delay Communicating"
868794061060439,J1797,MTC,"Chromepet-1 Depot",IPC_MTC_v1.23_c,31,Prime_edge_obu,"MTC CHENNAI","Delay Communicating"
868704046750574,J1555,MTC,"Vadapalani Depot",IPC_MTC_v1.23_c,31,Prime_edge_obu,"MTC CHENNAI","Delay Communicating"
868704046737449,J0756,MTC,"Kalaignar Nagar Depot",IPC_MTC_v1.23_c,24,Prime_edge_obu,"MTC CHENNAI","Delay Communicating"
868704043920634,J1284,MTC,"Vadapalani Depot",IPC_MTC_v1.23_c,31,Prime_edge_obu,"MTC CHENNAI","Delay Communicating"
868704043919925,J1546,MTC,"Tondiarpet-2 Depot",IPC_MTC_v1.23_c,31,Prime_edge_obu,"MTC CHENNAI","Delay Communicating"
868704043919743,J1877,MTC,"Tondiarpet-1 Depot",IPC_MTC_v1.23_c,31,Prime_edge_obu,"MTC CHENNAI","Delay Communicating"
868704043917069,J1066,MTC,"Iyyappanthangal Depot",IPC_MTC_v1.23_c,31,Prime_edge_obu,"MTC CHENNAI","Delay Communicating"
868704043917069,J1066,MTC,"Iyyappanthangal Depot",IPC_MTC_v1.23_c,31,Prime_edge_obu,"MTC CHENNAI","Delay Communicating"
868704043202744,J1386,MTC,"Tondiarpet-1 Depot",IPC_MTC_v1.23_c,22,Prime_edge_obu,"MTC CHENNAI","Delay Communicating"
868704043196706,J1480,MTC,"Vadapalani Depot",IPC_MTC_v1.23_c,28,Prime_edge_obu,"MTC CHENNAI","Delay Communicating"
868704043187192,J1498,MTC,"Adyar Depot",IPC_MTC_v1.23_c,28,Prime_edge_obu,"MTC CHENNAI","Delay Communicating"
868704041314947,J1434,MTC,"Vadapalani Depot",IPC_MTC_v1.23_c,29,Prime_edge_obu,"MTC CHENNAI","Delay Communicating"
868704041305606,J0531,MTC,"Mandaveli Depot",IPC_MTC_v1.23_c,31,Prime_edge_obu,"MTC CHENNAI","Delay Communicating"
868704041304898,J1620,MTC,"Kalaignar Nagar Depot",IPC_MTC_v1.23_c,30,Prime_edge_obu,"MTC CHENNAI","Delay Communicating"
868704041303494,J1325,MTC,"Vadapalani Depot",IPC_MTC_v1.23_c,27,Prime_edge_obu,"MTC CHENNAI","Delay Communicating"
868704041303163,J1304,MTC,"Perambur Depot",IPC_MTC_v1.23_c,26,Prime_edge_obu,"MTC CHENNAI","Delay Communicating"
868704041297902,J1225,MTC,"Kundrathur Depot",IPC_MTC_v1.23_c,29,Prime_edge_obu,"MTC CHENNAI","Delay Communicating"
868704041288737,J2096,MTC,"Thiruvottriyur Depot",IPC_MTC_v1.23_c,23,Prime_edge_obu,"MTC CHENNAI","Delay Communicating"
868704041218627,J1373,MTC,"Poonamallee Depot",IPC_MTC_v1.23_c,31,Prime_edge_obu,"MTC CHENNAI","Delay Communicating"
868704041055524,J1514,MTC,"Central Depot",IPC_MTC_v1.23_c,31,Prime_edge_obu,"MTC CHENNAI","Delay Communicating"
868704041052034,J1690,MTC,"Alandur Depot",IPC_MTC_v1.23_c,31,Prime_edge_obu,"MTC CHENNAI","Delay Communicating"
868704041051937,J1574,MTC,"Madahvaram Depot",IPC_MTC_v1.23_c,22,Prime_edge_obu,"MTC CHENNAI","Delay Communicating"
868704041022078,J1558,MTC,"Adyar Depot",IPC_MTC_v1.23_c,30,Prime_edge_obu,"MTC CHENNAI","Delay Communicating"
868704040990135,J1475,MTC,"Basinbridge Depot",IPC_MTC_v1.23_c,27,Prime_edge_obu,"MTC CHENNAI","Delay Communicating"
868274062634201,I1089,MTC,"Basinbridge Depot",IPC_MTC_v1.23_c,31,Prime_edge_obu,"MTC CHENNAI","Delay Communicating"
868274062606621,K0638,MTC,"Tambaram Depot",IPC_MTC_V1.24_TT,27,Prime_edge_obu,"MTC CHENNAI","Delay Communicating"
868142049821375,J0457,MTC,"Thiyagaraya Nagar Depot",IPC_MTC_v1.23_c,31,Prime_edge_obu,"MTC CHENNAI","Delay Communicating"
868142049740062,K0614,MTC,"Ambathur Depot",IPC_MTC_V1.24_TT,31,Prime_edge_obu,"MTC CHENNAI","Delay Communicating"
868142049719827,I2042,MTC,"Iyyappanthangal Depot",IPC_MTC_v1.23_c,29,Prime_edge_obu,"MTC CHENNAI","Delay Communicating"
,,,,IPC_MTC_v1.23_c,30,,,"Delay Communicating"
868142049644462,J1477,MTC,"Kilambakkam Depot",IPC_MTC_v1.23_c,25,Prime_edge_obu,"MTC CHENNAI","Delay Communicating"
868142049642094,J2101,MTC,"Thiruvottriyur Depot",IPC_MTC_v1.23_c,27,Prime_edge_obu,"MTC CHENNAI","Delay Communicating"
868142049638613,J0290,MTC,"Alandur Depot",IPC_MTC_v1.23_c,31,Prime_edge_obu,"MTC CHENNAI","Delay Communicating"
868142049632178,K0092,MTC,"Ayanavaram Depot",IPC_MTC_v1.23_c,13,Prime_edge_obu,"MTC CHENNAI","Delay Communicating"
868142049631865,J0771,MTC,"Saidapet Depot",IPC_MTC_v1.23_c,28,Prime_edge_obu,"MTC CHENNAI","Delay Communicating"
868142049620694,J1074,MTC,"Thiruvanmiyur Depot",IPC_MTC_v1.23_c,31,Prime_edge_obu,"MTC CHENNAI","Delay Communicating"
868142049581029,J0470,MTC,"Kalaignar Nagar Depot",IPC_MTC_v1.23_c,26,Prime_edge_obu,"MTC CHENNAI","Delay Communicating"
868142047211546,I1672,MTC,"Perumbakkam Depot",IPC_MTC_v1.23_c,31,Prime_edge_obu,"MTC CHENNAI","Delay Communicating"
867732035548502,J1552,MTC,"Tondiarpet-2 Depot",IPC_MTC_v1.23_c,26,Prime_edge_obu,"MTC CHENNAI","Delay Communicating"
867732033627126,J1342,MTC,"Chromepet-1 Depot",IPC_MTC_v1.23_c,27,Prime_edge_obu,"MTC CHENNAI","Delay Communicating"
867732033588609,J1890,MTC,"Tondiarpet-1 Depot",IPC_MTC_v1.23_c,26,Prime_edge_obu,"MTC CHENNAI","Delay Communicating"
867732033553868,J1627,MTC,"Mandaveli Depot",IPC_MTC_v1.23_c,31,Prime_edge_obu,"MTC CHENNAI","Delay Communicating"
,,,,IPC_MTC_v1.23_c,26,,,"Delay Communicating"
867732033063637,J1955,MTC,"Chromepet-1 Depot",IPC_MTC_v1.23_c,31,Prime_edge_obu,"MTC CHENNAI","Delay Communicating"
867732033013772,J1973,MTC,"Chromepet-1 Depot",IPC_MTC_v1.23_c,31,Prime_edge_obu,"MTC CHENNAI","Delay Communicating"
867732033006453,J1093,MTC,"Thiruvanmiyur Depot",IPC_MTC_v1.23_c,28,Prime_edge_obu,"MTC CHENNAI","Delay Communicating"
,,,,IPC_MTC_v1.23_c,25,,,"Delay Communicating"
867698045781278,I1669,MTC,"Central Depot",IPC_MTC_v1.23_c,31,Prime_edge_obu,"MTC CHENNAI","Delay Communicating"
867698045744011,J0021,MTC,"Ambathur Depot",IPC_MTC_v1.23_c,31,Prime_edge_obu,"MTC CHENNAI","Delay Communicating"
867698045730721,J1195,MTC,"Chromepet-1 Depot",IPC_MTC_v1.23_c,27,Prime_edge_obu,"MTC CHENNAI","Delay Communicating"
867698045712570,J0357,MTC,"Kalaignar Nagar Depot",IPC_MTC_v1.23_c,23,Prime_edge_obu,"MTC CHENNAI","Delay Communicating"
867605051092409,J0961,MTC,"Padiyanallur Depot",IPC_MTC_v1.23_c,30,Prime_edge_obu,"MTC CHENNAI","Delay Communicating"
867605051035978,J0886,MTC,"Annanagar Depot",IPC_MTC_v1.23_c,19,Prime_edge_obu,"MTC CHENNAI","Delay Communicating"
867605051021093,J1945,MTC,"Avadi Depot",IPC_MTC_v1.23_c,26,Prime_edge_obu,"MTC CHENNAI","Delay Communicating"
867605050972007,K0711,MTC,"Central Depot",IPC_MTC_V1.24_TT,31,Prime_edge_obu,"MTC CHENNAI","Delay Communicating"
867605050970662,J1580,MTC,"Avadi Depot",IPC_MTC_v1.23_c,31,Prime_edge_obu,"MTC CHENNAI","Delay Communicating"
867605050942737,J1708,MTC,"Thiyagaraya Nagar Depot",IPC_MTC_v1.23_c,31,Prime_edge_obu,"MTC CHENNAI","Delay Communicating"
867605050940111,J0224,MTC,"Perambur Depot",IPC_MTC_v1.23_c,29,Prime_edge_obu,"MTC CHENNAI","Delay Communicating"
867394042501907,J1688,MTC,"Kalaignar Nagar Depot",IPC_MTC_v1.23_c,23,Prime_edge_obu,"MTC CHENNAI","Delay Communicating"
867394042487883,K0195,MTC,"Ambathur Depot",IPC_MTC_V1.24_TT,31,Prime_edge_obu,"MTC CHENNAI","Delay Communicating"
867383059139719,J0788,MTC,"Madahvaram Depot",IPC_MTC_v1.23_c,29,Prime_edge_obu,"MTC CHENNAI","Delay Communicating"
867383059127722,J0319,MTC,"Vadapalani Depot",IPC_MTC_v1.23_c,25,Prime_edge_obu,"MTC CHENNAI","Delay Communicating"
,,,,IPC_MTC_v1.23_c,31,,,"Delay Communicating"
867383059037152,J0881,MTC,"Annanagar Depot",IPC_MTC_v1.23_c,31,Prime_edge_obu,"MTC CHENNAI","Delay Communicating"
,,,,IPC_MTC_v1.23_c,28,,,"Delay Communicating"
867383059009821,J1784,MTC,"Saidapet Depot",IPC_MTC_v1.23_c,31,Prime_edge_obu,"MTC CHENNAI","Delay Communicating"
867383057235097,K0557,MTC,"Poonamallee Depot",IPC_MTC_V1.24_TT,31,Prime_edge_obu,"MTC CHENNAI","Delay Communicating"
867383057225361,J1049,MTC,"Central Depot",IPC_MTC_v1.23_c,28,Prime_edge_obu,"MTC CHENNAI","Delay Communicating"
867383057219216,K0447,MTC,"Tondiarpet-2 Depot",IPC_MTC_V1.24_TT,30,Prime_edge_obu,"MTC CHENNAI","Delay Communicating"
867383057161517,J1339,MTC,"Kundrathur Depot",IPC_MTC_v1.23_c,31,Prime_edge_obu,"MTC CHENNAI","Delay Communicating"
,,,,IPC_MTC_v1.23_c,31,,,"Delay Communicating"
867383057156962,J1520,MTC,"Perambur Depot",IPC_MTC_v1.23_c,30,Prime_edge_obu,"MTC CHENNAI","Delay Communicating"
867383057156673,J0135,MTC,"Avadi Depot",IPC_MTC_v1.23_c,31,Prime_edge_obu,"MTC CHENNAI","Delay Communicating"
867383057145700,J0310,MTC,"Chromepet-1 Depot",IPC_MTC_v1.23_c,25,Prime_edge_obu,"MTC CHENNAI","Delay Communicating"
867383057141881,J0420,MTC,"Alandur Depot",IPC_MTC_v1.23_c,30,Prime_edge_obu,"MTC CHENNAI","Delay Communicating"
867383057141543,J1926,MTC,"Avadi Depot",IPC_MTC_v1.23_c,19,Prime_edge_obu,"MTC CHENNAI","Delay Communicating"
867383057135313,J0156,MTC,"Padiyanallur Depot",IPC_MTC_v1.23_c,31,Prime_edge_obu,"MTC CHENNAI","Delay Communicating"
867383057135024,K0250,MTC,"Padiyanallur Depot",IPC_MTC_v1.23_c,31,Prime_edge_obu,"MTC CHENNAI","Delay Communicating"
,,,,IPC_MTC_v1.23_c,26,,,"Delay Communicating"
867383050933771,S0006,MTC,"Annanagar Depot",IPC_MTC_v1.23_c,31,Prime_edge_obu,"MTC CHENNAI","Delay Communicating"
867383050877168,J1273,MTC,"Adyar Depot",IPC_MTC_v1.23_c,29,Prime_edge_obu,"MTC CHENNAI","Delay Communicating"
,,,,IPC_MTC_v1.23_c,31,,,"Delay Communicating"
867184039938331,J1526,MTC,"Tambaram Depot",IPC_MTC_v1.23_c,28,Prime_edge_obu,"MTC CHENNAI","Delay Communicating"
867184039937150,J0986,MTC,"Poonamallee Depot",IPC_MTC_v1.23_c,31,Prime_edge_obu,"MTC CHENNAI","Delay Communicating"
867184039917160,J1234,MTC,"Ayanavaram Depot",IPC_MTC_v1.23_c,31,Prime_edge_obu,"MTC CHENNAI","Delay Communicating"
867184039795970,J1078,MTC,"Thiruvanmiyur Depot",IPC_MTC_v1.23_c,31,Prime_edge_obu,"MTC CHENNAI","Delay Communicating"
,,,,IPC_MTC_V1.24_TT,25,,,"Delay Communicating"
867160040738480,K0452,MTC,"Tondiarpet-2 Depot",IPC_MTC_V1.24_TT,31,Prime_edge_obu,"MTC CHENNAI","Delay Communicating"
867160040669826,J0031,MTC,"Perambur Depot",IPC_MTC_v1.23_c,31,Prime_edge_obu,"MTC CHENNAI","Delay Communicating"
867160040625240,K0506,MTC,"Madahvaram Depot",IPC_MTC_V1.24_TT,27,Prime_edge_obu,"MTC CHENNAI","Delay Communicating"
867032059237557,K0732,MTC,"Saidapet Depot",IPC_MTC_V1.24_TT,16,Prime_edge_obu,"MTC CHENNAI","Delay Communicating"
867032059237102,K0430,MTC,"Tambaram Depot",IPC_MTC_V1.24_TT,27,Prime_edge_obu,"MTC CHENNAI","Delay Communicating"
867032059237045,K0398,MTC,"Central Depot",IPC_MTC_V1.24_TT,31,Prime_edge_obu,"MTC CHENNAI","Delay Communicating"
867032059226931,J0901,MTC,"Chromepet-1 Depot",IPC_MTC_v1.23_c,23,Prime_edge_obu,"MTC CHENNAI","Delay Communicating"
867032059226881,I1152,MTC,"Saidapet Depot",IPC_MTC_v1.23_c,31,Prime_edge_obu,"MTC CHENNAI","Delay Communicating"
867032059226519,K0751,MTC,"Poonamallee Depot",IPC_MTC_V1.24_TT,31,Prime_edge_obu,"MTC CHENNAI","Delay Communicating"
867032059225560,K0426,MTC,"Tambaram Depot",IPC_MTC_V1.24_TT,29,Prime_edge_obu,"MTC CHENNAI","Delay Communicating"
867032059183348,K0154,MTC,"Tambaram Depot",IPC_MTC_V1.24_TT,27,Prime_edge_obu,"MTC CHENNAI","Delay Communicating"
867032059174024,K0016,MTC,"Tambaram Depot",IPC_MTC_v1.23_c,14,Prime_edge_obu,"MTC CHENNAI","Delay Communicating"
867032059163720,K0018,MTC,"Tambaram Depot",IPC_MTC_v1.23_c,30,Prime_edge_obu,"MTC CHENNAI","Delay Communicating"
867032059151782,K0757,MTC,"Thiyagaraya Nagar Depot",IPC_MTC_V1.24_TT,31,Prime_edge_obu,"MTC CHENNAI","Delay Communicating"
867032059121850,K0302,MTC,"Annanagar Depot",IPC_MTC_v1.23_c,31,Prime_edge_obu,"MTC CHENNAI","Delay Communicating"
867032059108857,I2947,MTC,"Tondiarpet-1 Depot",IPC_MTC_v1.23_c,31,Prime_edge_obu,"MTC CHENNAI","Delay Communicating"
867032059059019,I1942,MTC,"Thiruvottriyur Depot",IPC_MTC_v1.23_c,24,Prime_edge_obu,"MTC CHENNAI","Delay Communicating"
867032059058326,I2055,MTC,"Madahvaram Depot",IPC_MTC_v1.23_c,31,Prime_edge_obu,"MTC CHENNAI","Delay Communicating"
867032059030366,J0874,MTC,"Perambur Depot",IPC_MTC_v1.23_c,31,Prime_edge_obu,"MTC CHENNAI","Delay Communicating"
867032059003207,J1300,MTC,"Iyyappanthangal Depot",IPC_MTC_v1.23_c,31,Prime_edge_obu,"MTC CHENNAI","Delay Communicating"
867032058995767,K0017,MTC,"Tambaram Depot",IPC_MTC_v1.23_c,30,Prime_edge_obu,"MTC CHENNAI","Delay Communicating"
867032058975959,J0147,MTC,"Tondiarpet-1 Depot",IPC_MTC_v1.23_c,30,Prime_edge_obu,"MTC CHENNAI","Delay Communicating"
867032058975223,J0657,MTC,"Kalaignar Nagar Depot",IPC_MTC_v1.23_c,28,Prime_edge_obu,"MTC CHENNAI","Delay Communicating"
867032058974986,J0201,MTC,"Saidapet Depot",IPC_MTC_v1.23_c,23,Prime_edge_obu,"MTC CHENNAI","Delay Communicating"
867032058974903,J1060,MTC,"Annanagar Depot",IPC_MTC_v1.23_c,27,Prime_edge_obu,"MTC CHENNAI","Delay Communicating"
867032058973533,J0644,MTC,"Annanagar Depot",IPC_MTC_v1.23_c,22,Prime_edge_obu,"MTC CHENNAI","Delay Communicating"
867032053933524,J0497,MTC,"Poonamallee Depot",IPC_MTC_v1.23_c,31,Prime_edge_obu,"MTC CHENNAI","Delay Communicating"
867032053931288,J0634,MTC,"Kalaignar Nagar Depot",IPC_MTC_v1.23_c,31,Prime_edge_obu,"MTC CHENNAI","Delay Communicating"
867032053929514,J0325,MTC,"Alandur Depot",IPC_MTC_v1.23_c,31,Prime_edge_obu,"MTC CHENNAI","Delay Communicating"
867032053928938,J0836,MTC,"Adyar Depot",IPC_MTC_v1.23_c,30,Prime_edge_obu,"MTC CHENNAI","Delay Communicating"
867032053920562,I1644,MTC,"Thiruvanmiyur Depot",IPC_MTC_v1.23_c,31,Prime_edge_obu,"MTC CHENNAI","Delay Communicating"
867032053909417,J0641,MTC,"Chromepet-1 Depot",IPC_MTC_v1.23_c,30,Prime_edge_obu,"MTC CHENNAI","Delay Communicating"
867032053901224,J0774,MTC,"Chromepet-1 Depot",IPC_MTC_v1.23_c,31,Prime_edge_obu,"MTC CHENNAI","Delay Communicating"
867032053901182,I1400,MTC,"Basinbridge Depot",IPC_MTC_v1.23_c,31,Prime_edge_obu,"MTC CHENNAI","Delay Communicating"
867032053900796,J1503,MTC,"Madahvaram Depot",IPC_MTC_v1.23_c,31,Prime_edge_obu,"MTC CHENNAI","Delay Communicating"
867032053893678,K0608,MTC,"Perambur Depot",IPC_MTC_V1.24_TT,31,Prime_edge_obu,"MTC CHENNAI","Delay Communicating"
867032053892100,J0540,MTC,"Thiyagaraya Nagar Depot",IPC_MTC_v1.23_c,31,Prime_edge_obu,"MTC CHENNAI","Delay Communicating"
867032053890401,J1691,MTC,"Alandur Depot",IPC_MTC_v1.23_c,31,Prime_edge_obu,"MTC CHENNAI","Delay Communicating"
867032053884099,J0445,MTC,"Alandur Depot",IPC_MTC_v1.23_c,31,Prime_edge_obu,"MTC CHENNAI","Delay Communicating"
867032053859026,J0785,MTC,"Madahvaram Depot",IPC_MTC_v1.23_c,24,Prime_edge_obu,"MTC CHENNAI","Delay Communicating"
867032053804360,I3366,MTC,"Ambathur Depot",IPC_MTC_v1.23_c,31,Prime_edge_obu,"MTC CHENNAI","Delay Communicating"
867032053802869,J1429,MTC,"Tambaram Depot",IPC_MTC_v1.23_c,26,Prime_edge_obu,"MTC CHENNAI","Delay Communicating"
867032053801812,J1967,MTC,"Iyyappanthangal Depot",IPC_MTC_v1.23_c,31,Prime_edge_obu,"MTC CHENNAI","Delay Communicating"
867032053800632,J1040,MTC,"Annanagar Depot",IPC_MTC_v1.23_c,31,Prime_edge_obu,"MTC CHENNAI","Delay Communicating"
867032053800558,J0565,MTC,"Poonamallee Depot",IPC_MTC_v1.23_c,31,Prime_edge_obu,"MTC CHENNAI","Delay Communicating"
867032053800202,J0447,MTC,"Kalaignar Nagar Depot",IPC_MTC_v1.23_c,26,Prime_edge_obu,"MTC CHENNAI","Delay Communicating"
867032053799925,K0013,MTC,"Kilambakkam Depot",IPC_MTC_v1.23_c,31,Prime_edge_obu,"MTC CHENNAI","Delay Communicating"
867032053799818,J0002,MTC,"Tambaram Depot",IPC_MTC_v1.23_c,28,Prime_edge_obu,"MTC CHENNAI","Delay Communicating"
867032053798190,J1421,MTC,"Chromepet-1 Depot",IPC_MTC_v1.23_c,31,Prime_edge_obu,"MTC CHENNAI","Delay Communicating"
867032053797994,J0440,MTC,"Alandur Depot",IPC_MTC_v1.23_c,31,Prime_edge_obu,"MTC CHENNAI","Delay Communicating"
867032053797259,J1640,MTC,"Saidapet Depot",IPC_MTC_v1.23_c,12,Prime_edge_obu,"MTC CHENNAI","Delay Communicating"
867032053796970,J0058,MTC,"Central Depot",IPC_MTC_v1.23_c,25,Prime_edge_obu,"MTC CHENNAI","Delay Communicating"
867032053796749,I3348,MTC,"Vadapalani Depot",IPC_MTC_v1.23_c,30,Prime_edge_obu,"MTC CHENNAI","Delay Communicating"
867032053796491,J0424,MTC,"Kalaignar Nagar Depot",IPC_MTC_v1.23_c,21,Prime_edge_obu,"MTC CHENNAI","Delay Communicating"
867032053795956,I3387,MTC,"Perambur Depot",IPC_MTC_v1.23_c,31,Prime_edge_obu,"MTC CHENNAI","Delay Communicating"
,,,,IPC_MTC_V1.24_TT,28,,,"Delay Communicating"
,,,,IPC_MTC_v1.23_c,27,,,"Delay Communicating"
867032053795006,K0064,MTC,"Saidapet Depot",IPC_MTC_v1.23_c,31,Prime_edge_obu,"MTC CHENNAI","Delay Communicating"
867032053793555,J0801,MTC,"Poonamallee Depot",IPC_MTC_v1.23_c,21,Prime_edge_obu,"MTC CHENNAI","Delay Communicating"
867032053786484,K0542,MTC,"Alandur Depot",IPC_MTC_V1.24_TT,31,Prime_edge_obu,"MTC CHENNAI","Delay Communicating"
867032053786278,J0304,MTC,"Tambaram Depot",IPC_MTC_v1.23_c,26,Prime_edge_obu,"MTC CHENNAI","Delay Communicating"
867032053785270,I2911,MTC,"Madahvaram Depot",IPC_MTC_v1.23_c,24,Prime_edge_obu,"MTC CHENNAI","Delay Communicating"
867032053783341,J0579,MTC,"Poonamallee Depot",IPC_MTC_v1.23_c,31,Prime_edge_obu,"MTC CHENNAI","Delay Communicating"
867032053771858,J0045,MTC,"Vadapalani Depot",IPC_MTC_v1.23_c,28,Prime_edge_obu,"MTC CHENNAI","Delay Communicating"
867032053768755,J1089,MTC,"Avadi Depot",IPC_MTC_v1.23_c,31,Prime_edge_obu,"MTC CHENNAI","Delay Communicating"
867032053768110,J0734,MTC,"Alandur Depot",IPC_MTC_v1.23_c,31,Prime_edge_obu,"MTC CHENNAI","Delay Communicating"
867032053762337,J1942,MTC,"Chromepet-1 Depot",IPC_MTC_v1.23_c,31,Prime_edge_obu,"MTC CHENNAI","Delay Communicating"
867032053759101,K0295,MTC,"Tambaram Depot",IPC_MTC_v1.23_c,31,Prime_edge_obu,"MTC CHENNAI","Delay Communicating"
867032053758988,J1757,MTC,"Perumbakkam Depot",IPC_MTC_v1.23_c,0,Prime_edge_obu,"MTC CHENNAI","Delay Communicating"
867032053758483,J0575,MTC,"Alandur Depot",IPC_MTC_v1.23_c,22,Prime_edge_obu,"MTC CHENNAI","Delay Communicating"
867032053753997,K0282,MTC,"Annanagar Depot",IPC_MTC_v1.23_c,31,Prime_edge_obu,"MTC CHENNAI","Delay Communicating"
867032053753377,J0745,MTC,"Poonamallee Depot",IPC_MTC_v1.23_c,25,Prime_edge_obu,"MTC CHENNAI","Delay Communicating"
,,,,IPC_MTC_v1.23_c,31,,,"Delay Communicating"
,,,,IPC_MTC_v1.23_c,31,,,"Delay Communicating"
867032053750324,J0716,MTC,"Kalaignar Nagar Depot",IPC_MTC_v1.23_c,24,Prime_edge_obu,"MTC CHENNAI","Delay Communicating"
867032053749342,I3349,MTC,"Vadapalani Depot",IPC_MTC_v1.23_c,31,Prime_edge_obu,"MTC CHENNAI","Delay Communicating"
867032053748922,J0673,MTC,"Annanagar Depot",IPC_MTC_v1.23_c,22,Prime_edge_obu,"MTC CHENNAI","Delay Communicating"
867032053748849,J1905,MTC,"Kundrathur Depot",IPC_MTC_v1.23_c,26,Prime_edge_obu,"MTC CHENNAI","Delay Communicating"
867032053748781,J1177,MTC,"Avadi Depot",IPC_MTC_v1.23_c,31,Prime_edge_obu,"MTC CHENNAI","Delay Communicating"
867032053748781,J1177,MTC,"Avadi Depot",IPC_MTC_v1.23_c,31,Prime_edge_obu,"MTC CHENNAI","Delay Communicating"
867032053748781,J1177,MTC,"Avadi Depot",IPC_MTC_v1.23_c,31,Prime_edge_obu,"MTC CHENNAI","Delay Communicating"
867032053748781,J1177,MTC,"Avadi Depot",IPC_MTC_v1.23_c,31,Prime_edge_obu,"MTC CHENNAI","Delay Communicating"
867032053748476,J0356,MTC,"Alandur Depot",IPC_MTC_v1.23_c,30,Prime_edge_obu,"MTC CHENNAI","Delay Communicating"
867032053748385,J0809,MTC,"Chromepet-1 Depot",IPC_MTC_v1.23_c,31,Prime_edge_obu,"MTC CHENNAI","Delay Communicating"
867032053748021,J0140,MTC,"Annanagar Depot",IPC_MTC_v1.23_c,31,Prime_edge_obu,"MTC CHENNAI","Delay Communicating"
867032053746827,J0194,MTC,"Tondiarpet-1 Depot",IPC_MTC_v1.23_c,31,Prime_edge_obu,"MTC CHENNAI","Delay Communicating"
867032053746694,I3342,MTC,"Thiruvanmiyur Depot",IPC_MTC_v1.23_c,23,Prime_edge_obu,"MTC CHENNAI","Delay Communicating"
867032053744871,I3335,MTC,"Vadapalani Depot",IPC_MTC_v1.23_c,25,Prime_edge_obu,"MTC CHENNAI","Delay Communicating"
867032053744392,J0250,MTC,"Chromepet-1 Depot",IPC_MTC_v1.23_c,27,Prime_edge_obu,"MTC CHENNAI","Delay Communicating"
867032053744038,J1056,MTC,"Padiyanallur Depot",IPC_MTC_v1.23_c,28,Prime_edge_obu,"MTC CHENNAI","Delay Communicating"
867032053743923,I2959,MTC,"Adambakkam Depot",IPC_MTC_v1.23_c,31,Prime_edge_obu,"MTC CHENNAI","Delay Communicating"
867032053743857,J0852,MTC,"Tondiarpet-1 Depot",IPC_MTC_v1.23_c,31,Prime_edge_obu,"MTC CHENNAI","Delay Communicating"
867032053743022,I2923,MTC,"Tambaram Depot",IPC_MTC_v1.23_c,31,Prime_edge_obu,"MTC CHENNAI","Delay Communicating"
867032053742552,J0727,MTC,"Poonamallee Depot",IPC_MTC_v1.23_c,31,Prime_edge_obu,"MTC CHENNAI","Delay Communicating"
867032053740663,K0504,MTC,"Madahvaram Depot",IPC_MTC_V1.24_TT,30,Prime_edge_obu,"MTC CHENNAI","Delay Communicating"
867032053740648,J0834,MTC,"Adyar Depot",IPC_MTC_v1.23_c,23,Prime_edge_obu,"MTC CHENNAI","Delay Communicating"
867032053739780,J0190,MTC,"Perumbakkam Depot",IPC_MTC_v1.23_c,29,Prime_edge_obu,"MTC CHENNAI","Delay Communicating"
867032053738980,I3312,MTC,"Thiruvanmiyur Depot",IPC_MTC_v1.23_c,28,Prime_edge_obu,"MTC CHENNAI","Delay Communicating"
867032053737677,J0628,MTC,"Chromepet-2 Depot",IPC_MTC_v1.23_c,29,Prime_edge_obu,"MTC CHENNAI","Delay Communicating"
867032053735986,K0101,MTC,"Chromepet-1 Depot",IPC_MTC_v1.23_c,30,Prime_edge_obu,"MTC CHENNAI","Delay Communicating"
867032053734369,J0765,MTC,"Iyyappanthangal Depot",IPC_MTC_v1.23_c,31,Prime_edge_obu,"MTC CHENNAI","Delay Communicating"
867032053733650,J0875,MTC,"Vadapalani Depot",IPC_MTC_v1.23_c,31,Prime_edge_obu,"MTC CHENNAI","Delay Communicating"
867032053733312,I3344,MTC,"Kannagi Nagar Depot",IPC_MTC_v1.23_c,30,Prime_edge_obu,"MTC CHENNAI","Delay Communicating"
867032053732140,J0581,MTC,"Poonamallee Depot",IPC_MTC_v1.23_c,31,Prime_edge_obu,"MTC CHENNAI","Delay Communicating"
,,,,IPC_MTC_v1.23_c,31,,,"Delay Communicating"
867032053729971,J0348,MTC,"Iyyappanthangal Depot",IPC_MTC_v1.23_c,27,Prime_edge_obu,"MTC CHENNAI","Delay Communicating"
867032053728155,J0542,MTC,"Thiyagaraya Nagar Depot",IPC_MTC_v1.23_c,29,Prime_edge_obu,"MTC CHENNAI","Delay Communicating"
,,,,IPC_MTC_v1.23_c,27,,,"Delay Communicating"
867032053727645,I1145,MTC,"Tambaram Depot",IPC_MTC_v1.23_c,29,Prime_edge_obu,"MTC CHENNAI","Delay Communicating"
867032053725235,J0012,MTC,"Tondiarpet-1 Depot",IPC_MTC_v1.23_c,31,Prime_edge_obu,"MTC CHENNAI","Delay Communicating"
867032053725185,K0264,MTC,"Tambaram Depot",IPC_MTC_v1.23_c,29,Prime_edge_obu,"MTC CHENNAI","Delay Communicating"
867032053724246,J1293,MTC,"Kundrathur Depot",IPC_MTC_v1.23_c,27,Prime_edge_obu,"MTC CHENNAI","Delay Communicating"
867032053722414,J0600,MTC,"Ambathur Depot",IPC_MTC_v1.23_c,31,Prime_edge_obu,"MTC CHENNAI","Delay Communicating"
867032053721887,K0319,MTC,"Kannagi Nagar Depot",IPC_MTC_v1.23_c,29,Prime_edge_obu,"MTC CHENNAI","Delay Communicating"
867032053721796,J0091,MTC,"Avadi Depot",IPC_MTC_v1.23_c,27,Prime_edge_obu,"MTC CHENNAI","Delay Communicating"
867032053721200,J0770,MTC,"Saidapet Depot",IPC_MTC_v1.23_c,31,Prime_edge_obu,"MTC CHENNAI","Delay Communicating"
867032053717521,J0726,MTC,"Poonamallee Depot",IPC_MTC_v1.23_c,29,Prime_edge_obu,"MTC CHENNAI","Delay Communicating"
867032053714502,J0405,MTC,"Thiyagaraya Nagar Depot",IPC_MTC_v1.23_c,31,Prime_edge_obu,"MTC CHENNAI","Delay Communicating"
867032053713702,I1938,MTC,"Central Depot",IPC_MTC_v1.23_c,31,Prime_edge_obu,"MTC CHENNAI","Delay Communicating"
867032053692237,J0826,MTC,"Padiyanallur Depot",IPC_MTC_v1.23_c,28,Prime_edge_obu,"MTC CHENNAI","Delay Communicating"
867032053659079,J1551,MTC,"Saidapet Depot",IPC_MTC_v1.23_c,31,Prime_edge_obu,"MTC CHENNAI","Delay Communicating"
866758049597392,J1626,MTC,"Mandaveli Depot",IPC_MTC_v1.23_c,30,Prime_edge_obu,"MTC CHENNAI","Delay Communicating"
866758049584382,J1276,MTC,"Perumbakkam Depot",IPC_MTC_v1.23_c,31,Prime_edge_obu,"MTC CHENNAI","Delay Communicating"
866758049583269,J1669,MTC,"Thiruvanmiyur Depot",IPC_MTC_v1.23_c,29,Prime_edge_obu,"MTC CHENNAI","Delay Communicating"
866758049564954,J1139,MTC,"Chromepet-2 Depot",IPC_MTC_v1.23_c,26,Prime_edge_obu,"MTC CHENNAI","Delay Communicating"
866758049560754,J0453,MTC,"Mandaveli Depot",IPC_MTC_v1.23_c,23,Prime_edge_obu,"MTC CHENNAI","Delay Communicating"
866758049560184,J1786,MTC,"Kalaignar Nagar Depot",IPC_MTC_v1.23_c,13,Prime_edge_obu,"MTC CHENNAI","Delay Communicating"
,,,,IPC_MTC_v1.23_c,31,,,"Delay Communicating"
866758049223700,J0368,MTC,"Mandaveli Depot",IPC_MTC_v1.23_c,31,Prime_edge_obu,"MTC CHENNAI","Delay Communicating"
866758049221530,J2108,MTC,"Iyyappanthangal Depot",IPC_MTC_v1.23_c,31,Prime_edge_obu,"MTC CHENNAI","Delay Communicating"
866758049215300,J1020,MTC,"Thiruvottriyur Depot",IPC_MTC_v1.23_c,24,Prime_edge_obu,"MTC CHENNAI","Delay Communicating"
866758049212711,J1804,MTC,"Madahvaram Depot",IPC_MTC_v1.23_c,31,Prime_edge_obu,"MTC CHENNAI","Delay Communicating"
,,,,IPC_MTC_v1.23_c,31,,,"Delay Communicating"
866758049209634,J1889,MTC,"Tondiarpet-1 Depot",IPC_MTC_v1.23_c,31,Prime_edge_obu,"MTC CHENNAI","Delay Communicating"
866758049208578,J1321,MTC,"Thiruvanmiyur Depot",IPC_MTC_v1.23_c,28,Prime_edge_obu,"MTC CHENNAI","Delay Communicating"
866758049208248,J1986,MTC,"Kilambakkam Depot",IPC_MTC_v1.23_c,30,Prime_edge_obu,"MTC CHENNAI","Delay Communicating"
866758049176080,J1302,MTC,"Chromepet-2 Depot",IPC_MTC_v1.23_c,28,Prime_edge_obu,"MTC CHENNAI","Delay Communicating"
866758048844746,J1036,MTC,"Perumbakkam Depot",IPC_MTC_v1.23_c,22,Prime_edge_obu,"MTC CHENNAI","Delay Communicating"
866758048801852,J0376,MTC,"Mandaveli Depot",IPC_MTC_v1.23_c,31,Prime_edge_obu,"MTC CHENNAI","Delay Communicating"
866758048742825,J0370,MTC,"Mandaveli Depot",IPC_MTC_v1.23_c,31,Prime_edge_obu,"MTC CHENNAI","Delay Communicating"
866758048725622,J0921,MTC,"Saidapet Depot",IPC_MTC_v1.23_c,31,Prime_edge_obu,"MTC CHENNAI","Delay Communicating"
866758047989633,J1461,MTC,"Thiruvottriyur Depot",IPC_MTC_v1.23_c,25,Prime_edge_obu,"MTC CHENNAI","Delay Communicating"
866758047913005,J1704,MTC,"Kalaignar Nagar Depot",IPC_MTC_v1.23_c,31,Prime_edge_obu,"MTC CHENNAI","Delay Communicating"
,,,,IPC_MTC_v1.23_c,31,,,"Delay Communicating"
866758047874546,J1518,MTC,"Chromepet-1 Depot",IPC_MTC_v1.23_c,31,Prime_edge_obu,"MTC CHENNAI","Delay Communicating"
866758047815499,J1615,MTC,"Kalaignar Nagar Depot",IPC_MTC_v1.23_c,24,Prime_edge_obu,"MTC CHENNAI","Delay Communicating"
866758046208647,J1610,MTC,"Alandur Depot",IPC_MTC_v1.23_c,31,Prime_edge_obu,"MTC CHENNAI","Delay Communicating"
866758045745516,J1249,MTC,"Avadi Depot",IPC_MTC_v1.23_c,30,Prime_edge_obu,"MTC CHENNAI","Delay Communicating"
866758041758828,J0452,MTC,"Mandaveli Depot",IPC_MTC_v1.23_c,25,Prime_edge_obu,"MTC CHENNAI","Delay Communicating"
,,,,IPC_MTC_v1.23_c,29,,,"Delay Communicating"
866758041733243,J0380,MTC,"Mandaveli Depot",IPC_MTC_v1.23_c,24,Prime_edge_obu,"MTC CHENNAI","Delay Communicating"
866041043607636,J1943,MTC,"Thiruvanmiyur Depot",IPC_MTC_v1.23_c,29,Prime_edge_obu,"MTC CHENNAI","Delay Communicating"
866041043607255,J1970,MTC,"Iyyappanthangal Depot",IPC_MTC_v1.23_c,31,Prime_edge_obu,"MTC CHENNAI","Delay Communicating"
866041043604492,J1703,MTC,"Mandaveli Depot",IPC_MTC_v1.23,24,Prime_edge_obu,"MTC CHENNAI","Delay Communicating"
866041043583852,I1659,MTC,"Perumbakkam Depot",IPC_MTC_v1.23_c,30,Prime_edge_obu,"MTC CHENNAI","Delay Communicating"
866041043557054,I3380,MTC,"Ambathur Depot",IPC_MTC_v1.23_c,31,Prime_edge_obu,"MTC CHENNAI","Delay Communicating"
866041043553095,J0032,MTC,"Perambur Depot",IPC_MTC_v1.23_c,31,Prime_edge_obu,"MTC CHENNAI","Delay Communicating"
866041043552014,K0305,MTC,"Thiruvanmiyur Depot",IPC_MTC_v1.23_c,31,Prime_edge_obu,"MTC CHENNAI","Delay Communicating"
866041042268315,J0128,MTC,"Ambathur Depot",IPC_MTC_v1.23_c,31,Prime_edge_obu,"MTC CHENNAI","Delay Communicating"
866041042256955,J1952,MTC,"Ayanavaram Depot",IPC_MTC_v1.23_c,30,Prime_edge_obu,"MTC CHENNAI","Delay Communicating"
,,,,IPC_MTC_v1.23_c,31,,,"Delay Communicating"
866041042225117,K0349,MTC,"Perambur Depot",IPC_MTC_V1.24_TT,31,Prime_edge_obu,"MTC CHENNAI","Delay Communicating"
866041042206695,I3316,MTC,"Vadapalani Depot",IPC_MTC_v1.23_c,31,Prime_edge_obu,"MTC CHENNAI","Delay Communicating"
866041042204211,I2955,MTC,"Vadapalani Depot",IPC_MTC_v1.23_c,28,Prime_edge_obu,"MTC CHENNAI","Delay Communicating"
866041042200078,I3315,MTC,"Vadapalani Depot",IPC_MTC_v1.23_c,29,Prime_edge_obu,"MTC CHENNAI","Delay Communicating"
866041042198991,I2998,MTC,"Saidapet Depot",IPC_MTC_v1.23_c,31,Prime_edge_obu,"MTC CHENNAI","Delay Communicating"
866041042198926,I1368,MTC,"Iyyappanthangal Depot",IPC_MTC_v1.23_c,21,Prime_edge_obu,"MTC CHENNAI","Delay Communicating"
866041042153079,J2064,MTC,"Adyar Depot",IPC_MTC_v1.23_c,31,Prime_edge_obu,"MTC CHENNAI","Delay Communicating"
866041042150091,J0877,MTC,"Perambur Depot",IPC_MTC_v1.23_c,24,Prime_edge_obu,"MTC CHENNAI","Delay Communicating"
866041042139342,K0299,MTC,"Annanagar Depot",IPC_MTC_v1.23_c,31,Prime_edge_obu,"MTC CHENNAI","Delay Communicating"
,,,,IPC_MTC_V1.24_TT,31,,,"Delay Communicating"
,,,,IPC_MTC_v1.23_c,31,,,"Delay Communicating"
,,,,IPC_MTC_v1.23_c,31,,,"Delay Communicating"
866041041971224,J0490,MTC,"Poonamallee Depot",IPC_MTC_v1.23_c,31,Prime_edge_obu,"MTC CHENNAI","Delay Communicating"
866041041969012,J1795,MTC,"Madahvaram Depot",IPC_MTC_v1.23_c,25,Prime_edge_obu,"MTC CHENNAI","Delay Communicating"
866041041917953,J0299,MTC,"Thiruvottriyur Depot",IPC_MTC_v1.23_c,31,Prime_edge_obu,"MTC CHENNAI","Delay Communicating"
866041041774073,J0179,MTC,"Iyyappanthangal Depot",IPC_MTC_v1.23_c,30,Prime_edge_obu,"MTC CHENNAI","Delay Communicating"
865860042142951,J1876,MTC,"Tondiarpet-1 Depot",IPC_MTC_v1.23_c,31,Prime_edge_obu,"MTC CHENNAI","Delay Communicating"
865860042117235,J1417,MTC,"Central Depot",IPC_MTC_v1.23_c,28,Prime_edge_obu,"MTC CHENNAI","Delay Communicating"
865860042085150,J1675,MTC,"Ayanavaram Depot",IPC_MTC_v1.23_c,31,Prime_edge_obu,"MTC CHENNAI","Delay Communicating"
865860042083130,K0774,MTC,"Thiyagaraya Nagar Depot",IPC_MTC_V1.24_TT,28,Prime_edge_obu,"MTC CHENNAI","Delay Communicating"
865860042076761,K0383,MTC,"Adyar Depot",IPC_MTC_V1.24_TT,31,Prime_edge_obu,"MTC CHENNAI","Delay Communicating"
865860042072356,J1921,MTC,"Madahvaram Depot",IPC_MTC_v1.23_c,30,Prime_edge_obu,"MTC CHENNAI","Delay Communicating"
865860042026261,I2053,MTC,"Annanagar Depot",IPC_MTC_v1.23_c,31,Prime_edge_obu,"MTC CHENNAI","Delay Communicating"
865860041792939,J1083,MTC,"Basinbridge Depot",IPC_MTC_v1.23_c,28,Prime_edge_obu,"MTC CHENNAI","Delay Communicating"
865860041786360,J1113,MTC,"Iyyappanthangal Depot",IPC_MTC_v1.23_c,31,Prime_edge_obu,"MTC CHENNAI","Delay Communicating"
865860041784563,J1711,MTC,"Kalaignar Nagar Depot",IPC_MTC_v1.23_c,31,Prime_edge_obu,"MTC CHENNAI","Delay Communicating"
865860041784258,J1364,MTC,"Perambur Depot",IPC_MTC_v1.23_c,30,Prime_edge_obu,"MTC CHENNAI","Delay Communicating"
865860041784209,J1104,MTC,"Madahvaram Depot",IPC_MTC_v1.23_c,28,Prime_edge_obu,"MTC CHENNAI","Delay Communicating"
865860041779043,J0880,MTC,"Annanagar Depot",IPC_MTC_v1.23_c,27,Prime_edge_obu,"MTC CHENNAI","Delay Communicating"
865860041773293,J1851,MTC,"Iyyappanthangal Depot",IPC_MTC_v1.23_c,31,Prime_edge_obu,"MTC CHENNAI","Delay Communicating"
865860041769226,J0217,MTC,"Annanagar Depot",IPC_MTC_v1.23_c,31,Prime_edge_obu,"MTC CHENNAI","Delay Communicating"
865860041765679,J1936,MTC,"Thiruvanmiyur Depot",IPC_MTC_v1.23_c,27,Prime_edge_obu,"MTC CHENNAI","Delay Communicating"
865860041759029,J0658,MTC,"Kalaignar Nagar Depot",IPC_MTC_v1.23_c,31,Prime_edge_obu,"MTC CHENNAI","Delay Communicating"
865860041758310,K0538,MTC,"Kilambakkam Depot",IPC_MTC_V1.24_TT,31,Prime_edge_obu,"MTC CHENNAI","Delay Communicating"
865860041750580,J1191,MTC,"Chromepet-1 Depot",IPC_MTC_v1.23_c,25,Prime_edge_obu,"MTC CHENNAI","Delay Communicating"
865860041743635,K0220,MTC,"Annanagar Depot",IPC_MTC_V1.24_TT,23,Prime_edge_obu,"MTC CHENNAI","Delay Communicating"
865860041738585,J1009,MTC,"Annanagar Depot",IPC_MTC_v1.23_c,15,Prime_edge_obu,"MTC CHENNAI","Delay Communicating"
865860041725228,K0740,MTC,"Vadapalani Depot",IPC_MTC_V1.24_TT,31,Prime_edge_obu,"MTC CHENNAI","Delay Communicating"
865860041718280,J0251,MTC,"Alandur Depot",IPC_MTC_v1.23_c,31,Prime_edge_obu,"MTC CHENNAI","Delay Communicating"
865860041705113,J0336,MTC,"Adambakkam Depot",IPC_MTC_v1.23_c,31,Prime_edge_obu,"MTC CHENNAI","Delay Communicating"
865860041705089,J1189,MTC,"Kannagi Nagar Depot",IPC_MTC_v1.23_c,31,Prime_edge_obu,"MTC CHENNAI","Delay Communicating"
865860041704710,J1831,MTC,"Ayanavaram Depot",IPC_MTC_v1.23_c,24,Prime_edge_obu,"MTC CHENNAI","Delay Communicating"
865860041704637,J1245,MTC,"Iyyappanthangal Depot",IPC_MTC_v1.23_c,27,Prime_edge_obu,"MTC CHENNAI","Delay Communicating"
865860041682056,J1807,MTC,"Avadi Depot",IPC_MTC_v1.23_c,31,Prime_edge_obu,"MTC CHENNAI","Delay Communicating"
865860041660169,J1712,MTC,"Thiyagaraya Nagar Depot",IPC_MTC_v1.23_c,23,Prime_edge_obu,"MTC CHENNAI","Delay Communicating"
865546047148644,J1466,MTC,"Chromepet-2 Depot",IPC_MTC_v1.23_c,27,Prime_edge_obu,"MTC CHENNAI","Delay Communicating"
865546042811345,K0313,MTC,"Madahvaram Depot",IPC_MTC_v1.23_c,31,Prime_edge_obu,"MTC CHENNAI","Delay Communicating"
,,,,IPC_MTC_v1.23_c,31,,,"Delay Communicating"
865501043955526,J2027,MTC,"Chromepet-1 Depot",IPC_MTC_v1.23_c,29,Prime_edge_obu,"MTC CHENNAI","Delay Communicating"
865501043954230,J0967,MTC,"Central Depot",IPC_MTC_v1.23_c,28,Prime_edge_obu,"MTC CHENNAI","Delay Communicating"
865501043933440,J1084,MTC,"Iyyappanthangal Depot",IPC_MTC_v1.23_c,31,Prime_edge_obu,"MTC CHENNAI","Delay Communicating"
865501043914465,J1509,MTC,"Padiyanallur Depot",IPC_MTC_v1.23_c,31,Prime_edge_obu,"MTC CHENNAI","Delay Communicating"
865501043894931,J0365,MTC,"Alandur Depot",IPC_MTC_v1.23_c,27,Prime_edge_obu,"MTC CHENNAI","Delay Communicating"
865501043890434,J0340,MTC,"Mandaveli Depot",IPC_MTC_v1.23_c,31,Prime_edge_obu,"MTC CHENNAI","Delay Communicating"
865501043878934,J1235,MTC,"Tambaram Depot",IPC_MTC_v1.23_c,31,Prime_edge_obu,"MTC CHENNAI","Delay Communicating"
865501043873992,J1022,MTC,"Central Depot",IPC_MTC_v1.23_c,31,Prime_edge_obu,"MTC CHENNAI","Delay Communicating"
865501043852533,J1042,MTC,"Madahvaram Depot",IPC_MTC_v1.23_c,29,Prime_edge_obu,"MTC CHENNAI","Delay Communicating"
865501043851089,J0892,MTC,"Avadi Depot",IPC_MTC_v1.23_c,29,Prime_edge_obu,"MTC CHENNAI","Delay Communicating"
,,,,IPC_MTC_v1.23_c,31,,,"Delay Communicating"
865501043849463,K0241,MTC,"Thiruvanmiyur Depot",IPC_MTC_v1.23_c,31,Prime_edge_obu,"MTC CHENNAI","Delay Communicating"
865501043848978,J1575,MTC,"Madahvaram Depot",IPC_MTC_v1.23_c,28,Prime_edge_obu,"MTC CHENNAI","Delay Communicating"
865501043843003,J1272,MTC,"Adyar Depot",IPC_MTC_v1.23_c,27,Prime_edge_obu,"MTC CHENNAI","Delay Communicating"
865501043835801,J1791,MTC,"Kalaignar Nagar Depot",IPC_MTC_v1.23_c,31,Prime_edge_obu,"MTC CHENNAI","Delay Communicating"
865501043835744,J1974,MTC,"Madahvaram Depot",IPC_MTC_v1.23_c,29,Prime_edge_obu,"MTC CHENNAI","Delay Communicating"
865501042110172,J1566,MTC,"Chromepet-1 Depot",IPC_MTC_v1.23_c,31,Prime_edge_obu,"MTC CHENNAI","Delay Communicating"
865396053494700,J1825,MTC,"Kundrathur Depot",IPC_MTC_v1.23_c,31,Prime_edge_obu,"MTC CHENNAI","Delay Communicating"
864977047876010,I2035,MTC,"Basinbridge Depot",IPC_MTC_v1.23_c,26,Prime_edge_obu,"MTC CHENNAI","Delay Communicating"
864977047873827,J1134,MTC,"Padiyanallur Depot",IPC_MTC_v1.23_c,31,Prime_edge_obu,"MTC CHENNAI","Delay Communicating"
864977047873694,K0314,MTC,"Madahvaram Depot",IPC_MTC_v1.23_c,31,Prime_edge_obu,"MTC CHENNAI","Delay Communicating"
864977047866292,J1642,MTC,"Thiruvottriyur Depot",IPC_MTC_v1.23_c,31,Prime_edge_obu,"MTC CHENNAI","Delay Communicating"
864977047864669,K0125,MTC,"Chromepet-1 Depot",IPC_MTC_v1.23_c,31,Prime_edge_obu,"MTC CHENNAI","Delay Communicating"
864977047820745,J0738,MTC,"Poonamallee Depot",IPC_MTC_v1.23_c,31,Prime_edge_obu,"MTC CHENNAI","Delay Communicating"
864977047806611,J2014,MTC,"Padiyanallur Depot",IPC_MTC_v1.23_c,31,Prime_edge_obu,"MTC CHENNAI","Delay Communicating"
864977047804954,J1282,MTC,"Iyyappanthangal Depot",IPC_MTC_v1.23_c,26,Prime_edge_obu,"MTC CHENNAI","Delay Communicating"
864977043778459,J0505,MTC,"Poonamallee Depot",IPC_MTC_v1.23_c,31,Prime_edge_obu,"MTC CHENNAI","Delay Communicating"
864977043775141,J1639,MTC,"Perambur Depot",IPC_MTC_v1.23_c,31,Prime_edge_obu,"MTC CHENNAI","Delay Communicating"
864977043766959,K0746,MTC,"Poonamallee Depot",IPC_MTC_V1.24_TT,31,Prime_edge_obu,"MTC CHENNAI","Delay Communicating"
864977043766173,J1290,MTC,"Chromepet-1 Depot",IPC_MTC_v1.23_c,31,Prime_edge_obu,"MTC CHENNAI","Delay Communicating"
864977043756497,J1655,MTC,"Avadi Depot",IPC_MTC_v1.23_c,31,Prime_edge_obu,"MTC CHENNAI","Delay Communicating"
864977043750987,J0279,MTC,"Kalaignar Nagar Depot",IPC_MTC_v1.23_c,31,Prime_edge_obu,"MTC CHENNAI","Delay Communicating"
864977043738222,J0172,MTC,"Saidapet Depot",IPC_MTC_v1.23_c,31,Prime_edge_obu,"MTC CHENNAI","Delay Communicating"
,,,,IPC_MTC_V1.24_TT,13,,,"Delay Communicating"
864977043725476,I1907,MTC,"Central Depot",IPC_MTC_v1.23_c,27,Prime_edge_obu,"MTC CHENNAI","Delay Communicating"
864977043714660,I1971,MTC,"Saidapet Depot",IPC_MTC_v1.23_c,26,Prime_edge_obu,"MTC CHENNAI","Delay Communicating"
864977043714348,I1029,MTC,"Thiruvanmiyur Depot",IPC_MTC_v1.23_c,30,Prime_edge_obu,"MTC CHENNAI","Delay Communicating"
864977043714090,J1011,MTC,"Ambathur Depot",IPC_MTC_v1.23_c,31,Prime_edge_obu,"MTC CHENNAI","Delay Communicating"
864977043706070,K0144,MTC,"Adyar Depot",IPC_MTC_V1.24_TT,23,Prime_edge_obu,"MTC CHENNAI","Delay Communicating"
864977043704539,J0546,MTC,"Thiyagaraya Nagar Depot",IPC_MTC_v1.23_c,28,Prime_edge_obu,"MTC CHENNAI","Delay Communicating"
,,,,IPC_MTC_v1.23_c,28,,,"Delay Communicating"
864977043679608,I2915,MTC,"Thiruvottriyur Depot",IPC_MTC_v1.23_c,26,Prime_edge_obu,"MTC CHENNAI","Delay Communicating"
864977043674401,J0818,MTC,"Thiruvottriyur Depot",IPC_MTC_v1.23_c,31,Prime_edge_obu,"MTC CHENNAI","Delay Communicating"
864977043662315,I3363,MTC,"Vadapalani Depot",IPC_MTC_v1.23_c,31,Prime_edge_obu,"MTC CHENNAI","Delay Communicating"
864977043647373,J0202,MTC,"Adambakkam Depot",IPC_MTC_v1.23_c,17,Prime_edge_obu,"MTC CHENNAI","Delay Communicating"
864977043641020,J0211,MTC,"Perambur Depot",IPC_MTC_v1.23_c,31,Prime_edge_obu,"MTC CHENNAI","Delay Communicating"
864819052140231,J1810,MTC,"Madahvaram Depot",IPC_MTC_v1.23_c,31,Prime_edge_obu,"MTC CHENNAI","Delay Communicating"
864650059679347,J0703,MTC,"Avadi Depot",IPC_MTC_v1.23_c,31,Prime_edge_obu,"MTC CHENNAI","Delay Communicating"
864650059676129,J0555,MTC,"Alandur Depot",IPC_MTC_v1.23_c,31,Prime_edge_obu,"MTC CHENNAI","Delay Communicating"
864650059675790,I1096,MTC,"Adyar Depot",IPC_MTC_v1.23_c,26,Prime_edge_obu,"MTC CHENNAI","Delay Communicating"
864650059664687,K0545,MTC,"Alandur Depot",IPC_MTC_V1.24_TT,31,Prime_edge_obu,"MTC CHENNAI","Delay Communicating"
864650059662962,K0114,MTC,"Chromepet-1 Depot",IPC_MTC_v1.23_c,31,Prime_edge_obu,"MTC CHENNAI","Delay Communicating"
864650059662061,K0028,MTC,"Ayanavaram Depot",IPC_MTC_v1.23_c,31,Prime_edge_obu,"MTC CHENNAI","Delay Communicating"
864650059661170,J0309,MTC,"Madahvaram Depot",IPC_MTC_v1.23_c,22,Prime_edge_obu,"MTC CHENNAI","Delay Communicating"
864650059659265,J0763,MTC,"Chromepet-1 Depot",IPC_MTC_v1.23_c,24,Prime_edge_obu,"MTC CHENNAI","Delay Communicating"
864650059650132,K0246,MTC,"Iyyappanthangal Depot",IPC_MTC_v1.23_c,31,Prime_edge_obu,"MTC CHENNAI","Delay Communicating"
864650059649449,J1572,MTC,"Padiyanallur Depot",IPC_MTC_v1.23_c,31,Prime_edge_obu,"MTC CHENNAI","Delay Communicating"
864650059645330,J0466,MTC,"Kalaignar Nagar Depot",IPC_MTC_v1.23_c,26,Prime_edge_obu,"MTC CHENNAI","Delay Communicating"
864650059645322,J1752,MTC,"Annanagar Depot",IPC_MTC_v1.23_c,25,Prime_edge_obu,"MTC CHENNAI","Delay Communicating"
864650059644184,J1470,MTC,"Kilambakkam Depot",IPC_MTC_v1.23_c,26,Prime_edge_obu,"MTC CHENNAI","Delay Communicating"
864650059642360,K0525,MTC,"Madahvaram Depot",IPC_MTC_V1.24_TT,30,Prime_edge_obu,"MTC CHENNAI","Delay Communicating"
864650059638764,I3339,MTC,"Perambur Depot",IPC_MTC_v1.23_c,27,Prime_edge_obu,"MTC CHENNAI","Delay Communicating"
864650059638459,K0097,MTC,"Adyar Depot",IPC_MTC_v1.23_c,31,Prime_edge_obu,"MTC CHENNAI","Delay Communicating"
864650059638301,I3395,MTC,"Tondiarpet-1 Depot",IPC_MTC_v1.23_c,26,Prime_edge_obu,"MTC CHENNAI","Delay Communicating"
864650059633328,J0249,MTC,"Thiruvanmiyur Depot",IPC_MTC_v1.23_c,31,Prime_edge_obu,"MTC CHENNAI","Delay Communicating"
864650059631629,I2963,MTC,"Annanagar Depot",IPC_MTC_v1.23_c,31,Prime_edge_obu,"MTC CHENNAI","Delay Communicating"
864650059626116,I2908,MTC,"Tondiarpet-1 Depot",IPC_MTC_v1.23_c,29,Prime_edge_obu,"MTC CHENNAI","Delay Communicating"
864650059624384,J0017,MTC,"Tondiarpet-1 Depot",IPC_MTC_v1.23_c,27,Prime_edge_obu,"MTC CHENNAI","Delay Communicating"
864650059620275,K0490,MTC,"Alandur Depot",IPC_MTC_V1.24_TT,31,Prime_edge_obu,"MTC CHENNAI","Delay Communicating"
864650059616992,J0479,MTC,"Kalaignar Nagar Depot",IPC_MTC_v1.23_c,24,Prime_edge_obu,"MTC CHENNAI","Delay Communicating"
864650059615390,I2909,MTC,"Tondiarpet-1 Depot",IPC_MTC_v1.23_c,31,Prime_edge_obu,"MTC CHENNAI","Delay Communicating"
864650059614831,J1745,MTC,"Annanagar Depot",IPC_MTC_v1.23_c,30,Prime_edge_obu,"MTC CHENNAI","Delay Communicating"
864650059614435,J0642,MTC,"Vadapalani Depot",IPC_MTC_v1.23_c,31,Prime_edge_obu,"MTC CHENNAI","Delay Communicating"
864650059613643,J1621,MTC,"Kalaignar Nagar Depot",IPC_MTC_v1.23_c,30,Prime_edge_obu,"MTC CHENNAI","Delay Communicating"
864650059613627,J0664,MTC,"Tambaram Depot",IPC_MTC_v1.23_c,26,Prime_edge_obu,"MTC CHENNAI","Delay Communicating"
864650059611464,I2953,MTC,"Adyar Depot",IPC_MTC_v1.23_c,29,Prime_edge_obu,"MTC CHENNAI","Delay Communicating"
,,,,IPC_MTC_v1.23,31,,,"Delay Communicating"
,,,,IPC_MTC_v1.23_c,31,,,"Delay Communicating"
864650059594066,I1279,MTC,"Adyar Depot",IPC_MTC_v1.23_c,30,Prime_edge_obu,"MTC CHENNAI","Delay Communicating"
864650059592656,J1738,MTC,"Kilambakkam Depot",IPC_MTC_v1.23_c,26,Prime_edge_obu,"MTC CHENNAI","Delay Communicating"
864650059592441,J1311,MTC,"Kilambakkam Depot",IPC_MTC_v1.23_c,26,Prime_edge_obu,"MTC CHENNAI","Delay Communicating"
864650059592417,J1801,MTC,"Avadi Depot",IPC_MTC_v1.23_c,27,Prime_edge_obu,"MTC CHENNAI","Delay Communicating"
864650059590643,J1167,MTC,"Avadi Depot",IPC_MTC_v1.23_c,31,Prime_edge_obu,"MTC CHENNAI","Delay Communicating"
864650059583333,I3352,MTC,"Ambathur Depot",IPC_MTC_v1.23_c,15,Prime_edge_obu,"MTC CHENNAI","Delay Communicating"
864650059582913,J1384,MTC,"Saidapet Depot",IPC_MTC_v1.23_c,31,Prime_edge_obu,"MTC CHENNAI","Delay Communicating"
864650059578754,K0333,MTC,"Ambathur Depot",IPC_MTC_v1.23_c,31,Prime_edge_obu,"MTC CHENNAI","Delay Communicating"
864650059578747,I2993,MTC,"Annanagar Depot",IPC_MTC_v1.23_c,27,Prime_edge_obu,"MTC CHENNAI","Delay Communicating"
864650059578689,K0061,MTC,"Saidapet Depot",IPC_MTC_v1.23_c,31,Prime_edge_obu,"MTC CHENNAI","Delay Communicating"
864650059578200,J0300,MTC,"Alandur Depot",IPC_MTC_v1.23_c,31,Prime_edge_obu,"MTC CHENNAI","Delay Communicating"
864650059577848,J1440,MTC,"Annanagar Depot",IPC_MTC_v1.23_c,29,Prime_edge_obu,"MTC CHENNAI","Delay Communicating"
864650059573300,K0434,MTC,"Annanagar Depot",IPC_AL_v0.3,25,Prime_edge_obu,"MTC CHENNAI","Delay Communicating"
864650059572534,J0426,MTC,"Alandur Depot",IPC_MTC_v1.23_c,30,Prime_edge_obu,"MTC CHENNAI","Delay Communicating"
864650059569001,K0771,MTC,"Thiyagaraya Nagar Depot",IPC_MTC_V1.24_TT,31,Prime_edge_obu,"MTC CHENNAI","Delay Communicating"
864650059566304,J0813,MTC,"Perambur Depot",IPC_MTC_v1.23_c,31,Prime_edge_obu,"MTC CHENNAI","Delay Communicating"
864650059566270,J0446,MTC,"Alandur Depot",IPC_MTC_v1.23_c,25,Prime_edge_obu,"MTC CHENNAI","Delay Communicating"
864650059565454,J0612,MTC,"Ambathur Depot",IPC_MTC_v1.23_c,31,Prime_edge_obu,"MTC CHENNAI","Delay Communicating"
864650059564614,J0429,MTC,"Alandur Depot",IPC_MTC_v1.23,29,Prime_edge_obu,"MTC CHENNAI","Delay Communicating"
,,,,IPC_MTC_v1.23_c,31,,,"Delay Communicating"
864650059557733,K0038,MTC,"Avadi Depot",IPC_MTC_v1.23_c,24,Prime_edge_obu,"MTC CHENNAI","Delay Communicating"
864650059552825,I1091,MTC,"Adyar Depot",IPC_MTC_v1.23_c,31,Prime_edge_obu,"MTC CHENNAI","Delay Communicating"
864650059540358,J0556,MTC,"Alandur Depot",IPC_MTC_v1.23_c,31,Prime_edge_obu,"MTC CHENNAI","Delay Communicating"
864650059539459,J0286,MTC,"Vadapalani Depot",IPC_MTC_v1.23_c,30,Prime_edge_obu,"MTC CHENNAI","Delay Communicating"
864650059539194,J0648,MTC,"Vadapalani Depot",IPC_MTC_v1.23_c,26,Prime_edge_obu,"MTC CHENNAI","Delay Communicating"
864650059538378,I2906,MTC,"Tambaram Depot",IPC_MTC_v1.23_c,28,Prime_edge_obu,"MTC CHENNAI","Delay Communicating"
864650059508942,I3362,MTC,"Vadapalani Depot",IPC_MTC_v1.23_c,28,Prime_edge_obu,"MTC CHENNAI","Delay Communicating"
864650059385978,K0306,MTC,"Tambaram Depot",IPC_MTC_v1.23_c,28,Prime_edge_obu,"MTC CHENNAI","Delay Communicating"
864650056386169,J0781,MTC,"Annanagar Depot",IPC_MTC_v1.23_c,31,Prime_edge_obu,"MTC CHENNAI","Delay Communicating"
864650056384321,J1983,MTC,"Tondiarpet-1 Depot",IPC_MTC_v1.23_c,31,Prime_edge_obu,"MTC CHENNAI","Delay Communicating"
864650056300475,J0244,MTC,"Perambur Depot",IPC_MTC_v1.23_c,31,Prime_edge_obu,"MTC CHENNAI","Delay Communicating"
864650056297325,K0524,MTC,"Madahvaram Depot",IPC_MTC_V1.24_TT,19,Prime_edge_obu,"MTC CHENNAI","Delay Communicating"
864650056285478,J0762,MTC,"Avadi Depot",IPC_MTC_v1.23_c,31,Prime_edge_obu,"MTC CHENNAI","Delay Communicating"
864650056281758,J0398,MTC,"Adambakkam Depot",IPC_MTC_v1.23_c,31,Prime_edge_obu,"MTC CHENNAI","Delay Communicating"
864650056267757,J1788,MTC,"Adambakkam Depot",IPC_MTC_v1.23_c,31,Prime_edge_obu,"MTC CHENNAI","Delay Communicating"
864650056266023,J0200,MTC,"Tondiarpet-2 Depot",IPC_MTC_v1.23_c,31,Prime_edge_obu,"MTC CHENNAI","Delay Communicating"
,,,,IPC_MTC_v1.23_c,30,,,"Delay Communicating"
864650056239830,J1504,MTC,"Vadapalani Depot",IPC_MTC_v1.23_c,31,Prime_edge_obu,"MTC CHENNAI","Delay Communicating"
864650056205377,K0300,MTC,"Thiruvanmiyur Depot",IPC_MTC_v1.23_c,31,Prime_edge_obu,"MTC CHENNAI","Delay Communicating"
864650056199927,J2112,MTC,"Vadapalani Depot",IPC_MTC_v1.23_c,24,Prime_edge_obu,"MTC CHENNAI","Delay Communicating"
864650056195917,J0285,MTC,"Madahvaram Depot",IPC_MTC_v1.23_c,26,Prime_edge_obu,"MTC CHENNAI","Delay Communicating"
864650056191841,J1725,MTC,"Annanagar Depot",IPC_MTC_v1.23_c,31,Prime_edge_obu,"MTC CHENNAI","Delay Communicating"
864650056191213,K0208,MTC,"Tambaram Depot",IPC_MTC_V1.24_TT,31,Prime_edge_obu,"MTC CHENNAI","Delay Communicating"
864650056190900,J0682,MTC,"Ambathur Depot",IPC_MTC_v1.23_c,31,Prime_edge_obu,"MTC CHENNAI","Delay Communicating"
864650056179101,J0731,MTC,"Alandur Depot",IPC_MTC_v1.23_s,31,Prime_edge_obu,"MTC CHENNAI","Delay Communicating"
864650056179093,J1412,MTC,"Annanagar Depot",IPC_MTC_v1.23_c,31,Prime_edge_obu,"MTC CHENNAI","Delay Communicating"
864650056168492,J0305,MTC,"Tambaram Depot",IPC_MTC_v1.23_c,31,Prime_edge_obu,"MTC CHENNAI","Delay Communicating"
864650056167205,J0492,MTC,"Poonamallee Depot",IPC_MTC_v1.23_c,28,Prime_edge_obu,"MTC CHENNAI","Delay Communicating"
864650056135293,I2946,MTC,"Basinbridge Depot",IPC_MTC_v1.23_c,29,Prime_edge_obu,"MTC CHENNAI","Delay Communicating"
864650056135285,J0016,MTC,"Tondiarpet-1 Depot",IPC_MTC_v1.23_c,27,Prime_edge_obu,"MTC CHENNAI","Delay Communicating"
864650056135160,I2944,MTC,"Madahvaram Depot",IPC_MTC_v1.23_c,29,Prime_edge_obu,"MTC CHENNAI","Delay Communicating"
864650056135145,J0159,MTC,"Annanagar Depot",IPC_MTC_v1.23_c,28,Prime_edge_obu,"MTC CHENNAI","Delay Communicating"
864650056132746,K0009,MTC,"Thiruvanmiyur Depot",IPC_MTC_v1.23_c,31,Prime_edge_obu,"MTC CHENNAI","Delay Communicating"
864650056132316,J0792,MTC,"Thiruvanmiyur Depot",IPC_MTC_v1.23_c,28,Prime_edge_obu,"MTC CHENNAI","Delay Communicating"
864650056132191,I2057,MTC,"Tondiarpet-1 Depot",IPC_MTC_v1.23_c,31,Prime_edge_obu,"MTC CHENNAI","Delay Communicating"
864650056132092,I2907,MTC,"Vadapalani Depot",IPC_MTC_v1.23_c,28,Prime_edge_obu,"MTC CHENNAI","Delay Communicating"
,,,,IPC_MTC_V1.24_TT,22,,,"Delay Communicating"
864650056131946,I1627,MTC,"Vadapalani Depot",IPC_MTC_v1.23_c,26,Prime_edge_obu,"MTC CHENNAI","Delay Communicating"
864650056121996,J1398,MTC,"Kundrathur Depot",IPC_MTC_v1.23_c,25,Prime_edge_obu,"MTC CHENNAI","Delay Communicating"
864650056121905,J1237,MTC,"Iyyappanthangal Depot",IPC_MTC_v1.23_c,31,Prime_edge_obu,"MTC CHENNAI","Delay Communicating"
864650056121855,I3393,MTC,"Perambur Depot",IPC_MTC_v1.23_c,29,Prime_edge_obu,"MTC CHENNAI","Delay Communicating"
864650054264392,J1448,MTC,"Saidapet Depot",IPC_MTC_v1.23_c,31,Prime_edge_obu,"MTC CHENNAI","Delay Communicating"
864650054208290,J1051,MTC,"Kilambakkam Depot",IPC_MTC_v1.23_c,31,Prime_edge_obu,"MTC CHENNAI","Delay Communicating"
864513046511900,J1437,MTC,"Thiruvottriyur Depot",IPC_MTC_v1.23_c,29,Prime_edge_obu,"MTC CHENNAI","Delay Communicating"
864513046456882,J2054,MTC,"Ayanavaram Depot",IPC_MTC_v1.23_c,29,Prime_edge_obu,"MTC CHENNAI","Delay Communicating"
864513046412794,K0238,MTC,"Avadi Depot",IPC_MTC_v1.23_c,31,Prime_edge_obu,"MTC CHENNAI","Delay Communicating"
864513045652036,J1297,MTC,"Kilambakkam Depot",IPC_MTC_v1.23_c,31,Prime_edge_obu,"MTC CHENNAI","Delay Communicating"
864513045643670,J1975,MTC,"Madahvaram Depot",IPC_MTC_v1.23_c,31,Prime_edge_obu,"MTC CHENNAI","Delay Communicating"
864513045605471,K0283,MTC,"Thiruvanmiyur Depot",IPC_MTC_v1.23_s,30,Prime_edge_obu,"MTC CHENNAI","Delay Communicating"
864513045605059,J1106,MTC,"Chromepet-1 Depot",IPC_MTC_v1.23_c,29,Prime_edge_obu,"MTC CHENNAI","Delay Communicating"
864513045569768,K0464,MTC,"Tondiarpet-2 Depot",IPC_MTC_V1.24_TT,31,Prime_edge_obu,"MTC CHENNAI","Delay Communicating"
,,,,IPC_MTC_v1.23_c,31,,,"Delay Communicating"
864513044572441,J0615,MTC,"Kalaignar Nagar Depot",IPC_MTC_v1.23_c,29,Prime_edge_obu,"MTC CHENNAI","Delay Communicating"
864513044572375,J0525,MTC,"Alandur Depot",IPC_MTC_v1.23_c,31,Prime_edge_obu,"MTC CHENNAI","Delay Communicating"
864513044551569,J0715,MTC,"Kalaignar Nagar Depot",IPC_MTC_v1.23_c,31,Prime_edge_obu,"MTC CHENNAI","Delay Communicating"
864513042818457,J1114,MTC,"Avadi Depot",IPC_MTC_v1.23_c,31,Prime_edge_obu,"MTC CHENNAI","Delay Communicating"
864513042813938,J1053,MTC,"Thiruvottriyur Depot",IPC_MTC_v1.23_c,29,Prime_edge_obu,"MTC CHENNAI","Delay Communicating"
864513042810678,J1117,MTC,"Thiruvottriyur Depot",IPC_MTC_v1.23_c,29,Prime_edge_obu,"MTC CHENNAI","Delay Communicating"
864513042787991,K0519,MTC,"Alandur Depot",IPC_MTC_V1.24_TT,30,Prime_edge_obu,"MTC CHENNAI","Delay Communicating"
,,,,IPC_MTC_v1.23_c,28,,,"Delay Communicating"
864513042757226,J1431,MTC,"Iyyappanthangal Depot",IPC_MTC_v1.23_c,21,Prime_edge_obu,"MTC CHENNAI","Delay Communicating"
864513042725538,J2080,MTC,"Iyyappanthangal Depot",IPC_MTC_v1.23_c,31,Prime_edge_obu,"MTC CHENNAI","Delay Communicating"
864513042720778,K0025,MTC,"Vadapalani Depot",IPC_MTC_v1.23_c,31,Prime_edge_obu,"MTC CHENNAI","Delay Communicating"
864513042720653,K0354,MTC,"Perambur Depot",IPC_MTC_V1.24_TT,31,Prime_edge_obu,"MTC CHENNAI","Delay Communicating"
864513042717691,K0170,MTC,"Tambaram Depot",IPC_MTC_V1.24_TT,25,Prime_edge_obu,"MTC CHENNAI","Delay Communicating"
864513042696473,K0316,MTC,"Madahvaram Depot",IPC_MTC_v1.23_c,31,Prime_edge_obu,"MTC CHENNAI","Delay Communicating"
864513042679461,I1469,MTC,"Ambathur Depot",IPC_MTC_v1.23_c,31,Prime_edge_obu,"MTC CHENNAI","Delay Communicating"
864513041513471,I2968,MTC,"Tondiarpet-1 Depot",IPC_MTC_v1.23_c,29,Prime_edge_obu,"MTC CHENNAI","Delay Communicating"
864513041509073,S0010,MTC,"Kilambakkam Depot",IPC_MTC_v1.23_c,23,Prime_edge_obu,"MTC CHENNAI","Delay Communicating"
864513041506582,J0346,MTC,"Perambur Depot",IPC_MTC_v1.23_c,31,Prime_edge_obu,"MTC CHENNAI","Delay Communicating"
864513041499689,J0427,MTC,"Alandur Depot",IPC_MTC_v1.23_c,31,Prime_edge_obu,"MTC CHENNAI","Delay Communicating"
864513041490951,J0830,MTC,"Adyar Depot",IPC_MTC_v1.23_c,23,Prime_edge_obu,"MTC CHENNAI","Delay Communicating"
864513041488393,J0580,MTC,"Poonamallee Depot",IPC_MTC_v1.23_c,18,Prime_edge_obu,"MTC CHENNAI","Delay Communicating"
864513041483766,J0399,MTC,"Saidapet Depot",IPC_MTC_v1.23_c,31,Prime_edge_obu,"MTC CHENNAI","Delay Communicating"
864513041477206,I1958,MTC,"Central Depot",IPC_MTC_v1.23_c,31,Prime_edge_obu,"MTC CHENNAI","Delay Communicating"
864513041471316,K0753,MTC,"Poonamallee Depot",IPC_MTC_V1.24_TT,27,Prime_edge_obu,"MTC CHENNAI","Delay Communicating"
864513041470896,I3354,MTC,"Avadi Depot",IPC_MTC_v1.23_c,31,Prime_edge_obu,"MTC CHENNAI","Delay Communicating"
864513041467561,J0441,MTC,"Alandur Depot",IPC_MTC_v1.23_c,28,Prime_edge_obu,"MTC CHENNAI","Delay Communicating"
864513041466621,I3345,MTC,"Perumbakkam Depot",IPC_MTC_v1.23_c,24,Prime_edge_obu,"MTC CHENNAI","Delay Communicating"
864513041462547,J1175,MTC,"Kilambakkam Depot",IPC_MTC_v1.23_c,31,Prime_edge_obu,"MTC CHENNAI","Delay Communicating"
864513041458107,J0246,MTC,"Tondiarpet-1 Depot",IPC_MTC_v1.23_c,31,Prime_edge_obu,"MTC CHENNAI","Delay Communicating"
864513041456614,K0240,MTC,"Ayanavaram Depot",IPC_MTC_v1.23_c,31,Prime_edge_obu,"MTC CHENNAI","Delay Communicating"
864513041455657,J0198,MTC,"Thiruvanmiyur Depot",IPC_MTC_v1.23_c,28,Prime_edge_obu,"MTC CHENNAI","Delay Communicating"
864513041452761,J0574,MTC,"Poonamallee Depot",IPC_MTC_v1.23_c,31,Prime_edge_obu,"MTC CHENNAI","Delay Communicating"
864513041451482,J0940,MTC,"Tambaram Depot",IPC_MTC_v1.23_c,28,Prime_edge_obu,"MTC CHENNAI","Delay Communicating"
864513041447837,J0109,MTC,"Ambathur Depot",IPC_MTC_v1.23_c,14,Prime_edge_obu,"MTC CHENNAI","Delay Communicating"
864513041444388,J1310,MTC,"Kilambakkam Depot",IPC_MTC_v1.23_c,26,Prime_edge_obu,"MTC CHENNAI","Delay Communicating"
864513041440139,K0243,MTC,"Annanagar Depot",IPC_MTC_v1.23_c,24,Prime_edge_obu,"MTC CHENNAI","Delay Communicating"
864513041436509,J0267,MTC,"Tambaram Depot",IPC_MTC_v1.23_c,30,Prime_edge_obu,"MTC CHENNAI","Delay Communicating"
,,,,IPC_MTC_v1.23_c,16,,,"Delay Communicating"
864388041828140,J1396,MTC,"Kilambakkam Depot",IPC_MTC_v1.23_c,31,Prime_edge_obu,"MTC CHENNAI","Delay Communicating"
864388041747191,J1740,MTC,"Annanagar Depot",IPC_MTC_v1.23_c,31,Prime_edge_obu,"MTC CHENNAI","Delay Communicating"
864388041719752,J0287,MTC,"Adambakkam Depot",IPC_MTC_v1.23_c,28,Prime_edge_obu,"MTC CHENNAI","Delay Communicating"
864388040059465,K0315,MTC,"Madahvaram Depot",IPC_MTC_v1.23_c,31,Prime_edge_obu,"MTC CHENNAI","Delay Communicating"
864337059104431,J0418,MTC,"Thiyagaraya Nagar Depot",IPC_MTC_v1.23_c,25,Prime_edge_obu,"MTC CHENNAI","Delay Communicating"
864337059103862,K0518,MTC,"Alandur Depot",IPC_MTC_V1.24_TT,31,Prime_edge_obu,"MTC CHENNAI","Delay Communicating"
864337059102682,K0076,MTC,"Adyar Depot",IPC_MTC_v1.23_c,29,Prime_edge_obu,"MTC CHENNAI","Delay Communicating"
864337058949398,K0470,MTC,"Alandur Depot",IPC_MTC_V1.24_TT,30,Prime_edge_obu,"MTC CHENNAI","Delay Communicating"
864337058937450,J2086,MTC,"Chromepet-1 Depot",IPC_MTC_v1.23_c,28,Prime_edge_obu,"MTC CHENNAI","Delay Communicating"
864337058927105,J1279,MTC,"Adyar Depot",IPC_MTC_v1.23_c,30,Prime_edge_obu,"MTC CHENNAI","Delay Communicating"
864337058592024,J0343,MTC,"Adambakkam Depot",IPC_MTC_v1.23_c,29,Prime_edge_obu,"MTC CHENNAI","Delay Communicating"
864337056542369,K0487,MTC,"Kilambakkam Depot",IPC_MTC_V1.24_TT,15,Prime_edge_obu,"MTC CHENNAI","Delay Communicating"
864337056522619,J1186,MTC,"Adyar Depot",IPC_MTC_v1.23_c,27,Prime_edge_obu,"MTC CHENNAI","Delay Communicating"
,,,,IPC_MTC_V1.24_TT,30,,,"Delay Communicating"
864337056425078,J1474,MTC,"Vysarpadi Depot",IPC_MTC_v1.23_c,27,Prime_edge_obu,"MTC CHENNAI","Delay Communicating"
,,,,IPC_MTC_v1.23_c,31,,,"Delay Communicating"
864337056395164,J1462,MTC,"Chromepet-1 Depot",IPC_MTC_v1.23_c,31,Prime_edge_obu,"MTC CHENNAI","Delay Communicating"
864337056377089,J1715,MTC,"Kalaignar Nagar Depot",IPC_MTC_v1.23_c,25,Prime_edge_obu,"MTC CHENNAI","Delay Communicating"
864337056373013,J1298,MTC,"Vadapalani Depot",IPC_MTC_v1.23_c,31,Prime_edge_obu,"MTC CHENNAI","Delay Communicating"
,,,,IPC_MTC_v1.23_c,31,,,"Delay Communicating"
864337056369037,K0137,MTC,"Central Depot",IPC_MTC_V1.24_TT,25,Prime_edge_obu,"MTC CHENNAI","Delay Communicating"
864337056364392,J1103,MTC,"Thiruvottriyur Depot",IPC_MTC_v1.23_c,31,Prime_edge_obu,"MTC CHENNAI","Delay Communicating"
864337056195770,K0310,MTC,"Tambaram Depot",IPC_MTC_v1.23_c,31,Prime_edge_obu,"MTC CHENNAI","Delay Communicating"
864337056194831,J1912,MTC,"Avadi Depot",IPC_MTC_v1.23_c,31,Prime_edge_obu,"MTC CHENNAI","Delay Communicating"
864337056192942,J0369,MTC,"Mandaveli Depot",IPC_MTC_v1.23_c,31,Prime_edge_obu,"MTC CHENNAI","Delay Communicating"
864337053475886,K0501,MTC,"Madahvaram Depot",IPC_AL_v0.3,30,Prime_edge_obu,"MTC CHENNAI","Delay Communicating"
864337053399276,K0565,MTC,"Poonamallee Depot",IPC_MTC_V1.24_TT,31,Prime_edge_obu,"MTC CHENNAI","Delay Communicating"
864337053354446,J2093,MTC,"Tondiarpet-1 Depot",IPC_MTC_v1.23_c,31,Prime_edge_obu,"MTC CHENNAI","Delay Communicating"
,,,,IPC_MTC_v1.23_c,31,,,"Delay Communicating"
863958044895923,J0241,MTC,"Vadapalani Depot",IPC_MTC_v1.23_c,26,Prime_edge_obu,"MTC CHENNAI","Delay Communicating"
863958044888985,J0491,MTC,"Poonamallee Depot",IPC_MTC_v1.23_c,30,Prime_edge_obu,"MTC CHENNAI","Delay Communicating"
863958044848674,J1716,MTC,"Kalaignar Nagar Depot",IPC_MTC_v1.23_c,27,Prime_edge_obu,"MTC CHENNAI","Delay Communicating"
863958044845605,K0647,MTC,"Ambathur Depot",IPC_MTC_V1.24_TT,25,Prime_edge_obu,"MTC CHENNAI","Delay Communicating"
863958044835317,J0119,MTC,"Avadi Depot",IPC_MTC_v1.23_c,31,Prime_edge_obu,"MTC CHENNAI","Delay Communicating"
863958044824766,J0679,MTC,"Ayanavaram Depot",IPC_MTC_v1.23_c,27,Prime_edge_obu,"MTC CHENNAI","Delay Communicating"
863958044823867,J1160,MTC,"Thiruvottriyur Depot",IPC_MTC_v1.23,29,Prime_edge_obu,"MTC CHENNAI","Delay Communicating"
863958044788367,J0943,MTC,"Tambaram Depot",IPC_MTC_v1.23_c,31,Prime_edge_obu,"MTC CHENNAI","Delay Communicating"
863958044782071,J1449,MTC,"Vysarpadi Depot",IPC_MTC_v1.23_c,29,Prime_edge_obu,"MTC CHENNAI","Delay Communicating"
863958044774904,J1614,MTC,"Alandur Depot",IPC_MTC_v1.23_c,31,Prime_edge_obu,"MTC CHENNAI","Delay Communicating"
,,,,IPC_MTC_v1.23_c,30,,,"Delay Communicating"
,,,,IPC_MTC_V1.24_TT,31,,,"Delay Communicating"
,,,,IPC_MTC_V1.24_TT,31,,,"Delay Communicating"
863958044709058,K0075,MTC,"Perambur Depot",IPC_MTC_v1.23_c,30,Prime_edge_obu,"MTC CHENNAI","Delay Communicating"
863958044075492,J1680,MTC,"Alandur Depot",IPC_MTC_v1.23_c,31,Prime_edge_obu,"MTC CHENNAI","Delay Communicating"
863958042606041,J0404,MTC,"Kalaignar Nagar Depot",IPC_MTC_v1.23_c,29,Prime_edge_obu,"MTC CHENNAI","Delay Communicating"
863958042580634,J0978,MTC,"Vadapalani Depot",IPC_MTC_v1.23_c,31,Prime_edge_obu,"MTC CHENNAI","Delay Communicating"
863958040819034,K0720,MTC,"Ambathur Depot",IPC_MTC_V1.24_TT,31,Prime_edge_obu,"MTC CHENNAI","Delay Communicating"
863617069472998,J1827,MTC,"Ayanavaram Depot",IPC_MTC_v1.23_c,31,Prime_edge_obu,"MTC CHENNAI","Delay Communicating"
863418053251575,J0065,MTC,"Padiyanallur Depot",IPC_MTC_v1.23_c,31,Prime_edge_obu,"MTC CHENNAI","Delay Communicating"
863418053169074,J0344,MTC,"Ayanavaram Depot",IPC_MTC_v1.23_c,29,Prime_edge_obu,"MTC CHENNAI","Delay Communicating"
863418051819167,J0897,MTC,"Madahvaram Depot",IPC_MTC_v1.23_c,31,Prime_edge_obu,"MTC CHENNAI","Delay Communicating"
863412043738981,J0007,MTC,"Perambur Depot",IPC_MTC_v1.23_c,30,Prime_edge_obu,"MTC CHENNAI","Delay Communicating"
863412043716565,J0528,MTC,"Alandur Depot",IPC_MTC_v1.23_c,30,Prime_edge_obu,"MTC CHENNAI","Delay Communicating"
862810042363928,J1750,MTC,"Annanagar Depot",IPC_MTC_v1.23_c,31,Prime_edge_obu,"MTC CHENNAI","Delay Communicating"
862810042214675,K0236,MTC,"Padiyanallur Depot",IPC_MTC_v1.23_c,31,Prime_edge_obu,"MTC CHENNAI","Delay Communicating"
862614060332181,K0010,MTC,"Thiruvanmiyur Depot",IPC_MTC_v1.23_c,31,Prime_edge_obu,"MTC CHENNAI","Delay Communicating"
862607059383686,J1813,MTC,"Chromepet-1 Depot",IPC_MTC_v1.23_c,28,Prime_edge_obu,"MTC CHENNAI","Delay Communicating"
862607059380963,J1722,MTC,"Annanagar Depot",IPC_MTC_v1.23_c,28,Prime_edge_obu,"MTC CHENNAI","Delay Communicating"
,,,,IPC_MTC_v1.23_c,31,,,"Delay Communicating"
862607059362060,J0872,MTC,"Chromepet-1 Depot",IPC_MTC_v1.23_c,20,Prime_edge_obu,"MTC CHENNAI","Delay Communicating"
862607059360791,I2905,MTC,"Tondiarpet-1 Depot",IPC_MTC_v1.23_c,31,Prime_edge_obu,"MTC CHENNAI","Delay Communicating"
,,,,IPC_MTC_v1.23_c,31,,,"Delay Communicating"
862607059259167,J1778,MTC,"Avadi Depot",IPC_MTC_v1.23_c,31,Prime_edge_obu,"MTC CHENNAI","Delay Communicating"
862607059255918,J0817,MTC,"Thiruvottriyur Depot",IPC_MTC_v1.23_c,25,Prime_edge_obu,"MTC CHENNAI","Delay Communicating"
862607059250695,I2071,MTC,"Madahvaram Depot",IPC_MTC_v1.23_c,25,Prime_edge_obu,"MTC CHENNAI","Delay Communicating"
862607059245729,I3376,MTC,"Avadi Depot",IPC_MTC_v1.23_c,31,Prime_edge_obu,"MTC CHENNAI","Delay Communicating"
862607059219799,J0064,MTC,"Padiyanallur Depot",IPC_MTC_v1.23_c,31,Prime_edge_obu,"MTC CHENNAI","Delay Communicating"
862607059218023,J1842,MTC,"Avadi Depot",IPC_MTC_v1.23_c,30,Prime_edge_obu,"MTC CHENNAI","Delay Communicating"
862607059217934,J0022,MTC,"Tondiarpet-1 Depot",IPC_MTC_v1.23_c,31,Prime_edge_obu,"MTC CHENNAI","Delay Communicating"
862607059216233,I2961,MTC,"Madahvaram Depot",IPC_MTC_v1.23_c,30,Prime_edge_obu,"MTC CHENNAI","Delay Communicating"
862607059216100,K0036,MTC,"Avadi Depot",IPC_MTC_v1.23_c,30,Prime_edge_obu,"MTC CHENNAI","Delay Communicating"
862607059216076,J0434,MTC,"Alandur Depot",IPC_MTC_v1.23_c,31,Prime_edge_obu,"MTC CHENNAI","Delay Communicating"
862607059215383,J0709,MTC,"Alandur Depot",IPC_MTC_v1.23_c,31,Prime_edge_obu,"MTC CHENNAI","Delay Communicating"
862607059214295,J0215,MTC,"Tondiarpet-2 Depot",IPC_MTC_v1.23_c,31,Prime_edge_obu,"MTC CHENNAI","Delay Communicating"
862607059213784,J1819,MTC,"Iyyappanthangal Depot",IPC_MTC_v1.23_c,31,Prime_edge_obu,"MTC CHENNAI","Delay Communicating"
862607059213206,I2956,MTC,"Chromepet-2 Depot",IPC_MTC_v1.23_c,31,Prime_edge_obu,"MTC CHENNAI","Delay Communicating"
862607059212851,I3343,MTC,"Perumbakkam Depot",IPC_MTC_v1.23_c,31,Prime_edge_obu,"MTC CHENNAI","Delay Communicating"
862607059212737,J0113,MTC,"Thiruvottriyur Depot",IPC_MTC_v1.23_c,30,Prime_edge_obu,"MTC CHENNAI","Delay Communicating"
862607059212497,J0879,MTC,"Perambur Depot",IPC_MTC_v1.23_c,29,Prime_edge_obu,"MTC CHENNAI","Delay Communicating"
862607059212299,J0252,MTC,"Chromepet-1 Depot",IPC_MTC_v1.23_c,25,Prime_edge_obu,"MTC CHENNAI","Delay Communicating"
862607059212083,J0255,MTC,"Poonamallee Depot",IPC_MTC_v1.23_c,27,Prime_edge_obu,"MTC CHENNAI","Delay Communicating"
862607059211861,J0294,MTC,"Avadi Depot",IPC_MTC_v1.23_c,31,Prime_edge_obu,"MTC CHENNAI","Delay Communicating"
862607059211739,J1512,MTC,"Perambur Depot",IPC_MTC_v1.23_c,31,Prime_edge_obu,"MTC CHENNAI","Delay Communicating"
862607059210640,K0317,MTC,"Kannagi Nagar Depot",IPC_MTC_v1.23,31,Prime_edge_obu,"MTC CHENNAI","Delay Communicating"
862607059210640,K0317,MTC,"Kannagi Nagar Depot",IPC_MTC_v1.23,31,Prime_edge_obu,"MTC CHENNAI","Delay Communicating"
862607059210624,J1444,MTC,"Annanagar Depot",IPC_MTC_v1.23_c,31,Prime_edge_obu,"MTC CHENNAI","Delay Communicating"
862607059210582,J1065,MTC,"Avadi Depot",IPC_MTC_v1.23_c,31,Prime_edge_obu,"MTC CHENNAI","Delay Communicating"
862607059210442,K0113,MTC,"Chromepet-1 Depot",IPC_MTC_v1.23_c,31,Prime_edge_obu,"MTC CHENNAI","Delay Communicating"
862607059210319,J0898,MTC,"Basinbridge Depot",IPC_MTC_v1.23_c,28,Prime_edge_obu,"MTC CHENNAI","Delay Communicating"
862607059209956,J0387,MTC,"Ambathur Depot",IPC_MTC_v1.23_c,30,Prime_edge_obu,"MTC CHENNAI","Delay Communicating"
,,,,IPC_MTC_v1.23_c,31,,,"Delay Communicating"
862607059197268,J1251,MTC,"Avadi Depot",IPC_MTC_v1.23_c,22,Prime_edge_obu,"MTC CHENNAI","Delay Communicating"
862607059197094,J0938,MTC,"Avadi Depot",IPC_MTC_v1.23_c,31,Prime_edge_obu,"MTC CHENNAI","Delay Communicating"
862607059196955,J0517,MTC,"Alandur Depot",IPC_MTC_v1.23_c,31,Prime_edge_obu,"MTC CHENNAI","Delay Communicating"
862607059196914,J0812,MTC,"Perambur Depot",IPC_MTC_v1.23_c,27,Prime_edge_obu,"MTC CHENNAI","Delay Communicating"
862607059195486,J0604,MTC,"Adambakkam Depot",IPC_MTC_v1.23_c,31,Prime_edge_obu,"MTC CHENNAI","Delay Communicating"
862607059195460,I3397,MTC,"Perambur Depot",IPC_MTC_v1.23_c,31,Prime_edge_obu,"MTC CHENNAI","Delay Communicating"
,,,,IPC_MTC_v1.23_c,28,,,"Delay Communicating"
862607059190024,J0954,MTC,"Avadi Depot",IPC_MTC_v1.23_c,31,Prime_edge_obu,"MTC CHENNAI","Delay Communicating"
862607059180777,K0734,MTC,"Saidapet Depot",IPC_MTC_V1.24_TT,31,Prime_edge_obu,"MTC CHENNAI","Delay Communicating"
862607059175504,I1465,MTC,"Padiyanallur Depot",IPC_MTC_v1.23_c,30,Prime_edge_obu,"MTC CHENNAI","Delay Communicating"
862607059175348,J2085,MTC,"Iyyappanthangal Depot",IPC_MTC_v1.23_c,31,Prime_edge_obu,"MTC CHENNAI","Delay Communicating"
862607059175009,J0085,MTC,"Ambathur Depot",IPC_MTC_v1.23_c,31,Prime_edge_obu,"MTC CHENNAI","Delay Communicating"
862607059174697,J1960,MTC,"Ennore Depot",IPC_MTC_v1.23_c,31,Prime_edge_obu,"MTC CHENNAI","Delay Communicating"
862607059174085,J0651,MTC,"Adambakkam Depot",IPC_MTC_v1.23_c,31,Prime_edge_obu,"MTC CHENNAI","Delay Communicating"
862607059173517,K0512,MTC,"Alandur Depot",IPC_MTC_V1.24_TT,11,Prime_edge_obu,"MTC CHENNAI","Delay Communicating"
862607059170901,K0207,MTC,"Tambaram Depot",IPC_MTC_V1.24_TT,27,Prime_edge_obu,"MTC CHENNAI","Delay Communicating"
862607059166610,J0503,MTC,"Poonamallee Depot",IPC_MTC_v1.23_c,31,Prime_edge_obu,"MTC CHENNAI","Delay Communicating"
862607059164490,J0247,MTC,"Tondiarpet-1 Depot",IPC_MTC_v1.23_c,31,Prime_edge_obu,"MTC CHENNAI","Delay Communicating"
862607059158773,J0208,MTC,"Ambathur Depot",IPC_MTC_v1.23_c,31,Prime_edge_obu,"MTC CHENNAI","Delay Communicating"
862607059154970,K0088,MTC,"Thiruvanmiyur Depot",IPC_MTC_v1.23_c,31,Prime_edge_obu,"MTC CHENNAI","Delay Communicating"
862607059153923,J0061,MTC,"Thiruvottriyur Depot",IPC_MTC_v1.23_c,31,Prime_edge_obu,"MTC CHENNAI","Delay Communicating"
862607059150960,J0327,MTC,"Chromepet-1 Depot",IPC_MTC_v1.23_c,26,Prime_edge_obu,"MTC CHENNAI","Delay Communicating"
862607059150952,J1450,MTC,"Madahvaram Depot",IPC_MTC_v1.23_c,25,Prime_edge_obu,"MTC CHENNAI","Delay Communicating"
862607059150937,J0670,MTC,"Madahvaram Depot",IPC_MTC_v1.23_c,20,Prime_edge_obu,"MTC CHENNAI","Delay Communicating"
862607059149954,J0232,MTC,"Annanagar Depot",IPC_MTC_v1.23_c,31,Prime_edge_obu,"MTC CHENNAI","Delay Communicating"
862607059149772,J0832,MTC,"Kannagi Nagar Depot",IPC_MTC_v1.23_c,27,Prime_edge_obu,"MTC CHENNAI","Delay Communicating"
862607059149723,I1028,MTC,"Tambaram Depot",IPC_MTC_v1.23_c,26,Prime_edge_obu,"MTC CHENNAI","Delay Communicating"
862607059149541,J0163,MTC,"Ambathur Depot",IPC_MTC_v1.23_c,31,Prime_edge_obu,"MTC CHENNAI","Delay Communicating"
862607059149038,J0082,MTC,"Vadapalani Depot",IPC_MTC_v1.23_c,26,Prime_edge_obu,"MTC CHENNAI","Delay Communicating"
862607059148543,K0286,MTC,"Annanagar Depot",IPC_MTC_v1.23_c,31,Prime_edge_obu,"MTC CHENNAI","Delay Communicating"
862607059148485,I2975,MTC,"Basinbridge Depot",IPC_MTC_v1.23_c,28,Prime_edge_obu,"MTC CHENNAI","Delay Communicating"
862607059148287,J0816,MTC,"Thiruvottriyur Depot",IPC_MTC_v1.23_c,23,Prime_edge_obu,"MTC CHENNAI","Delay Communicating"
862607059148162,J0020,MTC,"Ambathur Depot",IPC_MTC_v1.23_c,31,Prime_edge_obu,"MTC CHENNAI","Delay Communicating"
862607059148147,J0096,MTC,"Perambur Depot",IPC_MTC_v1.23_c,28,Prime_edge_obu,"MTC CHENNAI","Delay Communicating"
862607059147123,J1088,MTC,"Avadi Depot",IPC_MTC_v1.23_c,31,Prime_edge_obu,"MTC CHENNAI","Delay Communicating"
862607059144443,J1231,MTC,"Ambathur Depot",IPC_MTC_v1.23_c,31,Prime_edge_obu,"MTC CHENNAI","Delay Communicating"
862607059144435,J0790,MTC,"Thiruvottriyur Depot",IPC_MTC_v1.23_c,26,Prime_edge_obu,"MTC CHENNAI","Delay Communicating"
862607059143106,J0180,MTC,"Iyyappanthangal Depot",IPC_MTC_v1.23_c,31,Prime_edge_obu,"MTC CHENNAI","Delay Communicating"
862607059142843,K0102,MTC,"Chromepet-1 Depot",IPC_MTC_v1.23_c,25,Prime_edge_obu,"MTC CHENNAI","Delay Communicating"
862607059140227,J1521,MTC,"Annanagar Depot",IPC_MTC_v1.23_c,31,Prime_edge_obu,"MTC CHENNAI","Delay Communicating"
862607059139765,K0307,MTC,"Chromepet-1 Depot",IPC_MTC_v1.23_c,31,Prime_edge_obu,"MTC CHENNAI","Delay Communicating"
862607059137686,J0796,MTC,"Saidapet Depot",IPC_MTC_v1.23,31,Prime_edge_obu,"MTC CHENNAI","Delay Communicating"
862607059137058,I2970,MTC,"Madahvaram Depot",IPC_MTC_v1.23_c,31,Prime_edge_obu,"MTC CHENNAI","Delay Communicating"
862607059136100,K0366,MTC,"Adyar Depot",IPC_MTC_V1.24_TT,12,Prime_edge_obu,"MTC CHENNAI","Delay Communicating"
862607059135425,K0385,MTC,"Adyar Depot",IPC_MTC_V1.24_TT,31,Prime_edge_obu,"MTC CHENNAI","Delay Communicating"
862607059134881,J0402,MTC,"Kalaignar Nagar Depot",IPC_MTC_v1.23_c,27,Prime_edge_obu,"MTC CHENNAI","Delay Communicating"
862607059134410,J1720,MTC,"Annanagar Depot",IPC_MTC_v1.23_c,24,Prime_edge_obu,"MTC CHENNAI","Delay Communicating"
862607059134386,J0148,MTC,"Madahvaram Depot",IPC_MTC_v1.23_c,31,Prime_edge_obu,"MTC CHENNAI","Delay Communicating"
862607059133834,J0757,MTC,"Kalaignar Nagar Depot",IPC_MTC_v1.23_c,20,Prime_edge_obu,"MTC CHENNAI","Delay Communicating"
862607059133735,J1641,MTC,"Ambathur Depot",IPC_MTC_v1.23_c,31,Prime_edge_obu,"MTC CHENNAI","Delay Communicating"
862607059131895,I1951,MTC,"Chromepet-1 Depot",IPC_MTC_v1.23_c,27,Prime_edge_obu,"MTC CHENNAI","Delay Communicating"
862607059118769,J0780,MTC,"Ennore Depot",IPC_MTC_v1.23_c,23,Prime_edge_obu,"MTC CHENNAI","Delay Communicating"
862607059116680,K0145,MTC,"Tambaram Depot",IPC_MTC_V1.24_TT,15,Prime_edge_obu,"MTC CHENNAI","Delay Communicating"
862607059116573,K0149,MTC,"Central Depot",IPC_MTC_V1.24_TT,24,Prime_edge_obu,"MTC CHENNAI","Delay Communicating"
862607059116573,K0149,MTC,"Central Depot",IPC_MTC_V1.24_TT,24,Prime_edge_obu,"MTC CHENNAI","Delay Communicating"
862607059115658,I1910,MTC,"Central Depot",IPC_MTC_v1.23_c,25,Prime_edge_obu,"MTC CHENNAI","Delay Communicating"
862607059115567,K0440,MTC,"Central Depot",IPC_MTC_V1.24_TT,31,Prime_edge_obu,"MTC CHENNAI","Delay Communicating"
862607059115054,J0121,MTC,"Tambaram Depot",IPC_MTC_v1.23_c,31,Prime_edge_obu,"MTC CHENNAI","Delay Communicating"
862607059114826,J0573,MTC,"Poonamallee Depot",IPC_MTC_v1.23_c,27,Prime_edge_obu,"MTC CHENNAI","Delay Communicating"
862607059113646,K0401,MTC,"Central Depot",IPC_MTC_V1.24_TT,28,Prime_edge_obu,"MTC CHENNAI","Delay Communicating"
862607059112754,J1561,MTC,"Tambaram Depot",IPC_MTC_v1.23_c,29,Prime_edge_obu,"MTC CHENNAI","Delay Communicating"
862607059112614,K0698,MTC,"Adyar Depot",IPC_MTC_V1.24_TT,31,Prime_edge_obu,"MTC CHENNAI","Delay Communicating"
,,,,IPC_MTC_V1.24_TT,31,,,"Delay Communicating"
862607059112325,I2904,MTC,"Madahvaram Depot",IPC_MTC_v1.23_c,31,Prime_edge_obu,"MTC CHENNAI","Delay Communicating"
862607059112275,J1759,MTC,"Adyar Depot",IPC_MTC_v1.23_c,31,Prime_edge_obu,"MTC CHENNAI","Delay Communicating"
862607059112184,J1476,MTC,"Ayanavaram Depot",IPC_MTC_v1.23_c,27,Prime_edge_obu,"MTC CHENNAI","Delay Communicating"
862607059112168,J0793,MTC,"Adyar Depot",IPC_MTC_v1.23_c,31,Prime_edge_obu,"MTC CHENNAI","Delay Communicating"
862607059111954,J1015,MTC,"Annanagar Depot",IPC_MTC_v1.23_c,31,Prime_edge_obu,"MTC CHENNAI","Delay Communicating"
862607059111939,J0838,MTC,"Adambakkam Depot",IPC_MTC_v1.23_c,26,Prime_edge_obu,"MTC CHENNAI","Delay Communicating"
862607059111111,J0949,MTC,"Annanagar Depot",IPC_MTC_v1.23_c,24,Prime_edge_obu,"MTC CHENNAI","Delay Communicating"
862607059109545,I1445,MTC,"Adyar Depot",IPC_MTC_v1.23_c,31,Prime_edge_obu,"MTC CHENNAI","Delay Communicating"
862607059107572,K0201,MTC,"Ambathur Depot",IPC_MTC_V1.24_TT,31,Prime_edge_obu,"MTC CHENNAI","Delay Communicating"
862607059107416,K0164,MTC,"Annanagar Depot",IPC_MTC_V1.24_TT,22,Prime_edge_obu,"MTC CHENNAI","Delay Communicating"
862607059106194,I3330,MTC,"Vadapalani Depot",IPC_MTC_v1.23_c,31,Prime_edge_obu,"MTC CHENNAI","Delay Communicating"
862607059105907,I1908,MTC,"Chromepet-1 Depot",IPC_MTC_v1.23_c,27,Prime_edge_obu,"MTC CHENNAI","Delay Communicating"
,,,,IPC_MTC_v1.23_c,31,,,"Delay Communicating"
862607059104108,J0086,MTC,"Basinbridge Depot",IPC_MTC_v1.23_c,31,Prime_edge_obu,"MTC CHENNAI","Delay Communicating"
,,,,IPC_MTC_V1.24_TT,10,,,"Delay Communicating"
862607059103670,I3347,MTC,"Vadapalani Depot",IPC_MTC_v1.23_c,27,Prime_edge_obu,"MTC CHENNAI","Delay Communicating"
862607059103555,J0865,MTC,"Central Depot",IPC_MTC_v1.23_c,24,Prime_edge_obu,"MTC CHENNAI","Delay Communicating"
862607059101971,J1718,MTC,"Adyar Depot",IPC_MTC_v1.23_c,31,Prime_edge_obu,"MTC CHENNAI","Delay Communicating"
862607059098698,J0145,MTC,"Madahvaram Depot",IPC_MTC_v1.23_c,21,Prime_edge_obu,"MTC CHENNAI","Delay Communicating"
862607059095942,K0679,MTC,"Ambathur Depot",IPC_MTC_V1.24_TT,31,Prime_edge_obu,"MTC CHENNAI","Delay Communicating"
862607059094739,K0598,MTC,"Perambur Depot",IPC_MTC_V1.24_TT,31,Prime_edge_obu,"MTC CHENNAI","Delay Communicating"
862607059092618,K0659,MTC,"Adyar Depot",IPC_MTC_V1.24_TT,29,Prime_edge_obu,"MTC CHENNAI","Delay Communicating"
862607059091891,K0582,MTC,"Poonamallee Depot",IPC_MTC_V1.24_TT,28,Prime_edge_obu,"MTC CHENNAI","Delay Communicating"
862607059091487,J0904,MTC,"Tambaram Depot",IPC_MTC_v1.23_c,30,Prime_edge_obu,"MTC CHENNAI","Delay Communicating"
862607059090877,K0664,MTC,"Vadapalani Depot",IPC_MTC_V1.24_TT,28,Prime_edge_obu,"MTC CHENNAI","Delay Communicating"
862607059086107,K0119,MTC,"Ennore Depot",IPC_MTC_v1.23_c,25,Prime_edge_obu,"MTC CHENNAI","Delay Communicating"
862607059082908,J0623,MTC,"Avadi Depot",IPC_MTC_v1.23_c,26,Prime_edge_obu,"MTC CHENNAI","Delay Communicating"
862607059081314,J0079,MTC,"Ambathur Depot",IPC_MTC_v1.23_c,31,Prime_edge_obu,"MTC CHENNAI","Delay Communicating"
862607059080993,K0761,MTC,"Thiyagaraya Nagar Depot",IPC_MTC_V1.24_TT,28,Prime_edge_obu,"MTC CHENNAI","Delay Communicating"
862607059075217,J0261,MTC,"Perambur Depot",IPC_MTC_v1.23_c,31,Prime_edge_obu,"MTC CHENNAI","Delay Communicating"
862607059073212,I3327,MTC,"Madahvaram Depot",IPC_MTC_v1.23_c,31,Prime_edge_obu,"MTC CHENNAI","Delay Communicating"
862607059072347,K0718,MTC,"Adyar Depot",IPC_MTC_V1.24_TT,29,Prime_edge_obu,"MTC CHENNAI","Delay Communicating"
862607059048024,I3361,MTC,"Iyyappanthangal Depot",IPC_MTC_v1.23_c,27,Prime_edge_obu,"MTC CHENNAI","Delay Communicating"
862607059046978,I3325,MTC,"Adyar Depot",IPC_MTC_v1.23_c,27,Prime_edge_obu,"MTC CHENNAI","Delay Communicating"
862607059046051,J1344,MTC,"Chromepet-2 Depot",IPC_MTC_v1.23_c,28,Prime_edge_obu,"MTC CHENNAI","Delay Communicating"
862607059045624,J1577,MTC,"Annanagar Depot",IPC_MTC_v1.23_c,27,Prime_edge_obu,"MTC CHENNAI","Delay Communicating"
862607059045004,J0431,MTC,"Poonamallee Depot",IPC_MTC_v1.23_c,31,Prime_edge_obu,"MTC CHENNAI","Delay Communicating"
862607059043363,K0192,MTC,"Tambaram Depot",IPC_MTC_V1.24_TT,31,Prime_edge_obu,"MTC CHENNAI","Delay Communicating"
862607059043330,J1713,MTC,"Thiyagaraya Nagar Depot",IPC_MTC_v1.23_c,26,Prime_edge_obu,"MTC CHENNAI","Delay Communicating"
862607059042159,K0588,MTC,"Poonamallee Depot",IPC_MTC_V1.24_TT,31,Prime_edge_obu,"MTC CHENNAI","Delay Communicating"
862607059039759,J0026,MTC,"Tondiarpet-1 Depot",IPC_MTC_v1.23_c,31,Prime_edge_obu,"MTC CHENNAI","Delay Communicating"
862607059035427,K0642,MTC,"Vadapalani Depot",IPC_MTC_V1.24_TT,31,Prime_edge_obu,"MTC CHENNAI","Delay Communicating"
862607059031400,I1322,MTC,"Vadapalani Depot",IPC_MTC_v1.23_c,27,Prime_edge_obu,"MTC CHENNAI","Delay Communicating"
862607059027952,J0403,MTC,"Thiyagaraya Nagar Depot",IPC_MTC_v1.23_c,29,Prime_edge_obu,"MTC CHENNAI","Delay Communicating"
862607059027135,I3326,MTC,"Ambathur Depot",IPC_MTC_v1.23_c,31,Prime_edge_obu,"MTC CHENNAI","Delay Communicating"
862607059027119,J0697,MTC,"Chromepet-1 Depot",IPC_MTC_v1.23_c,25,Prime_edge_obu,"MTC CHENNAI","Delay Communicating"
862607059025725,I2902,MTC,"Avadi Depot",IPC_MTC_v1.23_c,31,Prime_edge_obu,"MTC CHENNAI","Delay Communicating"
862607059025519,K0110,MTC,"Ennore Depot",IPC_MTC_v1.23_c,31,Prime_edge_obu,"MTC CHENNAI","Delay Communicating"
862607059023415,J2052,MTC,"Padiyanallur Depot",IPC_MTC_v1.23_c,31,Prime_edge_obu,"MTC CHENNAI","Delay Communicating"
862607059021807,K0205,MTC,"Ambathur Depot",IPC_MTC_V1.24_TT,30,Prime_edge_obu,"MTC CHENNAI","Delay Communicating"
,,,,IPC_MTC_V1.24_TT,30,,,"Delay Communicating"
862607059020445,K0405,MTC,"Central Depot",IPC_MTC_V1.24_TT,26,Prime_edge_obu,"MTC CHENNAI","Delay Communicating"
862607055745979,K0476,MTC,"Kilambakkam Depot",IPC_MTC_V1.24_TT,31,Prime_edge_obu,"MTC CHENNAI","Delay Communicating"
862607055713605,J0084,MTC,"Ambathur Depot",IPC_MTC_v1.23_c,29,Prime_edge_obu,"MTC CHENNAI","Delay Communicating"
862607055711799,J0854,MTC,"Tambaram Depot",IPC_MTC_v1.23_c,31,Prime_edge_obu,"MTC CHENNAI","Delay Communicating"
,,,,IPC_MTC_v1.23_c,31,,,"Delay Communicating"
862607055711096,K0120,MTC,"Ennore Depot",IPC_MTC_v1.23_c,31,Prime_edge_obu,"MTC CHENNAI","Delay Communicating"
862607055696131,I1614,MTC,"Iyyappanthangal Depot",IPC_MTC_v1.23_c,28,Prime_edge_obu,"MTC CHENNAI","Delay Communicating"
862607055693872,K0037,MTC,"Avadi Depot",IPC_MTC_v1.23_c,31,Prime_edge_obu,"MTC CHENNAI","Delay Communicating"
862607055691173,K0085,MTC,"Avadi Depot",IPC_MTC_v1.23_c,31,Prime_edge_obu,"MTC CHENNAI","Delay Communicating"
862607055686058,J0671,MTC,"Avadi Depot",IPC_MTC_v1.23_c,31,Prime_edge_obu,"MTC CHENNAI","Delay Communicating"
862607055681794,K0530,MTC,"Kilambakkam Depot",IPC_MTC_V1.24_TT,31,Prime_edge_obu,"MTC CHENNAI","Delay Communicating"
862607055671464,I2056,MTC,"Annanagar Depot",IPC_MTC_v1.23_c,31,Prime_edge_obu,"MTC CHENNAI","Delay Communicating"
,,,,IPC_MTC_V1.24_TT,21,,,"Delay Communicating"
862607055667298,K0189,MTC,"Annanagar Depot",IPC_MTC_V1.24_TT,31,Prime_edge_obu,"MTC CHENNAI","Delay Communicating"
862607055666175,K0739,MTC,"Vadapalani Depot",IPC_MTC_V1.24_TT,26,Prime_edge_obu,"MTC CHENNAI","Delay Communicating"
862607055649809,J0851,MTC,"Thiruvottriyur Depot",IPC_MTC_v1.23_c,26,Prime_edge_obu,"MTC CHENNAI","Delay Communicating"
862607055648959,J0435,MTC,"Alandur Depot",IPC_MTC_v1.23_c,31,Prime_edge_obu,"MTC CHENNAI","Delay Communicating"
862607055648959,J0435,MTC,"Alandur Depot",IPC_MTC_v1.23_c,31,Prime_edge_obu,"MTC CHENNAI","Delay Communicating"
862607055638224,J0663,MTC,"Ambathur Depot",IPC_MTC_v1.23_c,31,Prime_edge_obu,"MTC CHENNAI","Delay Communicating"
862607055631971,I2073,MTC,"Avadi Depot",IPC_MTC_v1.23_c,31,Prime_edge_obu,"MTC CHENNAI","Delay Communicating"
862607055627631,J0110,MTC,"Thiruvottriyur Depot",IPC_MTC_v1.23_c,25,Prime_edge_obu,"MTC CHENNAI","Delay Communicating"
862607055626781,I3320,MTC,"Ambathur Depot",IPC_MTC_v1.23_c,31,Prime_edge_obu,"MTC CHENNAI","Delay Communicating"
862607055626161,J0386,MTC,"Ambathur Depot",IPC_MTC_v1.23_c,31,Prime_edge_obu,"MTC CHENNAI","Delay Communicating"
862607055625452,J1753,MTC,"Central Depot",IPC_MTC_v1.23_c,31,Prime_edge_obu,"MTC CHENNAI","Delay Communicating"
862607055624729,K0039,MTC,"Avadi Depot",IPC_MTC_v1.23_c,31,Prime_edge_obu,"MTC CHENNAI","Delay Communicating"
862607055623655,K0688,MTC,"Central Depot",IPC_MTC_V1.24_TT,31,Prime_edge_obu,"MTC CHENNAI","Delay Communicating"
862607055623259,I3309,MTC,"Adambakkam Depot",IPC_MTC_v1.23_c,25,Prime_edge_obu,"MTC CHENNAI","Delay Communicating"
862607055603590,J1347,MTC,"Basinbridge Depot",IPC_MTC_v1.23_c,31,Prime_edge_obu,"MTC CHENNAI","Delay Communicating"
862607055598519,J0092,MTC,"Thiruvottriyur Depot",IPC_MTC_v1.23_c,31,Prime_edge_obu,"MTC CHENNAI","Delay Communicating"
,,,,IPC_MTC_V1.24_TT,30,,,"Delay Communicating"
862607055593148,J0033,MTC,"Perambur Depot",IPC_MTC_v1.23_c,28,Prime_edge_obu,"MTC CHENNAI","Delay Communicating"
862607055589443,I2061,MTC,"Tondiarpet-1 Depot",IPC_MTC_v1.23_c,31,Prime_edge_obu,"MTC CHENNAI","Delay Communicating"
862607055587603,J1798,MTC,"Chromepet-1 Depot",IPC_MTC_v1.23_c,31,Prime_edge_obu,"MTC CHENNAI","Delay Communicating"
862607055584204,J1650,MTC,"Central Depot",IPC_MTC_v1.23_c,28,Prime_edge_obu,"MTC CHENNAI","Delay Communicating"
862607055581606,K0002,MTC,"Central Depot",IPC_MTC_v1.23_c,31,Prime_edge_obu,"MTC CHENNAI","Delay Communicating"
862607055580954,J1764,MTC,"Adyar Depot",IPC_MTC_v1.23_s,29,Prime_edge_obu,"MTC CHENNAI","Delay Communicating"
862607055576788,K0641,MTC,"Vadapalani Depot",IPC_MTC_V1.24_TT,31,Prime_edge_obu,"MTC CHENNAI","Delay Communicating"
,,,,IPC_MTC_V1.24_TT,30,,,"Delay Communicating"
,,,,IPC_MTC_v1.23_c,31,,,"Delay Communicating"
862607052340212,J0956,MTC,"Thiruvottriyur Depot",IPC_MTC_v1.23_c,28,Prime_edge_obu,"MTC CHENNAI","Delay Communicating"
862607052182903,I3389,MTC,"Iyyappanthangal Depot",IPC_MTC_v1.23_c,31,Prime_edge_obu,"MTC CHENNAI","Delay Communicating"
862607052182788,J1769,MTC,"Iyyappanthangal Depot",IPC_MTC_v1.23_c,31,Prime_edge_obu,"MTC CHENNAI","Delay Communicating"
862607052179172,J0265,MTC,"Kalaignar Nagar Depot",IPC_MTC_v1.23_c,28,Prime_edge_obu,"MTC CHENNAI","Delay Communicating"
862607052177788,J0488,MTC,"Poonamallee Depot",IPC_MTC_v1.23_c,30,Prime_edge_obu,"MTC CHENNAI","Delay Communicating"
862607052177267,I3385,MTC,"Perumbakkam Depot",IPC_MTC_v1.23_c,31,Prime_edge_obu,"MTC CHENNAI","Delay Communicating"
862607052169132,J1012,MTC,"Ambathur Depot",IPC_MTC_v1.23_c,31,Prime_edge_obu,"MTC CHENNAI","Delay Communicating"
862607052167706,J0526,MTC,"Kalaignar Nagar Depot",IPC_MTC_v1.23_c,24,Prime_edge_obu,"MTC CHENNAI","Delay Communicating"
862607052167623,I2932,MTC,"Tambaram Depot",IPC_MTC_v1.23_c,27,Prime_edge_obu,"MTC CHENNAI","Delay Communicating"
862607052135455,J0038,MTC,"Vadapalani Depot",IPC_MTC_v1.23_c,28,Prime_edge_obu,"MTC CHENNAI","Delay Communicating"
862607052135372,J0902,MTC,"Iyyappanthangal Depot",IPC_MTC_v1.23_c,31,Prime_edge_obu,"MTC CHENNAI","Delay Communicating"
862607052133583,J0460,MTC,"Kalaignar Nagar Depot",IPC_MTC_v1.23_c,23,Prime_edge_obu,"MTC CHENNAI","Delay Communicating"
862607052117115,J0197,MTC,"Iyyappanthangal Depot",IPC_MTC_v1.23_c,31,Prime_edge_obu,"MTC CHENNAI","Delay Communicating"
862547057412360,J0822,MTC,"Central Depot",IPC_MTC_v1.23_c,26,Prime_edge_obu,"MTC CHENNAI","Delay Communicating"
862547054016560,K0466,MTC,"Alandur Depot",IPC_MTC_V1.24_TT,31,Prime_edge_obu,"MTC CHENNAI","Delay Communicating"
862547053936495,J0412,MTC,"Thiyagaraya Nagar Depot",IPC_MTC_v1.23_c,28,Prime_edge_obu,"MTC CHENNAI","Delay Communicating"
862547050859716,K0247,MTC,"Iyyappanthangal Depot",IPC_MTC_v1.23_c,31,Prime_edge_obu,"MTC CHENNAI","Delay Communicating"
862547050820098,K0667,MTC,"Tambaram Depot",IPC_AL_v0.3,29,Prime_edge_obu,"MTC CHENNAI","Delay Communicating"
862547050783767,J0860,MTC,"Vadapalani Depot",IPC_MTC_v1.23_c,31,Prime_edge_obu,"MTC CHENNAI","Delay Communicating"
,,,,IPC_MTC_V1.24_TT,26,,,"Delay Communicating"
862547050688479,J0918,MTC,"Central Depot",IPC_MTC_v1.23_c,29,Prime_edge_obu,"MTC CHENNAI","Delay Communicating"
862547050662367,K0252,MTC,"Madahvaram Depot",IPC_MTC_v1.23_c,31,Prime_edge_obu,"MTC CHENNAI","Delay Communicating"
862348058257668,J0964,MTC,"Adyar Depot",IPC_MTC_v1.23_c,31,Prime_edge_obu,"MTC CHENNAI","Delay Communicating"
,,,,IPC_MTC_v1.23_c,31,,,"Delay Communicating"
862107049430614,J1562,MTC,"Tambaram Depot",IPC_MTC_v1.23_c,30,Prime_edge_obu,"MTC CHENNAI","Delay Communicating"
862107048100069,J1524,MTC,"Iyyappanthangal Depot",IPC_MTC_v1.23_c,31,Prime_edge_obu,"MTC CHENNAI","Delay Communicating"
862107042793844,J0535,MTC,"Mandaveli Depot",IPC_MTC_v1.23_c,31,Prime_edge_obu,"MTC CHENNAI","Delay Communicating"
861942053293388,J2008,MTC,"Iyyappanthangal Depot",IPC_MTC_v1.23_c,31,Prime_edge_obu,"MTC CHENNAI","Delay Communicating"
861107037936904,J1394,MTC,"Adyar Depot",IPC_MTC_v1.23_c,29,Prime_edge_obu,"MTC CHENNAI","Delay Communicating"
861107037872505,J1625,MTC,"Mandaveli Depot",IPC_MTC_v1.23_c,29,Prime_edge_obu,"MTC CHENNAI","Delay Communicating"
861107037871135,J0963,MTC,"Avadi Depot",IPC_MTC_v1.23_c,21,Prime_edge_obu,"MTC CHENNAI","Delay Communicating"
861107037555043,J1405,MTC,"Thiruvanmiyur Depot",IPC_MTC_v1.23_c,30,Prime_edge_obu,"MTC CHENNAI","Delay Communicating"
861107037485084,J0998,MTC,"Vadapalani Depot",IPC_MTC_v1.23_c,27,Prime_edge_obu,"MTC CHENNAI","Delay Communicating"
861107035827899,J1097,MTC,"Saidapet Depot",IPC_MTC_v1.23_c,30,Prime_edge_obu,"MTC CHENNAI","Delay Communicating"
861107035367938,J2061,MTC,"Thiruvanmiyur Depot",IPC_MTC_v1.23_c,31,Prime_edge_obu,"MTC CHENNAI","Delay Communicating"
861107034071549,J1320,MTC,"Adyar Depot",IPC_MTC_v1.23_c,30,Prime_edge_obu,"MTC CHENNAI","Delay Communicating"
,,,,IPC_MTC_v1.23_c,31,,,"Delay Communicating"
861107032778285,J1270,MTC,"Tambaram Depot",IPC_MTC_v1.23_c,31,Prime_edge_obu,"MTC CHENNAI","Delay Communicating"
,,,,IPC_MTC_v1.23_c,27,,,"Delay Communicating"
861107032700214,J0352,MTC,"Thiyagaraya Nagar Depot",IPC_MTC_v1.23_c,29,Prime_edge_obu,"MTC CHENNAI","Delay Communicating"
861107032651185,J0993,MTC,"Adyar Depot",IPC_MTC_v1.23_c,31,Prime_edge_obu,"MTC CHENNAI","Delay Communicating"
861107032601404,J0411,MTC,"Thiyagaraya Nagar Depot",IPC_MTC_v1.23_c,30,Prime_edge_obu,"MTC CHENNAI","Delay Communicating"
860965069100835,J0783,MTC,"Perambur Depot",IPC_MTC_v1.23_c,31,Prime_edge_obu,"MTC CHENNAI","Delay Communicating"
860965069099763,K0590,MTC,"Poonamallee Depot",IPC_MTC_V1.24_TT,31,Prime_edge_obu,"MTC CHENNAI","Delay Communicating"
860965069087826,I1902,MTC,"Padiyanallur Depot",IPC_MTC_v1.23_c,21,Prime_edge_obu,"MTC CHENNAI","Delay Communicating"
860965069049701,K0275,MTC,"Thiruvottriyur Depot",IPC_MTC_v1.23_c,31,Prime_edge_obu,"MTC CHENNAI","Delay Communicating"
860965069048497,J1242,MTC,"Kilambakkam Depot",IPC_MTC_v1.23_c,31,Prime_edge_obu,"MTC CHENNAI","Delay Communicating"
860965068592362,J0598,MTC,"Poonamallee Depot",IPC_MTC_v1.23_c,31,Prime_edge_obu,"MTC CHENNAI","Delay Communicating"
860965067634819,J1932,MTC,"Tambaram Depot",IPC_MTC_v1.23_c,31,Prime_edge_obu,"MTC CHENNAI","Delay Communicating"
860965067631260,I1155,MTC,"Saidapet Depot",IPC_MTC_v1.23_c,31,Prime_edge_obu,"MTC CHENNAI","Delay Communicating"
860965067620487,K0498,MTC,"Madahvaram Depot",IPC_MTC_V1.24_TT,31,Prime_edge_obu,"MTC CHENNAI","Delay Communicating"
860965065318407,J2024,MTC,"Tondiarpet-1 Depot",IPC_MTC_v1.23_c,30,Prime_edge_obu,"MTC CHENNAI","Delay Communicating"
860965065283734,J1001,MTC,"Chromepet-1 Depot",IPC_MTC_v1.23_c,31,Prime_edge_obu,"MTC CHENNAI","Delay Communicating"
860965065279559,J2032,MTC,"Padiyanallur Depot",IPC_MTC_v1.23_c,31,Prime_edge_obu,"MTC CHENNAI","Delay Communicating"
860965065204375,K0475,MTC,"Kilambakkam Depot",IPC_MTC_V1.24_TT,27,Prime_edge_obu,"MTC CHENNAI","Delay Communicating"
860588043430878,J0381,MTC,"Mandaveli Depot",IPC_MTC_v1.23_c,27,Prime_edge_obu,"MTC CHENNAI","Delay Communicating"
860588042342033,J1399,MTC,"Annanagar Depot",IPC_MTC_v1.23_c,23,Prime_edge_obu,"MTC CHENNAI","Delay Communicating"
860588042341803,J0980,MTC,"Vadapalani Depot",IPC_MTC_v1.23_c,31,Prime_edge_obu,"MTC CHENNAI","Delay Communicating"
860588042341472,J1611,MTC,"Alandur Depot",IPC_MTC_v1.23_c,19,Prime_edge_obu,"MTC CHENNAI","Delay Communicating"
860588042340664,J1329,MTC,"Central Depot",IPC_MTC_v1.23_c,31,Prime_edge_obu,"MTC CHENNAI","Delay Communicating"
860588042340227,J1989,MTC,"Avadi Depot",IPC_MTC_v1.23_c,31,Prime_edge_obu,"MTC CHENNAI","Delay Communicating"
860548046781834,J1880,MTC,"Madahvaram Depot",IPC_MTC_v1.23_c,31,Prime_edge_obu,"MTC CHENNAI","Delay Communicating"
860548046766462,J1362,MTC,"Ayanavaram Depot",IPC_MTC_v1.23_c,28,Prime_edge_obu,"MTC CHENNAI","Delay Communicating"
,,,,IPC_MTC_v1.23_c,31,,,"Delay Communicating"
860548046732050,J0914,MTC,"Adyar Depot",IPC_MTC_v1.23_c,31,Prime_edge_obu,"MTC CHENNAI","Delay Communicating"
860548045717839,J1283,MTC,"Vadapalani Depot",IPC_MTC_v1.23_c,27,Prime_edge_obu,"MTC CHENNAI","Delay Communicating"
860548045694509,J1841,MTC,"Chromepet-1 Depot",IPC_MTC_v1.23_c,31,Prime_edge_obu,"MTC CHENNAI","Delay Communicating"
860548045694509,J1841,MTC,"Chromepet-1 Depot",IPC_MTC_v1.23_c,31,Prime_edge_obu,"MTC CHENNAI","Delay Communicating"
860548045649982,J1288,MTC,"Tambaram Depot",IPC_MTC_v1.23_c,31,Prime_edge_obu,"MTC CHENNAI","Delay Communicating"
860548045571939,J0354,MTC,"Kalaignar Nagar Depot",IPC_MTC_v1.23_c,31,Prime_edge_obu,"MTC CHENNAI","Delay Communicating"
860548044467881,J1068,MTC,"Tondiarpet-1 Depot",IPC_MTC_v1.23_c,31,Prime_edge_obu,"MTC CHENNAI","Delay Communicating"
860548044463229,J0464,MTC,"Thiyagaraya Nagar Depot",IPC_MTC_v1.23_c,24,Prime_edge_obu,"MTC CHENNAI","Delay Communicating"
860548044448121,J1699,MTC,"Kalaignar Nagar Depot",IPC_MTC_v1.23_c,31,Prime_edge_obu,"MTC CHENNAI","Delay Communicating"
860548044411475,J2104,MTC,"Kalaignar Nagar Depot",IPC_MTC_v1.23_c,31,Prime_edge_obu,"MTC CHENNAI","Delay Communicating"
860548044385315,J1408,MTC,"Perambur Depot",IPC_MTC_v1.23_c,31,Prime_edge_obu,"MTC CHENNAI","Delay Communicating"
860548042894359,J1077,MTC,"Thiruvanmiyur Depot",IPC_MTC_v1.23_c,31,Prime_edge_obu,"MTC CHENNAI","Delay Communicating"
860548042868676,J1402,MTC,"Perumbakkam Depot",IPC_MTC_v1.23_c,25,Prime_edge_obu,"MTC CHENNAI","Delay Communicating"
860548042854023,J1667,MTC,"Perambur Depot",IPC_MTC_v1.23_c,31,Prime_edge_obu,"MTC CHENNAI","Delay Communicating"
860548042792173,J1031,MTC,"Madahvaram Depot",IPC_MTC_v1.23_c,30,Prime_edge_obu,"MTC CHENNAI","Delay Communicating"
860548040377787,J1897,MTC,"Chromepet-1 Depot",IPC_MTC_v1.23_c,27,Prime_edge_obu,"MTC CHENNAI","Delay Communicating"
860548040362003,J0972,MTC,"Adyar Depot",IPC_MTC_v1.23_c,30,Prime_edge_obu,"MTC CHENNAI","Delay Communicating"
860548040356138,J1170,MTC,"Vadapalani Depot",IPC_MTC_v1.23_c,31,Prime_edge_obu,"MTC CHENNAI","Delay Communicating"
