"Vehicle No","Vehicle Code",DeviceID,City,Agency,Operator,Depot,VehicleType,"Seating Capacity",Region,"Etim Frequency","GST On Ticket","Surcharge On Ticket","Collection On Etim",Status,"GPS From Etim","Forward to Shuttl","Service Category","Fuel Type","Dispatch Type","Route Name","Service Start Time","Service End Time"
K0372,TN01AN4588,862607059042258,chennai,MTC,"MTC chennai","Ambathur Depot",Bus,N/A,N/A,N/A,No,No,No,Active,No,No,N/A,Diesel,N/A,"Ambattur Industrial Estate Road, Sector 1, Ambattur Industrial Estate, Chennai 600058, India",N/A,N/A
J1052,TN01AN2052,863412047322667,chennai,MTC,"MTC chennai","Iyyappanthangal Depot",Bus,N/A,N/A,N/A,No,No,No,Active,No,No,N/A,Diesel,N/A,"J. V. Beach House, DR Basant Road, Triplicane, Chennai 600005, India",N/A,N/A
J1571,TN01AN2989,863418055860522,chennai,MTC,"MTC chennai","Chromepet-1 Depot",Bus,N/A,N/A,N/A,No,No,No,Active,No,No,N/A,Diesel,N/A,"Vandalur Kelambakkam Main Road, Vandalur, Chennai 600048, India",N/A,N/A
J1161,TN01AN2147,866758049534809,chennai,MTC,"MTC chennai","Thiruvottriyur Depot",Bus,N/A,N/A,N/A,No,No,No,Active,No,No,N/A,Diesel,N/A,"1/5 E V R Periyar Salai, Koyambedu, Chennai 600107, India",N/A,N/A
K0748,TN01AN5089,867383050875238,chennai,MTC,"MTC chennai","Poonamallee Depot",Bus,N/A,N/A,N/A,No,No,No,Active,No,No,N/A,Diesel,N/A,"THIRUVANMIYUR BUS STAND (Towards JAYANTHI THEATRE)",N/A,N/A
J0631,TN01AN1289,862607059182187,chennai,MTC,"MTC chennai","Ambathur Depot",Bus,N/A,N/A,N/A,No,No,No,Active,No,No,N/A,Diesel,N/A,"Anbu Sweets",N/A,N/A
K0402,TN01AN4705,862607059197425,chennai,MTC,"MTC chennai","Saidapet Depot",Bus,N/A,N/A,N/A,No,No,No,Active,No,No,N/A,Diesel,N/A,"254 Mount Poonamallee High Road, Poonamallee, Chennai 600056, India",N/A,N/A
K0395,TN01AN4673,862607055693138,chennai,MTC,"MTC chennai","Central Depot",Bus,N/A,N/A,N/A,No,No,No,Active,No,No,N/A,Diesel,N/A,"2 Five Furlong Road, Madras Gymkhana Club Area, Guindy, Chennai 600032, India",N/A,N/A
J0024,TN01N9821,867032053892332,chennai,MTC,"MTC chennai","Thiruvottriyur Depot",Bus,N/A,N/A,N/A,No,No,No,Active,No,No,N/A,Diesel,N/A,"METTUKULAM (Towards NERKUNDRAM)",N/A,N/A
J1660,TN01AN3285,862607059210491,chennai,MTC,"MTC chennai","Perumbakkam Depot",Bus,N/A,N/A,N/A,No,No,No,Active,No,No,N/A,Diesel,N/A,"Old Mahabalipuram Road, Thiruporur, Chengalpattu 603110, India",N/A,N/A
J1040,TN01AN1963,867032053739962,chennai,MTC,"MTC chennai","Annanagar Depot",Bus,N/A,N/A,N/A,No,No,No,Active,No,No,N/A,Diesel,N/A,"PADI LUCAS TVS (Towards UCO BANK)",N/A,N/A
J0237,TN01AN0625,867032053800632,chennai,MTC,"MTC chennai","Ambathur Depot",Bus,N/A,N/A,N/A,No,No,No,Active,No,No,N/A,Diesel,N/A,"Shri Padmaraj Chemicals",N/A,N/A
J0865,TN01AN1639,862607059102656,chennai,MTC,"MTC chennai","Central Depot",Bus,N/A,N/A,N/A,No,No,No,Active,No,No,N/A,Diesel,N/A,"Old Mahabalipuram Road, Kazhipattur, Chennai 603103, India",N/A,N/A
J0246,TN01AN0615,862607059103555,chennai,MTC,"MTC chennai","Tondiarpet-1 Depot",Bus,N/A,N/A,N/A,No,No,No,Active,No,No,N/A,Diesel,N/A,"Indian Overseas Bank-Broad way",N/A,N/A
J1231,TN01AN2218,864513041458107,chennai,MTC,"MTC chennai","Ambathur Depot",Bus,N/A,N/A,N/A,No,No,No,Active,No,No,N/A,Diesel,N/A,"Alagu Square, M T H Road, Indira Nagar, Ambattur, Chennai 600053, India",N/A,N/A
K0337,TN01AN4852,862607059144443,chennai,MTC,"MTC chennai","Poonamallee Depot",Bus,N/A,N/A,N/A,No,No,No,Active,No,No,N/A,Diesel,N/A,"SIKKARAYAPURAM (Towards SIVANTHANGAL)",N/A,N/A
K0353,TN01AN4489,862607052182663,chennai,MTC,"MTC chennai","Annanagar Depot",Bus,N/A,N/A,N/A,No,No,No,Active,No,No,N/A,Diesel,N/A,"Pushparaj Textiles & Readymades",N/A,N/A
K0338,TN01AN4878,867032053892407,chennai,MTC,"MTC chennai","Poonamallee Depot",Bus,N/A,N/A,N/A,No,No,No,Active,No,No,N/A,Diesel,N/A,"JBM Towers, G S T Road, Condonment, Pallavaram, Chennai 600043, India",N/A,N/A
J2111,TN01AN4007,862607059364314,chennai,MTC,"MTC chennai","Vadapalani Depot",Bus,N/A,N/A,N/A,No,No,No,Active,No,No,N/A,Diesel,N/A,"Kutty Flush Doors and Furniture",N/A,N/A
J1831,TN45N4161,864337056165518,chennai,MTC,"MTC chennai","Ayanavaram Depot",Bus,N/A,N/A,N/A,No,No,No,Active,No,No,N/A,Diesel,N/A,"RAMALINGAPURAM (Towards VALLALAR NAGAR)",N/A,N/A
I2996,TN01N9516,865860041704710,chennai,MTC,"MTC chennai","Adyar Depot",Bus,N/A,N/A,N/A,No,No,No,Active,No,No,N/A,Diesel,N/A,"Perambur High Road, Carriage Works, Ayanavaram, Chennai 600023, India",N/A,N/A
J0683,TN01AN1386,866041042226263,chennai,MTC,"MTC chennai","Tondiarpet-1 Depot",Bus,N/A,N/A,N/A,No,No,No,Active,No,No,N/A,Diesel,N/A,"Ennore High Road, Netaji NGR, Tondiarpet, Chennai 600081, India",N/A,N/A
J0105,TN01AN0181,864513041431641,chennai,MTC,"MTC chennai","Tondiarpet-2 Depot",Bus,N/A,N/A,N/A,No,No,No,Active,No,No,N/A,Diesel,N/A,"TONDAIRPET-1 DEPOT (Towards DEPOT)",N/A,N/A
J0083,TN01N9943,864650059572492,chennai,MTC,"MTC chennai","Vadapalani Depot",Bus,N/A,N/A,N/A,No,No,No,Active,No,No,N/A,Diesel,N/A,"Sidharth Heights, N S K Salai, Saligramam, Chennai 600093, India",N/A,N/A
J1345,TN01AN2731,865860042118050,chennai,MTC,"MTC chennai","Poonamallee Depot",Bus,N/A,N/A,N/A,No,No,No,Active,No,No,N/A,Diesel,N/A,"158 Trunk Road, MG Nagar, Poonamallee, Chennai 600056, India",N/A,N/A
J0174,TN01AN0495,865501043894337,chennai,MTC,"MTC chennai","Perumbakkam Depot",Bus,N/A,N/A,N/A,No,No,No,Active,No,No,N/A,Diesel,N/A,"OODAI (Towards PONNIAMMAN KOVIL)",N/A,N/A
J0029,TN01N9824,864977043758816,chennai,MTC,"MTC chennai","Tondiarpet-1 Depot",Bus,N/A,N/A,N/A,No,No,No,Active,No,No,N/A,Diesel,N/A,"RATTAN BAZAAR ROAD (MUC) (Towards EVENING BAZAAR ROAD)",N/A,N/A
K0018,TN01AN4064,866041040943547,chennai,MTC,"MTC chennai","Tambaram Depot",Bus,N/A,N/A,N/A,No,No,No,Active,No,No,N/A,Diesel,N/A,"G S T Road, Chennai 600048, India",N/A,N/A
I1944,TN01N7718,867032059163720,chennai,MTC,"MTC chennai","Chromepet-1 Depot",Bus,N/A,N/A,N/A,No,No,No,Active,No,No,N/A,Diesel,N/A,"PALLAVARAM BUS STAND (Towards SARAVANA STORE CHROMEPET)",N/A,N/A
J1143,TN01AN2054,860965064643607,chennai,MTC,"MTC chennai","Tambaram Depot",Bus,N/A,N/A,N/A,No,No,No,Active,No,No,N/A,Diesel,N/A,"Valchery Main Road, Maruti Nagar, Rajakilpakkam, Chennai 600073, India",N/A,N/A
J1268,TN01AN2408,861107037520278,chennai,MTC,"MTC chennai","Padiyanallur Depot",Bus,N/A,N/A,N/A,No,No,No,Active,No,No,N/A,Diesel,N/A,"KANNIGAIPAIR BAZAR (Towards KANNIGAIPAIR CHURCH)",N/A,N/A
J1427,TN01AN2650,862607059115302,chennai,MTC,"MTC chennai","Tambaram Depot",Bus,N/A,N/A,N/A,No,No,No,Active,No,No,N/A,Diesel,N/A,"Kelambakkam Main Road, Kolapakkam, Chennai 600127, India",N/A,N/A
J1090,TN01AN2229,862107043836758,chennai,MTC,"MTC chennai","Annanagar Depot",Bus,N/A,N/A,N/A,No,No,No,Active,No,No,N/A,Diesel,N/A,"200 Feet Road, Kolathur, Chennai 600099, India",N/A,N/A
J2093,TN01AN3938,868142049673230,chennai,MTC,"MTC chennai","Tondiarpet-1 Depot",Bus,N/A,N/A,N/A,No,No,No,Active,No,No,N/A,Diesel,N/A,"BESANT NAGAR (Towards BESANT NAGAR CHURCH)",N/A,N/A
I3337,TN01N9649,864337053354446,chennai,MTC,"MTC chennai","Ambathur Depot",Bus,N/A,N/A,N/A,No,No,No,Active,No,No,N/A,Diesel,N/A,"PAMMADUKULAM POTHUR (Towards POTHUR)",N/A,N/A
K0394,TN01AN4533,862607059174358,chennai,MTC,"MTC chennai","Ambathur Depot",Bus,N/A,N/A,N/A,No,No,No,Active,No,No,N/A,Diesel,N/A,"54 Mayor Ramanathan Salai, Murugasan, Chetpet, Chennai 600031, India",N/A,N/A
K0304,TN01AN4786,862607055623325,chennai,MTC,"MTC chennai","Tambaram Depot",Bus,N/A,N/A,N/A,No,No,No,Active,No,No,N/A,Diesel,N/A,No,N/A,N/A
J0314,TN01AN0770,867032059031687,chennai,MTC,"MTC chennai","Kalaignar Nagar Depot",Bus,N/A,N/A,N/A,No,No,No,Active,No,No,N/A,Diesel,N/A,"34-13 11th Avenue, Ashok Nagar, Chennai 600083, India",N/A,N/A
J1123,TN01AN2372,864513041526705,chennai,MTC,"MTC chennai","Basinbridge Depot",Bus,N/A,N/A,N/A,No,No,No,Active,No,No,N/A,Diesel,N/A,"Mosque Street, Mullai Thottam, Poonamallee, Chennai 600056, India",N/A,N/A
J1557,TN01AN3038,864977043768864,chennai,MTC,"MTC chennai","Thiruvottriyur Depot",Bus,N/A,N/A,N/A,No,No,No,Active,No,No,N/A,Diesel,N/A,"72 Mannarsamy Koil Street, Kalmandapam, Royapuram, Chennai 600013, India",N/A,N/A
J1296,TN01AN2508,864513046452170,chennai,MTC,"MTC chennai","Vadapalani Depot",Bus,N/A,N/A,N/A,No,No,No,Active,No,No,N/A,Diesel,N/A,"Waycool Foods and Products",N/A,N/A
K0751,TN01AN5058,863418055920029,chennai,MTC,"MTC chennai","Poonamallee Depot",Bus,N/A,N/A,N/A,No,No,No,Active,No,No,N/A,Diesel,N/A,"Arjun Complex, 5-A Arcot Road, Jai Nagar, Valasaravakkam, Chennai 600087, India",N/A,N/A
J0719,TN01AN1560,867032059226519,chennai,MTC,"MTC chennai","Poonamallee Depot",Bus,N/A,N/A,N/A,No,No,No,Active,No,No,N/A,Diesel,N/A,"Chennai Bangalore Highway, Sriperumbudur 602105, India",N/A,N/A
J1329,TN01AN2571,860965068589384,chennai,MTC,"MTC chennai","Central Depot",Bus,N/A,N/A,N/A,No,No,No,Active,No,No,N/A,Diesel,N/A,"Anna Salai, Chintadripet, Chennai 600002, India",N/A,N/A
J0042,TN01N9850,860588042340664,chennai,MTC,"MTC chennai","Chromepet-2 Depot",Bus,N/A,N/A,N/A,No,No,No,Active,No,No,N/A,Diesel,N/A,"1st Main Road, Nesamani Nagar, Perumbakkam, Chennai 600100, India",N/A,N/A
J0768,TN01AN1485,865860041741472,chennai,MTC,"MTC chennai","Saidapet Depot",Bus,N/A,N/A,N/A,No,No,No,Active,No,No,N/A,Diesel,N/A,"NORTH ROAD (Towards CIT NAGAR 1ST MAIN ROAD)",N/A,N/A
J1415,TN01AN2568,864650059579729,chennai,MTC,"MTC chennai","Avadi Depot",Bus,N/A,N/A,N/A,No,No,No,Active,No,No,N/A,Diesel,N/A,"THINATHANTHI (Towards HOTEL EVEREST)",N/A,N/A
J0699,TN01AN1380,867032053778317,chennai,MTC,"MTC chennai","Alandur Depot",Bus,N/A,N/A,N/A,No,No,No,Active,No,No,N/A,Diesel,N/A,"65/A Duraikannu Road, Old Pallavaram, Chennai 600117, India",N/A,N/A
J1675,TN01AN3237,862607059090729,chennai,MTC,"MTC chennai","Ayanavaram Depot",Bus,N/A,N/A,N/A,No,No,No,Active,No,No,N/A,Diesel,N/A,"Anna Salai, Park Town, Chennai 600003, India",N/A,N/A
J2081,TN01AN3754,865860042085150,chennai,MTC,"MTC chennai","Iyyappanthangal Depot",Bus,N/A,N/A,N/A,No,No,No,Active,No,No,N/A,Diesel,N/A,"DURAISWAMY ROAD (Towards ARCOT ROAD)",N/A,N/A
K0129,TN01AN4135,865501043933457,chennai,MTC,"MTC chennai","Ennore Depot",Bus,N/A,N/A,N/A,No,No,No,Active,No,No,N/A,Diesel,N/A,"VALLUVAR NAGAR (Towards KAMARAJ NAGAR)",N/A,N/A
J1837,TN01AN3552,867605051095519,chennai,MTC,"MTC chennai","Perumbakkam Depot",Bus,N/A,N/A,N/A,No,No,No,Active,No,No,N/A,Diesel,N/A,"103 I T Express Highway, Navalur, Chennai 603103, India",N/A,N/A
I1675,TN01N7499,868142049734800,chennai,MTC,"MTC chennai","Ayanavaram Depot",Bus,N/A,N/A,N/A,No,No,No,Active,No,No,N/A,Diesel,N/A,"Konnur High Road, Venkatesapuram Colony, Ayanavaram, Chennai 600023, India",N/A,N/A
J2017,TN01AN3877,864513041450468,chennai,MTC,"MTC chennai","Ayanavaram Depot",Bus,N/A,N/A,N/A,No,No,No,Active,No,No,N/A,Diesel,N/A,"New Avadi Road, Anna Nagar, Chennai 600102, India",N/A,N/A
J1503,TN01AN2758,868704043966652,chennai,MTC,"MTC chennai","Madahvaram Depot",Bus,N/A,N/A,N/A,No,No,No,Active,No,No,N/A,Diesel,N/A,"7-3 Redhills High Road, Ponniammanmedu, Chennai 600110, India",N/A,N/A
J0287,TN01AN0707,867032053900796,chennai,MTC,"MTC chennai","Adambakkam Depot",Bus,N/A,N/A,N/A,No,No,No,Active,No,No,N/A,Diesel,N/A,"Reses Gift & Toys",N/A,N/A
J0952,TN01AN1855,864388041719752,chennai,MTC,"MTC chennai","Ambathur Depot",Bus,N/A,N/A,N/A,No,No,No,Active,No,No,N/A,Diesel,N/A,"MOGAIPAIR ROAD JUNCTION (Towards GOLDEN FLATS)",N/A,N/A
K0257,TN01AN4361,862607059024793,chennai,MTC,"MTC chennai","Basinbridge Depot",Bus,N/A,N/A,N/A,No,No,No,Active,No,No,N/A,Diesel,N/A,"E V R Periyar Salai, Kilpauk, Chennai 600010, India",N/A,N/A
J0811,TN01AN1570,867032059259809,chennai,MTC,"MTC chennai","Ambathur Depot",Bus,N/A,N/A,N/A,No,No,No,Active,No,No,N/A,Diesel,N/A,"M.G.R.KOYAMBEDU (Towards EXIT)",N/A,N/A
J2033,TN01AN3897,864337056193825,chennai,MTC,"MTC chennai","Padiyanallur Depot",Bus,N/A,N/A,N/A,No,No,No,Active,No,No,N/A,Diesel,N/A,"Ganesh Medicals",N/A,N/A
J1578,TN01AN3042,862607059195015,chennai,MTC,"MTC chennai","Thiruvottriyur Depot",Bus,N/A,N/A,N/A,No,No,No,Active,No,No,N/A,Diesel,N/A,"Thiruvottriyur High Road, Thiruvottiyur, Chennai 600019, India",N/A,N/A
K0758,TN01AN5103,860965067631468,chennai,MTC,"MTC chennai","Thiyagaraya Nagar Depot",Bus,N/A,N/A,N/A,No,No,No,Active,No,No,N/A,Diesel,N/A,"THEYAGARAYA NAGAR DEPOT (Towards DEPOT)",N/A,N/A
J0591,TN01AN1474,864513045652739,chennai,MTC,"MTC chennai","Poonamallee Depot",Bus,N/A,N/A,N/A,No,No,No,Active,No,No,N/A,Diesel,N/A,"5 Mount Poonamallee High Road, Poonamallee, Chennai 600056, India",N/A,N/A
J2084,TN01AN4001,862607059213727,chennai,MTC,"MTC chennai","Avadi Depot",Bus,N/A,N/A,N/A,No,No,No,Active,No,No,N/A,Diesel,N/A,"G S T Road, West Tambaram, Chennai 600045, India",N/A,N/A
I2942,TN01N8932,862607055718877,chennai,MTC,"MTC chennai","Madahvaram Depot",Bus,N/A,N/A,N/A,No,No,No,Active,No,No,N/A,Diesel,N/A,"Service Road, Moolakadai-Erukkanchery, Kodungaiyur, Chennai 600118, India",N/A,N/A
J0929,TN01AN1915,864977047876416,chennai,MTC,"MTC chennai","Tambaram Depot",Bus,N/A,N/A,N/A,No,No,No,Active,No,No,N/A,Diesel,N/A,"SAMATHUVAPURAM (Towards KEELAKOTTAIYUR OR MALROSAPURAM)",N/A,N/A
J1380,TN01AN2833,860965067648223,chennai,MTC,"MTC chennai","Thiruvanmiyur Depot",Bus,N/A,N/A,N/A,No,No,No,Active,No,No,N/A,Diesel,N/A,"Perungulathur Bus Stand",N/A,N/A
J1857,TN01AN3642,868704041304138,chennai,MTC,"MTC chennai","Kalaignar Nagar Depot",Bus,N/A,N/A,N/A,No,No,No,Active,No,No,N/A,Diesel,N/A,"Power Matic",N/A,N/A
J1856,TN01AN3679,860548044444401,chennai,MTC,"MTC chennai","Iyyappanthangal Depot",Bus,N/A,N/A,N/A,No,No,No,Active,No,No,N/A,Diesel,N/A,"5 Mount Poonamallee High Road, Poonamallee, Chennai 600056, India",N/A,N/A
J0814,TN01AN1563,864977043696222,chennai,MTC,"MTC chennai","Tondiarpet-1 Depot",Bus,N/A,N/A,N/A,No,No,No,Active,No,No,N/A,Diesel,N/A,"Ennore High Road, Thiruvottiyur, Chennai 600019, India",N/A,N/A
K0307,TN01AN4635,864650059677671,chennai,MTC,"MTC chennai","Chromepet-1 Depot",Bus,N/A,N/A,N/A,No,No,No,Active,No,No,N/A,Diesel,N/A,"KADAPERI (Towards TAMBARAM WEST BUS STAND)",N/A,N/A
K0072,TN01AN4127,862607059139765,chennai,MTC,"MTC chennai","Tondiarpet-1 Depot",Bus,N/A,N/A,N/A,No,No,No,Active,No,No,N/A,Diesel,N/A,"APOLLO OR CHOLERA HOSPITAL (Towards TONDIARPET BUS DEPOT)",N/A,N/A
J0045,TN01N9856,865501043878702,chennai,MTC,"MTC chennai","Vadapalani Depot",Bus,N/A,N/A,N/A,No,No,No,Active,No,No,N/A,Diesel,N/A,"GANDHI MANDAPAM ROAD (Towards SARDAR PATEL ROAD)",N/A,N/A
J0425,TN01AN0892,867032053771858,chennai,MTC,"MTC chennai","Alandur Depot",Bus,N/A,N/A,N/A,No,No,No,Active,No,No,N/A,Diesel,N/A,"82 T T Krishnamachari Road, Alwarpet, Chennai 600018, India",N/A,N/A
K0359,TN01AN4442,862607059153436,chennai,MTC,"MTC chennai","Annanagar Depot",Bus,N/A,N/A,N/A,No,No,No,Active,No,No,N/A,Diesel,N/A,"Andarkuppam Ponneri High Road, Manali New Town, Chennai 600103, India",N/A,N/A
I1949,TN01N7727,866758042315065,chennai,MTC,"MTC chennai","Chromepet-1 Depot",Bus,N/A,N/A,N/A,No,No,No,Active,No,No,N/A,Diesel,N/A,"SARAVANA STORE CHROMEPET (Towards PALLAVARAM NEW BRIDGE)",N/A,N/A
J1434,TN01AN2668,868794061123237,chennai,MTC,"MTC chennai","Vadapalani Depot",Bus,N/A,N/A,N/A,No,No,No,Active,No,No,N/A,Diesel,N/A,"Ultra Mass Modular",N/A,N/A
K0303,TN01AN4640,868704041314947,chennai,MTC,"MTC chennai","Avadi Depot",Bus,N/A,N/A,N/A,No,No,No,Active,No,No,N/A,Diesel,N/A,"Pothur Main Road, Lakshmipuram, Pammathukulam, Chennai 600052, India",N/A,N/A
J1448,TN01AN2689,867032053792912,chennai,MTC,"MTC chennai","Saidapet Depot",Bus,N/A,N/A,N/A,No,No,No,Active,No,No,N/A,Diesel,N/A,"SOUMYA NAGAR (Towards MEDAVAKKAM JUNCTION)",N/A,N/A
K0656,TN01AN4762,864650054264392,chennai,MTC,"MTC chennai","Vadapalani Depot",Bus,N/A,N/A,N/A,No,No,No,Active,No,No,N/A,Diesel,N/A,"Sesh Kamal, 251/76 E V R Periyar Salai, Chetpet, Chennai 600031, India",N/A,N/A
J2105,TN01AN3966,867032053891508,chennai,MTC,"MTC chennai","Kalaignar Nagar Depot",Bus,N/A,N/A,N/A,No,No,No,Active,No,No,N/A,Diesel,N/A,"J-124 100 Feet Road, Loganatha Nagar, Choolaimedu, Chennai 600094, India",N/A,N/A
K0166,TN01AN4201,868704043919735,chennai,MTC,"MTC chennai","Tambaram Depot",Bus,N/A,N/A,N/A,No,No,No,Active,No,No,N/A,Diesel,N/A,"O M R Road, Kannagapattu-Abirami Nagar, Thiruporur, Chengalpattu 603110, India",N/A,N/A
J0435,TN01AN0820,863418053139986,chennai,MTC,"MTC chennai","Alandur Depot",Bus,N/A,N/A,N/A,No,No,No,Active,No,No,N/A,Diesel,N/A,"Fiona Coffee",N/A,N/A
K0291,TN01AN4741,862607055648959,chennai,MTC,"MTC chennai","Perumbakkam Depot",Bus,N/A,N/A,N/A,No,No,No,Active,No,No,N/A,Diesel,N/A,"2102/A It Highway, Sholinganallur, Chennai 600119, India",N/A,N/A
J0142,TN01AN0220,867032059230370,chennai,MTC,"MTC chennai","Thiruvottriyur Depot",Bus,N/A,N/A,N/A,No,No,No,Active,No,No,N/A,Diesel,N/A,"5 Thiruvottiyur High Road, Bharath Nagar, Ernavoor, Chennai 600057, India",N/A,N/A
J0037,TN01N9839,868142049823256,chennai,MTC,"MTC chennai","Vadapalani Depot",Bus,N/A,N/A,N/A,No,No,No,Active,No,No,N/A,Diesel,N/A,"80 Feet Road, Vijayaragavapuram, Saligramam, Chennai 600093, India",N/A,N/A
J1618,TN01AN3089,864513041446516,chennai,MTC,"MTC chennai","Kalaignar Nagar Depot",Bus,N/A,N/A,N/A,No,No,No,Active,No,No,N/A,Diesel,N/A,"P H Road, Thiruvallur Sub-District 602025, India",N/A,N/A
K0552,TN01AN5023,867732035503465,chennai,MTC,"MTC chennai","Tondiarpet-2 Depot",Bus,N/A,N/A,N/A,No,No,No,Active,No,No,N/A,Diesel,N/A,"Minjur New Terminus",N/A,N/A
K0210,TN01AN4503,862607059170893,chennai,MTC,"MTC chennai","Tambaram Depot",Bus,N/A,N/A,N/A,No,No,No,Active,No,No,N/A,Diesel,N/A,"O M R Road, Kootha Vakkam, Mahabalipuram 603104, India",N/A,N/A
J1786,TN01AN3782,862607055629082,chennai,MTC,"MTC chennai","Kalaignar Nagar Depot",Bus,N/A,N/A,N/A,No,No,No,Active,No,No,N/A,Diesel,N/A,"Pearl Sardar, G S T Road, Anna Zoological Park, Chennai 603210, India",N/A,N/A
J0454,TN01AN1155,866758049560184,chennai,MTC,"MTC chennai","Mandaveli Depot",Bus,N/A,N/A,N/A,No,No,No,Active,No,No,N/A,Diesel,N/A,"ADYAR DEPOT (Towards DEPOT)",N/A,N/A
J0641,TN01AN1246,869756046109119,chennai,MTC,"MTC chennai","Chromepet-1 Depot",Bus,N/A,N/A,N/A,No,No,No,Active,No,No,N/A,Diesel,N/A,"CHROMEPET (Towards SARAVANA STORE CHROMEPET)",N/A,N/A
J0114,TN01AN0180,867032053909417,chennai,MTC,"MTC chennai","Ennore Depot",Bus,N/A,N/A,N/A,No,No,No,Active,No,No,N/A,Diesel,N/A,"KALASHETRA ROAD (Towards LB ROAD)",N/A,N/A
K0465,TN01AN4467,862607059196609,chennai,MTC,"MTC chennai","Kilambakkam Depot",Bus,N/A,N/A,N/A,No,No,No,Active,No,No,N/A,Diesel,N/A,"Service Road, Anna University Campus, Guindy, Chennai 600025, India",N/A,N/A
K0318,TN01AN4851,864977047886787,chennai,MTC,"MTC chennai","Tambaram Depot",Bus,N/A,N/A,N/A,No,No,No,Active,No,No,N/A,Diesel,N/A,"Shivam Car Care",N/A,N/A
J1459,TN01AN2795,864977047874437,chennai,MTC,"MTC chennai","Central Depot",Bus,N/A,N/A,N/A,No,No,No,Active,No,No,N/A,Diesel,N/A,"Kushal Kunj, Vepery High Road, Vepery, Chennai 600007, India",N/A,N/A
J0213,TN01AN0556,866758042043204,chennai,MTC,"MTC chennai","Vadapalani Depot",Bus,N/A,N/A,N/A,No,No,No,Active,No,No,N/A,Diesel,N/A,"Kesineni Tours, Travels & Cargo Carriers",N/A,N/A
J0659,TN01AN1329,862607059149566,chennai,MTC,"MTC chennai","Kalaignar Nagar Depot",Bus,N/A,N/A,N/A,No,No,No,Active,No,No,N/A,Diesel,N/A,"GUINDY RAILWAY STATION (Towards MADUVANKARAI)",N/A,N/A
J1903,TN01AN3751,869756048088899,chennai,MTC,"MTC chennai","Ayanavaram Depot",Bus,N/A,N/A,N/A,No,No,No,Active,No,No,N/A,Diesel,N/A,"303 Konnur High Road, KK NGR, Ayanavaram, Chennai 600023, India",N/A,N/A
K0315,TN01AN4810,867032059226204,chennai,MTC,"MTC chennai","Madahvaram Depot",Bus,N/A,N/A,N/A,No,No,No,Active,No,No,N/A,Diesel,N/A,"MADHAVARAM DEPOT (Towards DEPOT)",N/A,N/A
J0999,TN01AN1870,864388040059465,chennai,MTC,"MTC chennai","Thiruvanmiyur Depot",Bus,N/A,N/A,N/A,No,No,No,Active,No,No,N/A,Diesel,N/A,"Semmozhi Salai, Perumbakkam, Chennai 600100, India",N/A,N/A
J0217,TN01AN0554,862547050865341,chennai,MTC,"MTC chennai","Annanagar Depot",Bus,N/A,N/A,N/A,No,No,No,Active,No,No,N/A,Diesel,N/A,"HARRINGTON ROAD (Towards EVR SALAI)",N/A,N/A
K0715,TN01AN4986,865860041769226,chennai,MTC,"MTC chennai","Adyar Depot",Bus,N/A,N/A,N/A,No,No,No,Active,No,No,N/A,Diesel,N/A,"E C R Road, Elanthoppu, Pattipulam, Chengalpattu 603104, India",N/A,N/A
J2077,TN01AN3886,862607059083153,chennai,MTC,"MTC chennai","Iyyappanthangal Depot",Bus,N/A,N/A,N/A,No,No,No,Active,No,No,N/A,Diesel,N/A,"SJR Steel Trading Company",N/A,N/A
K0120,TN01AN4133,868704043922754,chennai,MTC,"MTC chennai","Ennore Depot",Bus,N/A,N/A,N/A,No,No,No,Active,No,No,N/A,Diesel,N/A,"Ashok Leyland Foundry Division Gate 3",N/A,N/A
I1942,TN01N7705,862607055711096,chennai,MTC,"MTC chennai","Thiruvottriyur Depot",Bus,N/A,N/A,N/A,No,No,No,Active,No,No,N/A,Diesel,N/A,Planet,N/A,N/A
J0905,TN01AN1703,867032059059019,chennai,MTC,"MTC chennai","Ambathur Depot",Bus,N/A,N/A,N/A,No,No,No,Active,No,No,N/A,Diesel,N/A,"4 Jafferkhanpet Main Road, Anjugam Nagar, Jafferkhanpet, Chennai 600083, India",N/A,N/A
K0192,TN01AN4455,862607059215821,chennai,MTC,"MTC chennai","Tambaram Depot",Bus,N/A,N/A,N/A,No,No,No,Active,No,No,N/A,Diesel,N/A,"TAMBARAM SANATORIUM BUS STAND (Towards TB HOSPITAL)",N/A,N/A
J0389,TN01AN0867,862607059043363,chennai,MTC,"MTC chennai","Ambathur Depot",Bus,N/A,N/A,N/A,No,No,No,Active,No,No,N/A,Diesel,N/A,"C.P.W.D QUARTERS (Towards KOYAMBEDU CHATHIRAM)",N/A,N/A
J1746,TN01AN3511,862607059358050,chennai,MTC,"MTC chennai","Perumbakkam Depot",Bus,N/A,N/A,N/A,No,No,No,Active,No,No,N/A,Diesel,N/A,"Vaalliammal Babu Marriage Hall",N/A,N/A
K0443,TN01AN4434,867032058996096,chennai,MTC,"MTC chennai","Kilambakkam Depot",Bus,N/A,N/A,N/A,No,No,No,Active,No,No,N/A,Diesel,N/A,"Kalyan Grand - A Business Hotel",N/A,N/A
K0509,TN01AN4818,862607059035492,chennai,MTC,"MTC chennai","Kilambakkam Depot",Bus,N/A,N/A,N/A,No,No,No,Active,No,No,N/A,Diesel,N/A,"SEKKADU (Towards HINDU COLLEGE)",N/A,N/A
K0155,TN01AN4198,864650059565439,chennai,MTC,"MTC chennai","Tambaram Depot",Bus,N/A,N/A,N/A,No,No,No,Active,No,No,N/A,Diesel,N/A,"M.R THEATRE (Towards TAMBARAM WEST BUS STAND)",N/A,N/A
K0280,TN01AN4757,868794061302070,chennai,MTC,"MTC chennai","Kundrathur Depot",Bus,N/A,N/A,N/A,No,No,No,Active,No,No,N/A,Diesel,N/A,"Pallavaram Main Road, Karaima Nagar, Kundrathur, Chennai 600069, India",N/A,N/A
K0743,TN01AN5056,864650059632650,chennai,MTC,"MTC chennai","Poonamallee Depot",Bus,N/A,N/A,N/A,No,No,No,Active,No,No,N/A,Diesel,N/A,"BROADWAY (Towards EXIT)",N/A,N/A
I3366,TN01N9682,864337053466661,chennai,MTC,"MTC chennai","Ambathur Depot",Bus,N/A,N/A,N/A,No,No,No,Active,No,No,N/A,Diesel,N/A,"OTTERI POLICE STATION (Towards BINNY MILL CANTEEN)",N/A,N/A
J0964,TN01AN1920,867032053804360,chennai,MTC,"MTC chennai","Adyar Depot",Bus,N/A,N/A,N/A,No,No,No,Active,No,No,N/A,Diesel,N/A,"O M R Road, Perungudi, Chennai 600096, India",N/A,N/A
J1905,TN01AN3750,862348058257668,chennai,MTC,"MTC chennai","Kundrathur Depot",Bus,N/A,N/A,N/A,No,No,No,Active,No,No,N/A,Diesel,N/A,"PALLAVAN SALAI (Towards ANNA SALAI)",N/A,N/A
J0596,TN01AN1487,867032053748849,chennai,MTC,"MTC chennai","Alandur Depot",Bus,N/A,N/A,N/A,No,No,No,Active,No,No,N/A,Diesel,N/A,"Valchery Main Road, Pallikaranai, Chennai 600100, India",N/A,N/A
J1560,TN01AN3127,862607055628647,chennai,MTC,"MTC chennai","Chromepet-1 Depot",Bus,N/A,N/A,N/A,No,No,No,Active,No,No,N/A,Diesel,N/A,"G S T Road, Chromepet, Chennai 600044, India",N/A,N/A
J0756,TN01AN1708,868704041288117,chennai,MTC,"MTC chennai","Kalaignar Nagar Depot",Bus,N/A,N/A,N/A,No,No,No,Active,No,No,N/A,Diesel,N/A,"8/49 G S T Road, Chromepet, Chennai 600044, India",N/A,N/A
J1762,TN01AN3366,868704046737449,chennai,MTC,"MTC chennai","Annanagar Depot",Bus,N/A,N/A,N/A,No,No,No,Active,No,No,N/A,Diesel,N/A,"100 Feet Main Road, Baby Nagar, Velachery, Chennai 600042, India",N/A,N/A
J1073,TN01AN2061,864650059572245,chennai,MTC,"MTC chennai","Adyar Depot",Bus,N/A,N/A,N/A,No,No,No,Active,No,No,N/A,Diesel,N/A,"Uthamar Gandhi Salai, DR.Thirumurthy Nagar, Nungambakkam, Chennai 600034, India",N/A,N/A
J1180,TN01AN2142,864650056196469,chennai,MTC,"MTC chennai","Thiruvottriyur Depot",Bus,N/A,N/A,N/A,No,No,No,Active,No,No,N/A,Diesel,N/A,"Poonamaliee High Road, Egmore, Chennai 600008, India",N/A,N/A
K0133,TN01AN4160,864650056132571,chennai,MTC,"MTC chennai","Saidapet Depot",Bus,N/A,N/A,N/A,No,No,No,Active,No,No,N/A,Diesel,N/A,"Velachery Main Road, Vijayanagaram, Medavakkam, Chennai 600100, India",N/A,N/A
J0396,TN01AN0897,862607055609787,chennai,MTC,"MTC chennai","Vadapalani Depot",Bus,N/A,N/A,N/A,No,No,No,Active,No,No,N/A,Diesel,N/A,"Kaliyamman Koil Street, Koyambedu, Chennai 600107, India",N/A,N/A
J1667,TN01AN3254,864650059417672,chennai,MTC,"MTC chennai","Perambur Depot",Bus,N/A,N/A,N/A,No,No,No,Active,No,No,N/A,Diesel,N/A,"Classic Restaurant",N/A,N/A
I3000,TN01N9528,860548042854023,chennai,MTC,"MTC chennai","Madahvaram Depot",Bus,N/A,N/A,N/A,No,No,No,Active,No,No,N/A,Diesel,N/A,"ARUL NAGAR (Towards MADHAVARAM MILK COLONY MAIN GATE)",N/A,N/A
K0688,TN01AN4831,869756045662654,chennai,MTC,"MTC chennai","Central Depot",Bus,N/A,N/A,N/A,No,No,No,Active,No,No,N/A,Diesel,N/A,"VANAVIL (Towards TEYNAMPET METRO)",N/A,N/A
K0361,TN01AN4610,862607055623655,chennai,MTC,"MTC chennai","Annanagar Depot",Bus,N/A,N/A,N/A,No,No,No,Active,No,No,N/A,Diesel,N/A,"Bypass Road, Tharappakkam, Chennai 600128, India",N/A,N/A
I3399,TN01N9794,864977043706179,chennai,MTC,"MTC chennai","Perambur Depot",Bus,N/A,N/A,N/A,No,No,No,Active,No,No,N/A,Diesel,N/A,"SEMBIAM OLD POST OFFICE (Towards PERAMBUR RAILWAY STATION)",N/A,N/A
K0373,TN01AN4729,867032053749508,chennai,MTC,"MTC chennai","Saidapet Depot",Bus,N/A,N/A,N/A,No,No,No,Active,No,No,N/A,Diesel,N/A,"POONAMALLEE TERMINUS (Towards PARIVAKKAM SIGNAL)",N/A,N/A
I1970,TN01N7859,868142049744700,chennai,MTC,"MTC chennai","Chromepet-2 Depot",Bus,N/A,N/A,N/A,No,No,No,Active,No,No,N/A,Diesel,N/A,"Medson Diagnostics",N/A,N/A
J0242,TN01AN0634,867032053747866,chennai,MTC,"MTC chennai","Perambur Depot",Bus,N/A,N/A,N/A,No,No,No,Active,No,No,N/A,Diesel,N/A,"ANNA SQUARE (Towards MARINA BEACH)",N/A,N/A
J1868,TN01AN3649,862607055569650,chennai,MTC,"MTC chennai","Padiyanallur Depot",Bus,N/A,N/A,N/A,No,No,No,Active,No,No,N/A,Diesel,N/A,"C T H Road, Ambattur, Chennai 600053, India",N/A,N/A
J1419,TN01AN2678,866758049549740,chennai,MTC,"MTC chennai","Basinbridge Depot",Bus,N/A,N/A,N/A,No,No,No,Active,No,No,N/A,Diesel,N/A,"313 E C R Road, Reddy Kuppam, Kanathur, Chennai 603112, India",N/A,N/A
K0341,TN01AN4880,865860041786303,chennai,MTC,"MTC chennai","Poonamallee Depot",Bus,N/A,N/A,N/A,No,No,No,Active,No,No,N/A,Diesel,N/A,"NAZARATHPET POLICE CHECK POST (Towards JAYA JAYA SANKARA INTERNATIONAL SCHOOL)",N/A,N/A
J1385,TN01AN2993,863958042730312,chennai,MTC,"MTC chennai","Padiyanallur Depot",Bus,N/A,N/A,N/A,No,No,No,Active,No,No,N/A,Diesel,N/A,"Periyapalayam Main Road, Uthukkottai 601102, India",N/A,N/A
J1134,TN01AN2066,862607059031053,chennai,MTC,"MTC chennai","Padiyanallur Depot",Bus,N/A,N/A,N/A,No,No,No,Active,No,No,N/A,Diesel,N/A,"PALLAVAN SALAI (CENTRAL RAILWAY STATION) (Towards EVR SALAI)",N/A,N/A
J1756,TN01AN3519,864977047873827,chennai,MTC,"MTC chennai","Kilambakkam Depot",Bus,N/A,N/A,N/A,No,No,No,Active,No,No,N/A,Diesel,N/A,"THIRUVANMIYUR BUS STAND (Towards JAYANTHI THEATRE)",N/A,N/A
K0473,TN01AN4516,864650059578473,chennai,MTC,"MTC chennai","Alandur Depot",Bus,N/A,N/A,N/A,No,No,No,Active,No,No,N/A,Diesel,N/A,"G S T Road, Pallavaram, Chennai 600043, India",N/A,N/A
J1289,TN01AN2472,862547050653291,chennai,MTC,"MTC chennai","Kilambakkam Depot",Bus,N/A,N/A,N/A,No,No,No,Active,No,No,N/A,Diesel,N/A,"Perungalathur Flyover, Peerkankaranai, Chennai 600063, India",N/A,N/A
J0067,TN01N9939,865396053374589,chennai,MTC,"MTC chennai","Avadi Depot",Bus,N/A,N/A,N/A,No,No,No,Active,No,No,N/A,Diesel,N/A,"AVADI DEPOT (Towards DEPOT)",N/A,N/A
J1397,TN01AN2862,865860041738783,chennai,MTC,"MTC chennai","Vadapalani Depot",Bus,N/A,N/A,N/A,No,No,No,Active,No,No,N/A,Diesel,N/A,"Arcot Road, Karambakkam, Porur, Chennai 600116, India",N/A,N/A
K0343,TN01AN4506,864513042781796,chennai,MTC,"MTC chennai","Vadapalani Depot",Bus,N/A,N/A,N/A,No,No,No,Active,No,No,N/A,Diesel,N/A,"Kalyan Grand - A Business Hotel",N/A,N/A
J1650,TN01AN3269,868794061295720,chennai,MTC,"MTC chennai","Central Depot",Bus,N/A,N/A,N/A,No,No,No,Active,No,No,N/A,Diesel,N/A,"MGR CENTRAL STATION (Towards NURSE QUARTERS)",N/A,N/A
J1544,TN01AN2962,862607055584204,chennai,MTC,"MTC chennai","Basinbridge Depot",Bus,N/A,N/A,N/A,No,No,No,Active,No,No,N/A,Diesel,N/A,"Periyapalayam Main Road, Ponneri 600067, India",N/A,N/A
J0566,TN01AN1432,867184039951771,chennai,MTC,"MTC chennai","Poonamallee Depot",Bus,N/A,N/A,N/A,No,No,No,Active,No,No,N/A,Diesel,N/A,"SUNGUVARCHATRAM (Towards SUNGUVARCHATRAM)",N/A,N/A
J2062,TN01AN3892,867032053659368,chennai,MTC,"MTC chennai","Padiyanallur Depot",Bus,N/A,N/A,N/A,No,No,No,Active,No,No,N/A,Diesel,N/A,"Pazhaverkadu Road, Ponneri 601204, India",N/A,N/A
J2075,TN01AN3925,862607059251396,chennai,MTC,"MTC chennai","Thiruvanmiyur Depot",Bus,N/A,N/A,N/A,No,No,No,Active,No,No,N/A,Diesel,N/A,"13/5, Kamaraj Nagar, Thiruvanmiyur, Chennai 600041, India",N/A,N/A
K0566,TN01AN5018,864337056163810,chennai,MTC,"MTC chennai","Poonamallee Depot",Bus,N/A,N/A,N/A,No,No,No,Active,No,No,N/A,Diesel,N/A,"RAMARATHNA THEATRE (Towards AVADI CHECK POST)",N/A,N/A
I1400,TN01N5675,862607055622962,chennai,MTC,"MTC chennai","Basinbridge Depot",Bus,N/A,N/A,N/A,No,No,No,Active,No,No,N/A,Diesel,N/A,"M T H Road, Icf West Clny, Villivakkam, Chennai 600049, India",N/A,N/A
K0672,TN01AN4920,867032053901182,chennai,MTC,"MTC chennai","Tambaram Depot",Bus,N/A,N/A,N/A,No,No,No,Active,No,No,N/A,Diesel,N/A,"Vandalur Kelambakkam Main Road, Chennai 600048, India",N/A,N/A
J0077,TN01N9950,864650059675048,chennai,MTC,"MTC chennai","Ambathur Depot",Bus,N/A,N/A,N/A,No,No,No,Active,No,No,N/A,Diesel,N/A,"HINDUSTAN PETROLEUM",N/A,N/A
K0614,TN01AN4961,864650056132233,chennai,MTC,"MTC chennai","Ambathur Depot",Bus,N/A,N/A,N/A,No,No,No,Active,No,No,N/A,Diesel,N/A,"POONAMALLEE TERMINUS (Towards PARIVAKKAM SIGNAL)",N/A,N/A
J1477,TN01AN2661,868142049740062,chennai,MTC,"MTC chennai","Kilambakkam Depot",Bus,N/A,N/A,N/A,No,No,No,Active,No,No,N/A,Diesel,N/A,"CONCORDE OR CHELLAMMAL COLLEGE (Towards GUINDY RAILWAY STATION)",N/A,N/A
K0771,TN01AN5140,868142049644462,chennai,MTC,"MTC chennai","Thiyagaraya Nagar Depot",Bus,N/A,N/A,N/A,No,No,No,Active,No,No,N/A,Diesel,N/A,"THIYAGARAYANAGAR TERMINUS (Towards Exit)",N/A,N/A
J0212,TN01AN0553,864650059569001,chennai,MTC,"MTC chennai","Ambathur Depot",Bus,N/A,N/A,N/A,No,No,No,Active,No,No,N/A,Diesel,N/A,"The Music World, 82/220 Anna Nagar 2nd Avenue, Block Y, Anna Nagar, Chennai 600040, India",N/A,N/A
J1165,TN01AN2161,867032053814583,chennai,MTC,"MTC chennai","Avadi Depot",Bus,N/A,N/A,N/A,No,No,No,Active,No,No,N/A,Diesel,N/A,"Outer Ring Road, North Malayambakkam, Chennai 600123, India",N/A,N/A
J0646,TN01AN1230,867383059028078,chennai,MTC,"MTC chennai","Annanagar Depot",Bus,N/A,N/A,N/A,No,No,No,Active,No,No,N/A,Diesel,N/A,"KORATTUR BUS TERMINUS (Towards NORTH RAILWA STATION ROAD)",N/A,N/A
J0070,TN01N9965,862607059103365,chennai,MTC,"MTC chennai","Avadi Depot",Bus,N/A,N/A,N/A,No,No,No,Active,No,No,N/A,Diesel,N/A,"IYANKULAM (Towards PARUTHIPATTU ROAD JUNCTION)",N/A,N/A
J2072,TN01AN3939,867032053929548,chennai,MTC,"MTC chennai","Ayanavaram Depot",Bus,N/A,N/A,N/A,No,No,No,Active,No,No,N/A,Diesel,N/A,"BURKIT ROAD (Towards SOUTH USMAN ROAD)",N/A,N/A
J0414,TN01AN0829,865501043920751,chennai,MTC,"MTC chennai","Poonamallee Depot",Bus,N/A,N/A,N/A,No,No,No,Active,No,No,N/A,Diesel,N/A,"Avadi Road, Melpakkam, Thiruverkadu, Chennai 600077, India",N/A,N/A
I3361,TN01N9675,864977047875103,chennai,MTC,"MTC chennai","Iyyappanthangal Depot",Bus,N/A,N/A,N/A,No,No,No,Active,No,No,N/A,Diesel,N/A,"N S K Salai, Manthoppu Colony, Valasaravakkam, Chennai 600087, India",N/A,N/A
J0915,TN01AN1849,862607059048024,chennai,MTC,"MTC chennai","Chromepet-1 Depot",Bus,N/A,N/A,N/A,No,No,No,Active,No,No,N/A,Diesel,N/A,"TAMBARAM EAST BUS STOP (Towards POONDI BAZAAR)",N/A,N/A
J0946,TN01AN1863,864650056251033,chennai,MTC,"MTC chennai","Avadi Depot",Bus,N/A,N/A,N/A,No,No,No,Active,No,No,N/A,Diesel,N/A,"C T H Road, Kakkalur, Thiruvallur 602003, India",N/A,N/A
J1057,TN01AN2023,868794061110705,chennai,MTC,"MTC chennai","Central Depot",Bus,N/A,N/A,N/A,No,No,No,Active,No,No,N/A,Diesel,N/A,"27D route sathyam cut (Towards Foreshore estate terminus)",N/A,N/A
J1781,TN01AN3538,865546047568361,chennai,MTC,"MTC chennai","Iyyappanthangal Depot",Bus,N/A,N/A,N/A,No,No,No,Active,No,No,N/A,Diesel,N/A,"Race Course Road, Madras Gymkhana Club Area, Guindy, Chennai 600032, India",N/A,N/A
J2027,TN01AN3767,864337056479885,chennai,MTC,"MTC chennai","Chromepet-1 Depot",Bus,N/A,N/A,N/A,No,No,No,Active,No,No,N/A,Diesel,N/A,"Mit Library, Mit",N/A,N/A
K0284,TN01AN4707,865501043955526,chennai,MTC,"MTC chennai","Thiruvanmiyur Depot",Bus,N/A,N/A,N/A,No,No,No,Active,No,No,N/A,Diesel,N/A,"O M R Road, Perungudi, Chennai 600096, India",N/A,N/A
I2953,TN01N9300,867032053735630,chennai,MTC,"MTC chennai","Adyar Depot",Bus,N/A,N/A,N/A,No,No,No,Active,No,No,N/A,Diesel,N/A,"2ND MAIN ROAD (KALIYAPPA HOSPITAL) (Towards C P R ROAD)",N/A,N/A
J1841,TN01AN3670,864650059611464,chennai,MTC,"MTC chennai","Chromepet-1 Depot",Bus,N/A,N/A,N/A,No,No,No,Active,No,No,N/A,Diesel,N/A,"118/3/103 Sardar Patel Road, Guindy, Chennai 600032, India",N/A,N/A
J1349,TN01AN2656,860548045694509,chennai,MTC,"MTC chennai","Ayanavaram Depot",Bus,N/A,N/A,N/A,No,No,No,Active,No,No,N/A,Diesel,N/A,K.K.Laboratory,N/A,N/A
I3398,TN01N9740,865860041738205,chennai,MTC,"MTC chennai","Annanagar Depot",Bus,N/A,N/A,N/A,No,No,No,Active,No,No,N/A,Diesel,N/A,"M.G.R.KOYAMBEDU (Towards EXIT)",N/A,N/A
K0683,TN01AN4882,864650059590866,chennai,MTC,"MTC chennai","Ambathur Depot",Bus,N/A,N/A,N/A,No,No,No,Active,No,No,N/A,Diesel,N/A,"THIRUNINRAVUR BUS STAND (Towards THIRUNINRAVUR)",N/A,N/A
K0100,TN01AN4293,862815033330265,chennai,MTC,"MTC chennai","Annanagar Depot",Bus,N/A,N/A,N/A,No,No,No,Active,No,No,N/A,Diesel,N/A,"MADRAS VETERINARY HOSPITAL (Towards DOVETON)",N/A,N/A
J0205,TN01AN0497,864513042761723,chennai,MTC,"MTC chennai","Perambur Depot",Bus,N/A,N/A,N/A,No,No,No,Active,No,No,N/A,Diesel,N/A,"New Central Hotel",N/A,N/A
K0534,TN01AN4840,862607059213024,chennai,MTC,"MTC chennai","Madahvaram Depot",Bus,N/A,N/A,N/A,No,No,No,Active,No,No,N/A,Diesel,N/A,"Makownt Pakunamalli Havai Roat, MG Nagar, Poonamallee, Chennai 600056, India",N/A,N/A
J0320,TN01AN0775,867383059072423,chennai,MTC,"MTC chennai","Ambathur Depot",Bus,N/A,N/A,N/A,No,No,No,Active,No,No,N/A,Diesel,N/A,"ERIKARAI PILLAIYAR KOVIL (Towards IMRC HOSPITAL)",N/A,N/A
J0838,TN01AN1632,867032059237359,chennai,MTC,"MTC chennai","Adambakkam Depot",Bus,N/A,N/A,N/A,No,No,No,Active,No,No,N/A,Diesel,N/A,"G S T Road, West Tambaram, Chennai 600045, India",N/A,N/A
J1547,TN01AN3027,862607059111939,chennai,MTC,"MTC chennai","Vadapalani Depot",Bus,N/A,N/A,N/A,No,No,No,Active,No,No,N/A,Diesel,N/A,"Pay and Park",N/A,N/A
J1454,TN01AN2705,869756045660526,chennai,MTC,"MTC chennai","Saidapet Depot",Bus,N/A,N/A,N/A,No,No,No,Active,No,No,N/A,Diesel,N/A,"CIT NAGAR 3RD MAIN ROAD (Towards ANNA SALAI)",N/A,N/A
J0096,TN01AN0223,864650054206401,chennai,MTC,"MTC chennai","Perambur Depot",Bus,N/A,N/A,N/A,No,No,No,Active,No,No,N/A,Diesel,N/A,"Perambur Flyover, Carriage Works, Ayanavaram, Chennai 600023, India",N/A,N/A
J0048,TN01N9857,862607059148147,chennai,MTC,"MTC chennai","Central Depot",Bus,N/A,N/A,N/A,No,No,No,Active,No,No,N/A,Diesel,N/A,"1st Main Road, Kamaraj Nagar West, Thiruvanmiyur, Chennai 600041, India",N/A,N/A
J0353,TN01AN0771,861107037498210,chennai,MTC,"MTC chennai","Kalaignar Nagar Depot",Bus,N/A,N/A,N/A,No,No,No,Active,No,No,N/A,Diesel,N/A,"CIT NAGAR (Towards NANDANAM YMCA)",N/A,N/A
K0744,TN01AN5126,867698047290237,chennai,MTC,"MTC chennai","Poonamallee Depot",Bus,N/A,N/A,N/A,No,No,No,Active,No,No,N/A,Diesel,N/A,"POONAMALLEE TERMINUS (Towards PARIVAKKAM SIGNAL)",N/A,N/A
J0841,TN01AN1672,864513042810546,chennai,MTC,"MTC chennai","Iyyappanthangal Depot",Bus,N/A,N/A,N/A,No,No,No,Active,No,No,N/A,Diesel,N/A,"Sriperumbudur Main Road, Kundrathur, Chennai 600069, India",N/A,N/A
J1411,TN01AN2640,864650056132365,chennai,MTC,"MTC chennai","Adyar Depot",Bus,N/A,N/A,N/A,No,No,No,Active,No,No,N/A,Diesel,N/A,"105 Srinivasamurthi Avenue, Bhakthavachalam Nagar, Adyar, Chennai 600020, India",N/A,N/A
J0694,TN01AN1363,867732035496504,chennai,MTC,"MTC chennai","Tambaram Depot",Bus,N/A,N/A,N/A,No,No,No,Active,No,No,N/A,Diesel,N/A,"TAMBARAM DEPOT (Towards DEPOT)",N/A,N/A
I3376,TN01N9717,867383057131577,chennai,MTC,"MTC chennai","Avadi Depot",Bus,N/A,N/A,N/A,No,No,No,Active,No,No,N/A,Diesel,N/A,"Hariom Kirana and General Store",N/A,N/A
J0970,TN01AN1869,862607059245729,chennai,MTC,"MTC chennai","Padiyanallur Depot",Bus,N/A,N/A,N/A,No,No,No,Active,No,No,N/A,Diesel,N/A,"Monu General Store",N/A,N/A
J1247,TN01AN2282,864650056122069,chennai,MTC,"MTC chennai","Avadi Depot",Bus,N/A,N/A,N/A,No,No,No,Active,No,No,N/A,Diesel,N/A,"TUBE PRODUCTS OF INDIA (Towards AVADI BUS TERMINUS)",N/A,N/A
K0490,TN01AN4639,864650056179069,chennai,MTC,"MTC chennai","Alandur Depot",Bus,N/A,N/A,N/A,No,No,No,Active,No,No,N/A,Diesel,N/A,"81 100 Feet Main Road, L I C Colony, Velachery, Chennai 600042, India",N/A,N/A
J1879,TN01AN3659,864650059620275,chennai,MTC,"MTC chennai","Padiyanallur Depot",Bus,N/A,N/A,N/A,No,No,No,Active,No,No,N/A,Diesel,N/A,"Thiruvallur High Road, Alamathi, Chennai 600052, India",N/A,N/A
K0412,TN01AN4651,867032053768680,chennai,MTC,"MTC chennai","Alandur Depot",Bus,N/A,N/A,N/A,No,No,No,Active,No,No,N/A,Diesel,N/A,"G S T Road, Chennai International Airport Area, Meenambakkam, Chennai 600027, India",N/A,N/A
J0762,TN01AN1476,862547050739918,chennai,MTC,"MTC chennai","Avadi Depot",Bus,N/A,N/A,N/A,No,No,No,Active,No,No,N/A,Diesel,N/A,"C T H Road, Ambattur, Chennai 600053, India",N/A,N/A
K0668,TN01AN4772,864650056285478,chennai,MTC,"MTC chennai","Central Depot",Bus,N/A,N/A,N/A,No,No,No,Active,No,No,N/A,Diesel,N/A,"Royapettah High Road, Mylapore, Chennai 600004, India",N/A,N/A
K0542,TN01AN5006,868794068176386,chennai,MTC,"MTC chennai","Alandur Depot",Bus,N/A,N/A,N/A,No,No,No,Active,No,No,N/A,Diesel,N/A,"GUDUVANCHERI BUS TERMINUS (Towards GUDUVANCHERI EB OFFICE)",N/A,N/A
J0506,TN01AN1217,867032053786484,chennai,MTC,"MTC chennai","Poonamallee Depot",Bus,N/A,N/A,N/A,No,No,No,Active,No,No,N/A,Diesel,N/A,"Sri Muni Swamarth Swamy Jain Koil, 70 T H Road, Kaladipet-Rajakadai, Thiruvottiyur, Chennai 600019, India",N/A,N/A
K0207,TN01AN4438,867032053922972,chennai,MTC,"MTC chennai","Tambaram Depot",Bus,N/A,N/A,N/A,No,No,No,Active,No,No,N/A,Diesel,N/A,"MAMALLAPURAM (Towards MANDAPAM MARKET)",N/A,N/A
J1860,TN01AN3661,862607059170901,chennai,MTC,"MTC chennai","Iyyappanthangal Depot",Bus,N/A,N/A,N/A,No,No,No,Active,No,No,N/A,Diesel,N/A,"NH-48, Sipcot Industrial Park-Mambakkam, Sriperumbudur 602105, India",N/A,N/A
J0044,TN01N9852,867032053731126,chennai,MTC,"MTC chennai","Kannagi Nagar Depot",Bus,N/A,N/A,N/A,No,No,No,Active,No,No,N/A,Diesel,N/A,"NAGATHAMMAN TEMPLE (Towards SEEVARAM)",N/A,N/A
J1668,TN01AN3287,867032059236591,chennai,MTC,"MTC chennai","Perambur Depot",Bus,N/A,N/A,N/A,No,No,No,Active,No,No,N/A,Diesel,N/A,"EGMORE (Towards ALBERT THEATRE)",N/A,N/A
I1672,TN01N7468,865860042002999,chennai,MTC,"MTC chennai","Perumbakkam Depot",Bus,N/A,N/A,N/A,No,No,No,Active,No,No,N/A,Diesel,N/A,"Public Toilet",N/A,N/A
J2069,TN01AN3771,868142047211546,chennai,MTC,"MTC chennai","Thiruvanmiyur Depot",Bus,N/A,N/A,N/A,No,No,No,Active,No,No,N/A,Diesel,N/A,"N S C Boss Road, Parrys, George Town, Chennai 600001, India",N/A,N/A
K0022,TN01AN3933,865860041764888,chennai,MTC,"MTC chennai","Vadapalani Depot",Bus,N/A,N/A,N/A,No,No,No,Active,No,No,N/A,Diesel,N/A,"Sesh Kamal, 251/76 E V R Periyar Salai, Chetpet, Chennai 600031, India",N/A,N/A
J0335,TN01AN0761,864650059627254,chennai,MTC,"MTC chennai","Madahvaram Depot",Bus,N/A,N/A,N/A,No,No,No,Active,No,No,N/A,Diesel,N/A,"MADHAVARAM DEPOT (Towards DEPOT)",N/A,N/A
J2114,TN01AN4019,864650056352948,chennai,MTC,"MTC chennai","Padiyanallur Depot",Bus,N/A,N/A,N/A,No,No,No,Active,No,No,N/A,Diesel,N/A,"Central Avenue, Mahakavi Bharathi NGR, Vyasarpadi, Chennai 600039, India",N/A,N/A
K0741,TN01AN5076,868704041077122,chennai,MTC,"MTC chennai","Poonamallee Depot",Bus,N/A,N/A,N/A,No,No,No,Active,No,No,N/A,Diesel,N/A,"27/160 Mount Poonamalee High Road, Gandhi Nagar, Porur, Chennai 600116, India",N/A,N/A
J0092,TN01AN0177,866041042272895,chennai,MTC,"MTC chennai","Thiruvottriyur Depot",Bus,N/A,N/A,N/A,No,No,No,Active,No,No,N/A,Diesel,N/A,"PENCIL FACTORY (Towards VALLALAR NAGAR)",N/A,N/A
K0704,TN01AN4995,862607055598519,chennai,MTC,"MTC chennai","Adyar Depot",Bus,N/A,N/A,N/A,No,No,No,Active,No,No,N/A,Diesel,N/A,Naveens,N/A,N/A
J0672,TN01AN1359,867032053893660,chennai,MTC,"MTC chennai","Avadi Depot",Bus,N/A,N/A,N/A,No,No,No,Active,No,No,N/A,Diesel,N/A,"Church Of The Glourios Lord Mittanamalli",N/A,N/A
K0290,TN01AN4828,867160040615621,chennai,MTC,"MTC chennai","Perumbakkam Depot",Bus,N/A,N/A,N/A,No,No,No,Active,No,No,N/A,Diesel,N/A,"EAST COAST ROAD (THIRUVANMIYUR) (Towards LB ROAD)",N/A,N/A
K0363,TN01AN4719,863412043686180,chennai,MTC,"MTC chennai","Adyar Depot",Bus,N/A,N/A,N/A,No,No,No,Active,No,No,N/A,Diesel,N/A,"103 I T Express Highway, Navalur, Chennai 603103, India",N/A,N/A
J0380,TN01AN0883,864977043721764,chennai,MTC,"MTC chennai","Mandaveli Depot",Bus,N/A,N/A,N/A,No,No,No,Active,No,No,N/A,Diesel,N/A,"Fcom Fashion Comfort",N/A,N/A
J0514,TN01AN1248,866758041733243,chennai,MTC,"MTC chennai","Thiyagaraya Nagar Depot",Bus,N/A,N/A,N/A,No,No,No,Active,No,No,N/A,Diesel,N/A,"2 Five Furlong Road, Madras Gymkhana Club Area, Guindy, Chennai 600032, India",N/A,N/A
J2055,TN01AN3910,869756046267511,chennai,MTC,"MTC chennai","Perumbakkam Depot",Bus,N/A,N/A,N/A,No,No,No,Active,No,No,N/A,Diesel,N/A,"Old Mahabalipuram Road, Egattur, Chennai 603103, India",N/A,N/A
I3345,TN01N9657,864337056368922,chennai,MTC,"MTC chennai","Perumbakkam Depot",Bus,N/A,N/A,N/A,No,No,No,Active,No,No,N/A,Diesel,N/A,"MADRAS UNIVERSITY (Towards WAR MEMORIAL)",N/A,N/A
J2061,TN01AN3928,864513041466621,chennai,MTC,"MTC chennai","Thiruvanmiyur Depot",Bus,N/A,N/A,N/A,No,No,No,Active,No,No,N/A,Diesel,N/A,"It Highway, Sholinganallur, Chennai 600119, India",N/A,N/A
J1923,TN01AN3900,861107035367938,chennai,MTC,"MTC chennai","Avadi Depot",Bus,N/A,N/A,N/A,No,No,No,Active,No,No,N/A,Diesel,N/A,"Shri Vignesh Snacks and Cool Bar",N/A,N/A
J1053,TN01AN1932,862607059210368,chennai,MTC,"MTC chennai","Thiruvottriyur Depot",Bus,N/A,N/A,N/A,No,No,No,Active,No,No,N/A,Diesel,N/A,"T H Road, Andarkuppam, Manali New Town, Chennai 600103, India",N/A,N/A
K0506,TN01AN4865,864513042813938,chennai,MTC,"MTC chennai","Madahvaram Depot",Bus,N/A,N/A,N/A,No,No,No,Active,No,No,N/A,Diesel,N/A,"J N Road, Thiru VI Ka Industrial Estate, Ekkaduthangal, Chennai 600032, India",N/A,N/A
J1694,TN01AN3292,867160040625240,chennai,MTC,"MTC chennai","Mandaveli Depot",Bus,N/A,N/A,N/A,No,No,No,Active,No,No,N/A,Diesel,N/A,"ANAND THEATRE OR THOUSAND LIGHT (Towards CHURCH PARK SCHOOL)",N/A,N/A
K0635,TN01AN4747,861107035918094,chennai,MTC,"MTC chennai","Tambaram Depot",Bus,N/A,N/A,N/A,No,No,No,Active,No,No,N/A,Diesel,N/A,"Kalyan Grand - A Business Hotel",N/A,N/A
K0267,TN01AN4392,866041042259967,chennai,MTC,"MTC chennai","Adambakkam Depot",Bus,N/A,N/A,N/A,No,No,No,Active,No,No,N/A,Diesel,N/A,"G S T Road, Peerkankaranai, Chennai 600063, India",N/A,N/A
J0881,TN01AN1604,867032053929613,chennai,MTC,"MTC chennai","Annanagar Depot",Bus,N/A,N/A,N/A,No,No,No,Active,No,No,N/A,Diesel,N/A,"200 Feet Road, Kolathur, Chennai 600099, India",N/A,N/A
K0681,TN01AN4909,867383059037152,chennai,MTC,"MTC chennai","Tambaram Depot",Bus,N/A,N/A,N/A,No,No,No,Active,No,No,N/A,Diesel,N/A,"Vandalur Kelambakkam Main Road, Vandalur, Chennai 600048, India",N/A,N/A
K0345,TN01AN4534,862607059078369,chennai,MTC,"MTC chennai","Vadapalani Depot",Bus,N/A,N/A,N/A,No,No,No,Active,No,No,N/A,Diesel,N/A,"E V R Periyar Salai, Koyambedu, Chennai 600107, India",N/A,N/A
J0941,TN01AN1929,868704045609466,chennai,MTC,"MTC chennai","Central Depot",Bus,N/A,N/A,N/A,No,No,No,Active,No,No,N/A,Diesel,N/A,"L B Road, Kamaraj Avenue, Adyar, Chennai 600020, India",N/A,N/A
K0084,TN01AN4125,865501043954164,chennai,MTC,"MTC chennai","Thiruvanmiyur Depot",Bus,N/A,N/A,N/A,No,No,No,Active,No,No,N/A,Diesel,N/A,"Anna Salai, Attu Cherri, Saidapet, Chennai 600015, India",N/A,N/A
J1705,TN01AN3252,868274062648755,chennai,MTC,"MTC chennai","Kalaignar Nagar Depot",Bus,N/A,N/A,N/A,No,No,No,Active,No,No,N/A,Diesel,N/A,"ASHOK NAGAR 4TH AVENUE (Towards INNER RING ROAD)",N/A,N/A
J1743,TN01AN3513,866758047905720,chennai,MTC,"MTC chennai","Adyar Depot",Bus,N/A,N/A,N/A,No,No,No,Active,No,No,N/A,Diesel,N/A,"Service Road, Perungudi, Chennai 600096, India",N/A,N/A
J1308,TN01AN2570,864650056280982,chennai,MTC,"MTC chennai","Vadapalani Depot",Bus,N/A,N/A,N/A,No,No,No,Active,No,No,N/A,Diesel,N/A,"New Jayanthis",N/A,N/A
K0724,TN01AN4955,861107037515377,chennai,MTC,"MTC chennai","Tambaram Depot",Bus,N/A,N/A,N/A,No,No,No,Active,No,No,N/A,Diesel,N/A,"Mellai Unavagam",N/A,N/A
J2057,TN01AN3858,867032053781881,chennai,MTC,"MTC chennai","Iyyappanthangal Depot",Bus,N/A,N/A,N/A,No,No,No,Active,No,No,N/A,Diesel,N/A,"Defence Colony Road, Sundar Nagar, Guindy, Chennai 600032, India",N/A,N/A
K0066,TN01AN4054,867032059177951,chennai,MTC,"MTC chennai","Tondiarpet-1 Depot",Bus,N/A,N/A,N/A,No,No,No,Active,No,No,N/A,Diesel,N/A,"Suryanarayana Salai, Grace Garden, Royapuram, Chennai 600013, India",N/A,N/A
J0801,TN01AN1573,862607055600190,chennai,MTC,"MTC chennai","Poonamallee Depot",Bus,N/A,N/A,N/A,No,No,No,Active,No,No,N/A,Diesel,N/A,"4 Bangalore High Road, Sriperumbudur 602105, India",N/A,N/A
K0737,TN01AN5061,867032053793555,chennai,MTC,"MTC chennai","Vadapalani Depot",Bus,N/A,N/A,N/A,No,No,No,Active,No,No,N/A,Diesel,N/A,"G S T Road, New Perungalathur, Chennai 600063, India",N/A,N/A
J1793,TN01AN3605,862348058305491,chennai,MTC,"MTC chennai","Padiyanallur Depot",Bus,N/A,N/A,N/A,No,No,No,Active,No,No,N/A,Diesel,N/A,"67 Padavattamman Koil Road, Kondithope, George Town, Chennai 600079, India",N/A,N/A
J0344,TN01AN0785,864337056193403,chennai,MTC,"MTC chennai","Ayanavaram Depot",Bus,N/A,N/A,N/A,No,No,No,Active,No,No,N/A,Diesel,N/A,"17/A Sivan Koil North Mada Street, North High Court Clny, Villivakkam, Chennai 600049, India",N/A,N/A
J0131,TN01AN0213,863418053169074,chennai,MTC,"MTC chennai","Ennore Depot",Bus,N/A,N/A,N/A,No,No,No,Active,No,No,N/A,Diesel,N/A,"Balasubramaniam Hardware",N/A,N/A
J1290,TN01AN2559,868922051374755,chennai,MTC,"MTC chennai","Chromepet-1 Depot",Bus,N/A,N/A,N/A,No,No,No,Active,No,No,N/A,Diesel,N/A,"PALLAVARAM AADU THOTTI (Towards PALLAVARAM MARKET)",N/A,N/A
J0191,TN01AN0484,864977043766173,chennai,MTC,"MTC chennai","Madahvaram Depot",Bus,N/A,N/A,N/A,No,No,No,Active,No,No,N/A,Diesel,N/A,"Water Canal Road, Kolathur, Chennai 600099, India",N/A,N/A
J1389,TN01AN2893,864337058591919,chennai,MTC,"MTC chennai","Thiruvanmiyur Depot",Bus,N/A,N/A,N/A,No,No,No,Active,No,No,N/A,Diesel,N/A,"81 Bhakthavatchalam Road, Alwarpet, Chennai 600018, India",N/A,N/A
I2923,TN01N8854,863418052933306,chennai,MTC,"MTC chennai","Tambaram Depot",Bus,N/A,N/A,N/A,No,No,No,Active,No,No,N/A,Diesel,N/A,"TAMBARAM DEPOT (Towards DEPOT)",N/A,N/A
K0435,TN01AN4686,867032053743022,chennai,MTC,"MTC chennai","Annanagar Depot",Bus,N/A,N/A,N/A,No,No,No,Active,No,No,N/A,Diesel,N/A,"Estate Road, Gandhi Nagar, Anna Nagar West Extension, Chennai 600101, India",N/A,N/A
J0510,TN01AN1272,864977043718562,chennai,MTC,"MTC chennai","Mandaveli Depot",Bus,N/A,N/A,N/A,No,No,No,Active,No,No,N/A,Diesel,N/A,"2-29 South Canal Bank Road, Anandam Colony, Mandaveli, Chennai 600004, India",N/A,N/A
J1566,TN01AN2985,866758048732792,chennai,MTC,"MTC chennai","Chromepet-1 Depot",Bus,N/A,N/A,N/A,No,No,No,Active,No,No,N/A,Diesel,N/A,"Gurukulam Matriculation Higher Secondary School",N/A,N/A
I3348,TN01N9660,865501042110172,chennai,MTC,"MTC chennai","Vadapalani Depot",Bus,N/A,N/A,N/A,No,No,No,Active,No,No,N/A,Diesel,N/A,"Ambattur Arima Sangam Middle School",N/A,N/A
J1485,TN01AN2819,867032053796749,chennai,MTC,"MTC chennai","Kilambakkam Depot",Bus,N/A,N/A,N/A,No,No,No,Active,No,No,N/A,Diesel,N/A,"RAJAKILPAKKAM (Towards KAMARAJAPURAM CAMP ROAD)",N/A,N/A
I3322,TN01N9632,864650059580271,chennai,MTC,"MTC chennai","Ennore Depot",Bus,N/A,N/A,N/A,No,No,No,Active,No,No,N/A,Diesel,N/A,"Palani Sound Service",N/A,N/A
J0158,TN01AN0198,867032053749003,chennai,MTC,"MTC chennai","Ambathur Depot",Bus,N/A,N/A,N/A,No,No,No,Active,No,No,N/A,Diesel,N/A,"F2 M T H Road, Indira Nagar, Ambattur, Chennai 600053, India",N/A,N/A
K0476,TN01AN4460,867383059127763,chennai,MTC,"MTC chennai","Kilambakkam Depot",Bus,N/A,N/A,N/A,No,No,No,Active,No,No,N/A,Diesel,N/A,"Anna Salai, Guindy, Chennai 600032, India",N/A,N/A
K0456,TN01AN4474,862607055745979,chennai,MTC,"MTC chennai","Kilambakkam Depot",Bus,N/A,N/A,N/A,No,No,No,Active,No,No,N/A,Diesel,N/A,"G S T Road, West Tambaram, Chennai 600045, India",N/A,N/A
K0705,TN01AN5009,865501043835694,chennai,MTC,"MTC chennai","Adyar Depot",Bus,N/A,N/A,N/A,No,No,No,Active,No,No,N/A,Diesel,N/A,"Guindy Kathipara Flyover, ST.Thomas Mount, Chennai 600016, India",N/A,N/A
K0062,TN01AN4123,864650056168583,chennai,MTC,"MTC chennai","Saidapet Depot",Bus,N/A,N/A,N/A,No,No,No,Active,No,No,N/A,Diesel,N/A,"Ottiyambakkam Main Road, Sithalapakkam, Chennai 600126, India",N/A,N/A
J1257,TN01AN2412,862607059213776,chennai,MTC,"MTC chennai","Saidapet Depot",Bus,N/A,N/A,N/A,No,No,No,Active,No,No,N/A,Diesel,N/A,"Sri Surya Garden, Mambakkam Medavakkam Main Road, Ponmar, Chennai 600127, India",N/A,N/A
J2007,TN01AN3924,861107034007485,chennai,MTC,"MTC chennai","Chromepet-1 Depot",Bus,N/A,N/A,N/A,No,No,No,Active,No,No,N/A,Diesel,N/A,"M.P.M. Enterprises",N/A,N/A
K0389,TN01AN4628,867732033518747,chennai,MTC,"MTC chennai","Ambathur Depot",Bus,N/A,N/A,N/A,No,No,No,Active,No,No,N/A,Diesel,N/A,"Railway Quarters, 87-B Gandhi Irwin Road, Southern Railway Colony, Egmore, Chennai 600008, India",N/A,N/A
J1166,TN01AN2162,868274062666831,chennai,MTC,"MTC chennai","Avadi Depot",Bus,N/A,N/A,N/A,No,No,No,Active,No,No,N/A,Diesel,N/A,"Gurubagavan Traders",N/A,N/A
I1601,TN01N5971,862607059210384,chennai,MTC,"MTC chennai","Iyyappanthangal Depot",Bus,N/A,N/A,N/A,No,No,No,Active,No,No,N/A,Diesel,N/A,"J. B. R. Real Estate",N/A,N/A
K0677,TN01AN4875,867032053731977,chennai,MTC,"MTC chennai","Tambaram Depot",Bus,N/A,N/A,N/A,No,No,No,Active,No,No,N/A,Diesel,N/A,"Shri Rani Printers",N/A,N/A
J1901,TN01AN3735,862607055580715,chennai,MTC,"MTC chennai","Chromepet-2 Depot",Bus,N/A,N/A,N/A,No,No,No,Active,No,No,N/A,Diesel,N/A,"G S T Road, New Perungalathur, Chennai 600063, India",N/A,N/A
J1359,TN01AN2631,865501043925537,chennai,MTC,"MTC chennai","Kilambakkam Depot",Bus,N/A,N/A,N/A,No,No,No,Active,No,No,N/A,Diesel,N/A,"Aravind Rahul Ceramics",N/A,N/A
J1178,TN01AN2185,862810042421007,chennai,MTC,"MTC chennai","Avadi Depot",Bus,N/A,N/A,N/A,No,No,No,Active,No,No,N/A,Diesel,N/A,"SARASWATHI NAGAR CTH SALAI (Towards MANIKANDAPURAM)",N/A,N/A
K0413,TN01AN4714,867032053795261,chennai,MTC,"MTC chennai","Central Depot",Bus,N/A,N/A,N/A,No,No,No,Active,No,No,N/A,Diesel,N/A,"BROADWAY (Towards EXIT)",N/A,N/A
J1241,TN01AN2327,862607055661150,chennai,MTC,"MTC chennai","Thiruvottriyur Depot",Bus,N/A,N/A,N/A,No,No,No,Active,No,No,N/A,Diesel,N/A,"EVENING BAZZAR ROAD (Towards EVR SALAI)",N/A,N/A
K0309,TN01AN4768,860548046782337,chennai,MTC,"MTC chennai","Chromepet-2 Depot",Bus,N/A,N/A,N/A,No,No,No,Active,No,No,N/A,Diesel,N/A,"Visweswaran Street, Subhash Nagar, Chromepet, Chennai 600044, India",N/A,N/A
J0587,TN01AN1462,867383057224901,chennai,MTC,"MTC chennai","Poonamallee Depot",Bus,N/A,N/A,N/A,No,No,No,Active,No,No,N/A,Diesel,N/A,"ARANVOYAL KUPPAM (Towards MURUKANCHERY)",N/A,N/A
K0601,TN01AN5060,866041042107521,chennai,MTC,"MTC chennai","Tambaram Depot",Bus,N/A,N/A,N/A,No,No,No,Active,No,No,N/A,Diesel,N/A,"G S T Road, Kadaperi, West Tambaram, Chennai 600045, India",N/A,N/A
K0010,TN01AN4097,868922051352868,chennai,MTC,"MTC chennai","Thiruvanmiyur Depot",Bus,N/A,N/A,N/A,No,No,No,Active,No,No,N/A,Diesel,N/A,"THIRUVANMIYUR BUS STAND (Towards JAYANTHI THEATRE)",N/A,N/A
J2071,TN01AN3848,862614060332181,chennai,MTC,"MTC chennai","Thiruvanmiyur Depot",Bus,N/A,N/A,N/A,No,No,No,Active,No,No,N/A,Diesel,N/A,"5 100 Feet Main Road, Thanthai Periyar Nagar, Taramani, Chennai 600113, India",N/A,N/A
J1319,TN01AN2623,864337056520373,chennai,MTC,"MTC chennai","Perumbakkam Depot",Bus,N/A,N/A,N/A,No,No,No,Active,No,No,N/A,Diesel,N/A,"Sardar Patel Road, Gandhi Nagar, Adyar, Chennai 600020, India",N/A,N/A
J1378,TN01AN2872,861107037939684,chennai,MTC,"MTC chennai","Poonamallee Depot",Bus,N/A,N/A,N/A,No,No,No,Active,No,No,N/A,Diesel,N/A,"WALLAHJAH ROAD (Towards KAMARAJAR SALAI)",N/A,N/A
J0102,TN01AN0193,861107032595473,chennai,MTC,"MTC chennai","Tondiarpet-1 Depot",Bus,N/A,N/A,N/A,No,No,No,Active,No,No,N/A,Diesel,N/A,"539 T H Road, MCM Garden, Old Washermenpet, Chennai 600021, India",N/A,N/A
J0130,TN01AN0196,867032053799511,chennai,MTC,"MTC chennai","Thiruvanmiyur Depot",Bus,N/A,N/A,N/A,No,No,No,Active,No,No,N/A,Diesel,N/A,"G S T Road, New Perungalathur, Chennai 600063, India",N/A,N/A
K0528,TN01AN4862,864650059637865,chennai,MTC,"MTC chennai","Kilambakkam Depot",Bus,N/A,N/A,N/A,No,No,No,Active,No,No,N/A,Diesel,N/A,"Jawaharlal Nehru Salai, Arumbakkam, Chennai 600106, India",N/A,N/A
K0121,TN01AN4167,862547050913752,chennai,MTC,"MTC chennai","Iyyappanthangal Depot",Bus,N/A,N/A,N/A,No,No,No,Active,No,No,N/A,Diesel,N/A,"The Art of Living",N/A,N/A
J1382,TN01AN3128,867032053735234,chennai,MTC,"MTC chennai","Perambur Depot",Bus,N/A,N/A,N/A,No,No,No,Active,No,No,N/A,Diesel,N/A,"PERAMBUR DEPOT (Towards DEPOT)",N/A,N/A
K0106,TN01AN4138,860548046762917,chennai,MTC,"MTC chennai","Chromepet-1 Depot",Bus,N/A,N/A,N/A,No,No,No,Active,No,No,N/A,Diesel,N/A,"5-283E G S T Road, Singaperumal Koil, Chengalpattu 603002, India",N/A,N/A
K0380,TN01AN4548,864650056132803,chennai,MTC,"MTC chennai","Adyar Depot",Bus,N/A,N/A,N/A,No,No,No,Active,No,No,N/A,Diesel,N/A,"PULIYAMARAM SUNNAMBU KOLATHUR (Towards SRI NAGAR)",N/A,N/A
I3351,TN01N9669,864513042812609,chennai,MTC,"MTC chennai","Avadi Depot",Bus,N/A,N/A,N/A,No,No,No,Active,No,No,N/A,Diesel,N/A,"T.S.P CANTEEN (Towards VEERAPURAM)",N/A,N/A
J0739,TN01AN1624,862607059115484,chennai,MTC,"MTC chennai","Poonamallee Depot",Bus,N/A,N/A,N/A,No,No,No,Active,No,No,N/A,Diesel,N/A,"S P H Road, Sri Vetri Nagar, Polivakkam, Thiruvallur 602002, India",N/A,N/A
J1820,TN45N4207,867032053747239,chennai,MTC,"MTC chennai","Madahvaram Depot",Bus,N/A,N/A,N/A,No,No,No,Active,No,No,N/A,Diesel,N/A,"200 Feet Road, Lakshmipuram, Chennai 600076, India",N/A,N/A
J0564,TN01AN1431,862607055580962,chennai,MTC,"MTC chennai","Poonamallee Depot",Bus,N/A,N/A,N/A,No,No,No,Active,No,No,N/A,Diesel,N/A,"G S T Road, Chromepet, Chennai 600044, India",N/A,N/A
J0864,TN01AN1618,864650056190694,chennai,MTC,"MTC chennai","Central Depot",Bus,N/A,N/A,N/A,No,No,No,Active,No,No,N/A,Diesel,N/A,"FLOWER BAZZAR (Towards MGR CENTRAL STATION)",N/A,N/A
I1957,TN01N7813,867032053885179,chennai,MTC,"MTC chennai","Central Depot",Bus,N/A,N/A,N/A,No,No,No,Active,No,No,N/A,Diesel,N/A,"Shri Amman Driving School",N/A,N/A
J0001,TN01N9751,867032059151055,chennai,MTC,"MTC chennai","Tambaram Depot",Bus,N/A,N/A,N/A,No,No,No,Active,No,No,N/A,Diesel,N/A,"G S T Road, East Tambaram, Chennai 600059, India",N/A,N/A
J1537,TN01AN2916,867032059224704,chennai,MTC,"MTC chennai","Madahvaram Depot",Bus,N/A,N/A,N/A,No,No,No,Active,No,No,N/A,Diesel,N/A,"LAKSHMI AMMAN KOVIL (Towards BRINDHA THEATRE)",N/A,N/A
J1794,TN01AN3577,860965067662802,chennai,MTC,"MTC chennai","Padiyanallur Depot",Bus,N/A,N/A,N/A,No,No,No,Active,No,No,N/A,Diesel,N/A,"Trunk Road, MG Nagar, Poonamallee, Chennai 600056, India",N/A,N/A
K0181,TN01AN4266,868704041288620,chennai,MTC,"MTC chennai","Perambur Depot",Bus,N/A,N/A,N/A,No,No,No,Active,No,No,N/A,Diesel,N/A,"REDHILLS BUS TERMINUS (Towards REDHILLS MARKET)",N/A,N/A
J1326,TN01AN2858,867032059207436,chennai,MTC,"MTC chennai","Madahvaram Depot",Bus,N/A,N/A,N/A,No,No,No,Active,No,No,N/A,Diesel,N/A,"BASIN BRIDGE DEPOT (Towards DEPOT)",N/A,N/A
J2032,TN01AN3890,868922051330567,chennai,MTC,"MTC chennai","Padiyanallur Depot",Bus,N/A,N/A,N/A,No,No,No,Active,No,No,N/A,Diesel,N/A,"Intuc Bhavan, M T H Road, Sector 3, Ambattur Industrial Estate, Chennai 600058, India",N/A,N/A
J1462,TN01AN2692,860965065279559,chennai,MTC,"MTC chennai","Chromepet-1 Depot",Bus,N/A,N/A,N/A,No,No,No,Active,No,No,N/A,Diesel,N/A,"ANAKAPUTHUR (Towards ANAKAPUTHUR AMMAN KOVIL)",N/A,N/A
J1195,TN01AN2236,864337056395164,chennai,MTC,"MTC chennai","Chromepet-1 Depot",Bus,N/A,N/A,N/A,No,No,No,Active,No,No,N/A,Diesel,N/A,"97 Valchery Main Road, Gowriwakkam, Selaiyur, Chennai 600073, India",N/A,N/A
J1789,TN01AN3614,867698045730721,chennai,MTC,"MTC chennai","Kalaignar Nagar Depot",Bus,N/A,N/A,N/A,No,No,No,Active,No,No,N/A,Diesel,N/A,"K K NAGAR (Towards ESIC HOSPITAL)",N/A,N/A
J1669,TN01AN3245,863412044248535,chennai,MTC,"MTC chennai","Thiruvanmiyur Depot",Bus,N/A,N/A,N/A,No,No,No,Active,No,No,N/A,Diesel,N/A,"Om Shri Maha Sakthi Vinayakar Aalayam",N/A,N/A
K0633,TN01AN4809,866758049583269,chennai,MTC,"MTC chennai","Central Depot",Bus,N/A,N/A,N/A,No,No,No,Active,No,No,N/A,Diesel,N/A,"Vinayaka Temple",N/A,N/A
K0564,TN01AN5019,867383057208656,chennai,MTC,"MTC chennai","Poonamallee Depot",Bus,N/A,N/A,N/A,No,No,No,Active,No,No,N/A,Diesel,N/A,"Sardar Patel Road, Guindy National Park Area, Guindy, Chennai 600032, India",N/A,N/A
J0674,TN01AN1356,862607059027143,chennai,MTC,"MTC chennai","Annanagar Depot",Bus,N/A,N/A,N/A,No,No,No,Active,No,No,N/A,Diesel,N/A,"21 Seemathamman Nagar Main Road, Seemathamman Nagar, Maduravoyal, Chennai 600095, India",N/A,N/A
J0420,TN01AN0865,864513042745783,chennai,MTC,"MTC chennai","Alandur Depot",Bus,N/A,N/A,N/A,No,No,No,Active,No,No,N/A,Diesel,N/A,"Thangam Real Estate, 298/3 Velachery Main Road, Dhandeeswaram Nagar, Velachery, Chennai 600042, India",N/A,N/A
K0078,TN01AN4119,867383057141881,chennai,MTC,"MTC chennai","Perambur Depot",Bus,N/A,N/A,N/A,No,No,No,Active,No,No,N/A,Diesel,N/A,"Sardar Patel Road, Gandhi Nagar, Adyar, Chennai 600020, India",N/A,N/A
J1429,TN01AN2693,862607059218122,chennai,MTC,"MTC chennai","Tambaram Depot",Bus,N/A,N/A,N/A,No,No,No,Active,No,No,N/A,Diesel,N/A,"SAIDAPET (Towards THADANDAR NAGAR)",N/A,N/A
J0958,TN01AN1887,867032053802869,chennai,MTC,"MTC chennai","Padiyanallur Depot",Bus,N/A,N/A,N/A,No,No,No,Active,No,No,N/A,Diesel,N/A,"3/56 Avadi Poonamallee High Road, Senneerkuppam, Poonamallee, Chennai 600056, India",N/A,N/A
J0486,TN01AN1165,866758049546183,chennai,MTC,"MTC chennai","Poonamallee Depot",Bus,N/A,N/A,N/A,No,No,No,Active,No,No,N/A,Diesel,N/A,"Trunk Road, Mullai Thottam, Poonamallee, Chennai 600056, India",N/A,N/A
J1614,TN01AN3073,862607059104009,chennai,MTC,"MTC chennai","Alandur Depot",Bus,N/A,N/A,N/A,No,No,No,Active,No,No,N/A,Diesel,N/A,"Jawaharlal Road, Ashok Nagar, Chennai 600083, India",N/A,N/A
J1977,TN01AN3843,863958044774904,chennai,MTC,"MTC chennai","Annanagar Depot",Bus,N/A,N/A,N/A,No,No,No,Active,No,No,N/A,Diesel,N/A,"G S T Road, Pallavaram, Chennai 600043, India",N/A,N/A
J1144,TN01AN2037,860548042852878,chennai,MTC,"MTC chennai","Thiruvottriyur Depot",Bus,N/A,N/A,N/A,No,No,No,Active,No,No,N/A,Diesel,N/A,"KALLARAI (Towards POONAMALLEE GOVERNMENT HOSPITAL)",N/A,N/A
J1041,TN01AN1991,864513046492911,chennai,MTC,"MTC chennai","Chromepet-1 Depot",Bus,N/A,N/A,N/A,No,No,No,Active,No,No,N/A,Diesel,N/A,"Ramaniyam Pushkar Apartments, 6B Kalaigar Karunanidi Road, Sholinganallur, Chennai 600119, India",N/A,N/A
J0247,TN01AN0616,862607059020288,chennai,MTC,"MTC chennai","Tondiarpet-1 Depot",Bus,N/A,N/A,N/A,No,No,No,Active,No,No,N/A,Diesel,N/A,"17/2 Cemetry Road, Minakshi Ammanpet, Old Washermenpet, Chennai 600021, India",N/A,N/A
J1406,TN01AN2856,862607059164490,chennai,MTC,"MTC chennai","Thiruvottriyur Depot",Bus,N/A,N/A,N/A,No,No,No,Active,No,No,N/A,Diesel,N/A,"KALAIMAGAL VIDYALAYA OR ESSO (Towards KASIMEDU POLICE STATION)",N/A,N/A
J0788,TN01AN1525,868704046771505,chennai,MTC,"MTC chennai","Madahvaram Depot",Bus,N/A,N/A,N/A,No,No,No,Active,No,No,N/A,Diesel,N/A,"VALLALAR NAGAR (Towards VALLALAR NAGAR)",N/A,N/A
J0878,TN01AN1642,867383059139719,chennai,MTC,"MTC chennai","Annanagar Depot",Bus,N/A,N/A,N/A,No,No,No,Active,No,No,N/A,Diesel,N/A,"DASAPRAKASH (Towards THINATHANTHI)",N/A,N/A
J0254,TN01AN0675,864650059571171,chennai,MTC,"MTC chennai","Kundrathur Depot",Bus,N/A,N/A,N/A,No,No,No,Active,No,No,N/A,Diesel,N/A,"Metha Nagar Main Road, Kundrathur, Chennai 600069, India",N/A,N/A
J0273,TN01AN0706,867032053928490,chennai,MTC,"MTC chennai","Kalaignar Nagar Depot",Bus,N/A,N/A,N/A,No,No,No,Active,No,No,N/A,Diesel,N/A,"BHARATHIDASAN COLONY (Towards ASHOK NAGAR METRO R.S)",N/A,N/A
J1334,TN01AN2523,864513042754090,chennai,MTC,"MTC chennai","Padiyanallur Depot",Bus,N/A,N/A,N/A,No,No,No,Active,No,No,N/A,Diesel,N/A,"131 G N T Road, Naravarikuppam, Redhills, Chennai 600052, India",N/A,N/A
I1685,TN01N7652,862607059151109,chennai,MTC,"MTC chennai","Tambaram Depot",Bus,N/A,N/A,N/A,No,No,No,Active,No,No,N/A,Diesel,N/A,"TAMBARAM DEPOT (Towards DEPOT)",N/A,N/A
J2088,TN01AN3934,864513042817434,chennai,MTC,"MTC chennai","Chromepet-1 Depot",Bus,N/A,N/A,N/A,No,No,No,Active,No,No,N/A,Diesel,N/A,"Bajaj Finserv",N/A,N/A
J0797,TN01AN1540,864337056504617,chennai,MTC,"MTC chennai","Central Depot",Bus,N/A,N/A,N/A,No,No,No,Active,No,No,N/A,Diesel,N/A,"Clear Vision Opticals",N/A,N/A
J1013,TN01AN2608,864650059661527,chennai,MTC,"MTC chennai","Avadi Depot",Bus,N/A,N/A,N/A,No,No,No,Active,No,No,N/A,Diesel,N/A,"SIR RAMASWAMI MUDALIAR HIGH SCHOOL (Towards AMBATTUR O.T BUS STAND)",N/A,N/A
J0875,TN01AN1679,867383057122816,chennai,MTC,"MTC chennai","Vadapalani Depot",Bus,N/A,N/A,N/A,No,No,No,Active,No,No,N/A,Diesel,N/A,"G S T Road, East Tambaram, Chennai 600059, India",N/A,N/A
J0095,TN01AN0182,867032053733650,chennai,MTC,"MTC chennai","Perambur Depot",Bus,N/A,N/A,N/A,No,No,No,Active,No,No,N/A,Diesel,N/A,"Demellows Road, Choolai, Chennai 600112, India",N/A,N/A
I2962,TN01N9245,868794061313838,chennai,MTC,"MTC chennai","Ennore Depot",Bus,N/A,N/A,N/A,No,No,No,Active,No,No,N/A,Diesel,N/A,"Pandias Restaurant",N/A,N/A
J0567,TN01AN1454,868794061130067,chennai,MTC,"MTC chennai","Poonamallee Depot",Bus,N/A,N/A,N/A,No,No,No,Active,No,No,N/A,Diesel,N/A,"Chennai Rawthar Biryani",N/A,N/A
K0414,TN01AN4709,862607059021096,chennai,MTC,"MTC chennai","Adyar Depot",Bus,N/A,N/A,N/A,No,No,No,Active,No,No,N/A,Diesel,N/A,"THIYAGARAYANAGAR TERMINUS (Towards Exit)",N/A,N/A
J1156,TN01AN2063,864513046547599,chennai,MTC,"MTC chennai","Kilambakkam Depot",Bus,N/A,N/A,N/A,No,No,No,Active,No,No,N/A,Diesel,N/A,"Kalaigar Karunanidi Road, Sholinganallur, Chennai 600119, India",N/A,N/A
J1511,TN01AN2853,864337058942286,chennai,MTC,"MTC chennai","Perambur Depot",Bus,N/A,N/A,N/A,No,No,No,Active,No,No,N/A,Diesel,N/A,"17 Demellows Road, Choolai, Chennai 600012, India",N/A,N/A
J0163,TN01AN0266,862607059149087,chennai,MTC,"MTC chennai","Ambathur Depot",Bus,N/A,N/A,N/A,No,No,No,Active,No,No,N/A,Diesel,N/A,"376 C T H Road, Varatharajapuram, Ambattur, Chennai 600053, India",N/A,N/A
J0339,TN01AN0766,862607059149541,chennai,MTC,"MTC chennai","Avadi Depot",Bus,N/A,N/A,N/A,No,No,No,Active,No,No,N/A,Diesel,N/A,"C T H Road, Avadi, Chennai 600054, India",N/A,N/A
K0712,TN01AN4999,867605051005393,chennai,MTC,"MTC chennai","Central Depot",Bus,N/A,N/A,N/A,No,No,No,Active,No,No,N/A,Diesel,N/A,"THIRUVOTTIYUR BUS STAND (Towards WIMCO NAGAR OR MRF TYRE FACTORY)",N/A,N/A
J1730,TN01AN3522,862607055696735,chennai,MTC,"MTC chennai","Adyar Depot",Bus,N/A,N/A,N/A,No,No,No,Active,No,No,N/A,Diesel,N/A,"Thangam Real Estate, 298/3 Velachery Main Road, Dhandeeswaram Nagar, Velachery, Chennai 600042, India",N/A,N/A
I1660,TN01N7374,864650059630738,chennai,MTC,"MTC chennai","Perumbakkam Depot",Bus,N/A,N/A,N/A,No,No,No,Active,No,No,N/A,Diesel,N/A,"MRC NAGAR (Towards FORESHORE ESTATE BUS STOP)",N/A,N/A
J1642,TN01AN3315,862607059109628,chennai,MTC,"MTC chennai","Thiruvottriyur Depot",Bus,N/A,N/A,N/A,No,No,No,Active,No,No,N/A,Diesel,N/A,"100 Feet Road, Koyambedu, Chennai 600107, India",N/A,N/A
J1230,TN01AN2228,864977047866292,chennai,MTC,"MTC chennai","Padiyanallur Depot",Bus,N/A,N/A,N/A,No,No,No,Active,No,No,N/A,Diesel,N/A,"Periyapalayam Main Road, Uthukkottai 601102, India",N/A,N/A
K0090,TN01AN4063,860965069048323,chennai,MTC,"MTC chennai","Avadi Depot",Bus,N/A,N/A,N/A,No,No,No,Active,No,No,N/A,Diesel,N/A,"C T H Road, Chevalier K.S.R. Nagar, Ambattur, Chennai 600053, India",N/A,N/A
K0479,TN01AN4482,867032053800095,chennai,MTC,"MTC chennai","Kilambakkam Depot",Bus,N/A,N/A,N/A,No,No,No,Active,No,No,N/A,Diesel,N/A,"Geniesys Technologies",N/A,N/A
K0640,TN01AN4744,864337056403299,chennai,MTC,"MTC chennai","Vadapalani Depot",Bus,N/A,N/A,N/A,No,No,No,Active,No,No,N/A,Diesel,N/A,"Service Road, Tambaram Sanatorium, Chennai 600047, India",N/A,N/A
J1769,TN01AN3504,862607059115971,chennai,MTC,"MTC chennai","Iyyappanthangal Depot",Bus,N/A,N/A,N/A,No,No,No,Active,No,No,N/A,Diesel,N/A,"Chennai Bangalore Highway, Sriperumbudur 602105, India",N/A,N/A
J1542,TN01AN2972,862607052182788,chennai,MTC,"MTC chennai","Ayanavaram Depot",Bus,N/A,N/A,N/A,No,No,No,Active,No,No,N/A,Diesel,N/A,"Abirami Street, Purasavakkam, Chennai 600084, India",N/A,N/A
J2096,TN01AN4024,868142049699045,chennai,MTC,"MTC chennai","Thiruvottriyur Depot",Bus,N/A,N/A,N/A,No,No,No,Active,No,No,N/A,Diesel,N/A,"Fashion Point",N/A,N/A
J0790,TN01AN1519,868704041288737,chennai,MTC,"MTC chennai","Thiruvottriyur Depot",Bus,N/A,N/A,N/A,No,No,No,Active,No,No,N/A,Diesel,N/A,"VALLALAR NAGAR (Towards VALLALAR NAGAR_4)",N/A,N/A
J1518,TN01AN2907,862607059144435,chennai,MTC,"MTC chennai","Chromepet-1 Depot",Bus,N/A,N/A,N/A,No,No,No,Active,No,No,N/A,Diesel,N/A,"PUDUPAKKAM (Towards BUTTERFLY COMPANY)",N/A,N/A
J1285,TN01AN2460,866758047874546,chennai,MTC,"MTC chennai","Kilambakkam Depot",Bus,N/A,N/A,N/A,No,No,No,Active,No,No,N/A,Diesel,N/A,"KATTUR ALAMARAM (Towards KATTUR)",N/A,N/A
J1322,TN01AN2680,867032053726563,chennai,MTC,"MTC chennai","Vadapalani Depot",Bus,N/A,N/A,N/A,No,No,No,Active,No,No,N/A,Diesel,N/A,"LIBERTY (Towards MAHALINGAPURAM)",N/A,N/A
K0188,TN01AN4483,868794068139327,chennai,MTC,"MTC chennai","Vadapalani Depot",Bus,N/A,N/A,N/A,No,No,No,Active,No,No,N/A,Diesel,N/A,"VADAPALANI BUS STAND (Towards VADAPALANI)",N/A,N/A
K0718,TN01AN4983,867032059237573,chennai,MTC,"MTC chennai","Adyar Depot",Bus,N/A,N/A,N/A,No,No,No,Active,No,No,N/A,Diesel,N/A,"Mamallapuram Main Road, Kovalam, Chennai 603112, India",N/A,N/A
K0287,TN01AN4701,862607059072347,chennai,MTC,"MTC chennai","Tambaram Depot",Bus,N/A,N/A,N/A,No,No,No,Active,No,No,N/A,Diesel,N/A,"SINGAPERUMAL KOVIL (Towards KEELKARANAI)",N/A,N/A
K0471,TN01AN4488,864513046411697,chennai,MTC,"MTC chennai","Alandur Depot",Bus,N/A,N/A,N/A,No,No,No,Active,No,No,N/A,Diesel,N/A,"AKKARAI (Towards PRATYANGIRA TEMPLE)",N/A,N/A
K0169,TN01AN4173,867605050923083,chennai,MTC,"MTC chennai","Adyar Depot",Bus,N/A,N/A,N/A,No,No,No,Active,No,No,N/A,Diesel,N/A,"THEYAGARAYA NAGAR DEPOT (Towards DEPOT)",N/A,N/A
K0076,TN01AN4060,864650059576162,chennai,MTC,"MTC chennai","Adyar Depot",Bus,N/A,N/A,N/A,No,No,No,Active,No,No,N/A,Diesel,N/A,"INDIRA NAGAR 1ST AVENUE (Towards LB ROAD)",N/A,N/A
J1792,TN01AN3555,864337059102682,chennai,MTC,"MTC chennai","Avadi Depot",Bus,N/A,N/A,N/A,No,No,No,Active,No,No,N/A,Diesel,N/A,"Ganesh Home Decor",N/A,N/A
J0307,TN01AN0807,862607059118488,chennai,MTC,"MTC chennai","Iyyappanthangal Depot",Bus,N/A,N/A,N/A,No,No,No,Active,No,No,N/A,Diesel,N/A,"Sivan Kovil Main Road, Thiruverkadu, Chennai 600077, India",N/A,N/A
J1490,TN01AN2830,864513046512015,chennai,MTC,"MTC chennai","Adyar Depot",Bus,N/A,N/A,N/A,No,No,No,Active,No,No,N/A,Diesel,N/A,"WALLAHJAH ROAD (Towards KAMARAJAR SALAI)",N/A,N/A
J1142,TN01AN2103,865501043943704,chennai,MTC,"MTC chennai","Kilambakkam Depot",Bus,N/A,N/A,N/A,No,No,No,Active,No,No,N/A,Diesel,N/A,"G S T Road, West Tambaram, Chennai 600045, India",N/A,N/A
J2073,TN01AN4012,867032053814229,chennai,MTC,"MTC chennai","Saidapet Depot",Bus,N/A,N/A,N/A,No,No,No,Active,No,No,N/A,Diesel,N/A,"INFOVIEW THORAIPAKKAM (Towards D B JAIN COLLEGE)",N/A,N/A
I3373,TN01N9709,860588042339054,chennai,MTC,"MTC chennai","Basinbridge Depot",Bus,N/A,N/A,N/A,No,No,No,Active,No,No,N/A,Diesel,N/A,"145-120 Chennai Thiruvallur High Road, Padi, Chennai 600050, India",N/A,N/A
K0168,TN01AN4223,862607059106426,chennai,MTC,"MTC chennai","Tambaram Depot",Bus,N/A,N/A,N/A,No,No,No,Active,No,No,N/A,Diesel,N/A,"Universal Travels Boarding Point",N/A,N/A
K0224,TN01AN4524,862607059023142,chennai,MTC,"MTC chennai","Tambaram Depot",Bus,N/A,N/A,N/A,No,No,No,Active,No,No,N/A,Diesel,N/A,"G S T Road, Vandalur, Chennai 600048, India",N/A,N/A
J0897,TN01AN1593,867383057209837,chennai,MTC,"MTC chennai","Madahvaram Depot",Bus,N/A,N/A,N/A,No,No,No,Active,No,No,N/A,Diesel,N/A,"LEATHER COMPANY (Towards MURARI HOSPITAL)",N/A,N/A
I3394,TN01N9714,863418051819167,chennai,MTC,"MTC chennai","Perambur Depot",Bus,N/A,N/A,N/A,No,No,No,Active,No,No,N/A,Diesel,N/A,"Lingam Durai Shop",N/A,N/A
K0400,TN01AN4690,868922051410823,chennai,MTC,"MTC chennai","Central Depot",Bus,N/A,N/A,N/A,No,No,No,Active,No,No,N/A,Diesel,N/A,"BROADWAY ROAD (Towards NSC BOSE ROAD)",N/A,N/A
J0703,TN01AN1404,864513042681111,chennai,MTC,"MTC chennai","Avadi Depot",Bus,N/A,N/A,N/A,No,No,No,Active,No,No,N/A,Diesel,N/A,"Pizza Square",N/A,N/A
J1068,TN01AN2102,864650059679347,chennai,MTC,"MTC chennai","Tondiarpet-1 Depot",Bus,N/A,N/A,N/A,No,No,No,Active,No,No,N/A,Diesel,N/A,"TONDAIRPET-1 DEPOT (Towards DEPOT)",N/A,N/A
I1907,TN01N7513,860548044467881,chennai,MTC,"MTC chennai","Central Depot",Bus,N/A,N/A,N/A,No,No,No,Active,No,No,N/A,Diesel,N/A,"NURSE QUARTERS (Towards CENTRAL DENTAL COLLEGE)",N/A,N/A
J1951,TN01AN3942,864977043725476,chennai,MTC,"MTC chennai","Ayanavaram Depot",Bus,N/A,N/A,N/A,No,No,No,Active,No,No,N/A,Diesel,N/A,"AYANAVARAM DEPOT (Towards DEPOT)",N/A,N/A
J0457,TN01AN1143,864337059028317,chennai,MTC,"MTC chennai","Thiyagaraya Nagar Depot",Bus,N/A,N/A,N/A,No,No,No,Active,No,No,N/A,Diesel,N/A,"28-18 Velachery Main Road, Nagendra Nagar, Velachery, Chennai 600042, India",N/A,N/A
J0940,TN01AN1897,868142049821375,chennai,MTC,"MTC chennai","Tambaram Depot",Bus,N/A,N/A,N/A,No,No,No,Active,No,No,N/A,Diesel,N/A,"RED HILLS THIRUVALLUR ROAD JUNCTION (Towards ELITE MATRICULATION HIGHER SECONDARY)",N/A,N/A
J0496,TN01AN1189,864513041451482,chennai,MTC,"MTC chennai","Poonamallee Depot",Bus,N/A,N/A,N/A,No,No,No,Active,No,No,N/A,Diesel,N/A,"Chennai Bangalore Highway, Sriperumbudur 602105, India",N/A,N/A
K0264,TN01AN4401,862607059141191,chennai,MTC,"MTC chennai","Tambaram Depot",Bus,N/A,N/A,N/A,No,No,No,Active,No,No,N/A,Diesel,N/A,"G S T Road, New Perungalathur, Chennai 600063, India",N/A,N/A
K0157,TN01AN4195,867032053725185,chennai,MTC,"MTC chennai","Annanagar Depot",Bus,N/A,N/A,N/A,No,No,No,Active,No,No,N/A,Diesel,N/A,"M.G.R.KOYAMBEDU (Towards EXIT)",N/A,N/A
J1295,TN01AN2513,862607055584360,chennai,MTC,"MTC chennai","Poonamallee Depot",Bus,N/A,N/A,N/A,No,No,No,Active,No,No,N/A,Diesel,N/A,"SAIDAPET (Towards CHINNAMALAI OR SAIDAPET COURT)",N/A,N/A
J1196,TN01AN2126,864650056279075,chennai,MTC,"MTC chennai","Adyar Depot",Bus,N/A,N/A,N/A,No,No,No,Active,No,No,N/A,Diesel,N/A,"2A E C R Road, Thiruvanmiyur, Chennai 600041, India",N/A,N/A
K0111,TN01AN4210,868922051334817,chennai,MTC,"MTC chennai","Ennore Depot",Bus,N/A,N/A,N/A,No,No,No,Active,No,No,N/A,Diesel,N/A,"Manali Express Road, Manali, Chennai 600068, India",N/A,N/A
I1368,TN01N5681,867032059155056,chennai,MTC,"MTC chennai","Iyyappanthangal Depot",Bus,N/A,N/A,N/A,No,No,No,Active,No,No,N/A,Diesel,N/A,"VADAPALANI BUS STAND (Towards VADAPALANI)",N/A,N/A
K0665,TN01AN4754,866041042198926,chennai,MTC,"MTC chennai","Ambathur Depot",Bus,N/A,N/A,N/A,No,No,No,Active,No,No,N/A,Diesel,N/A,"HOTEL EVEREST (Towards PARK STATION)",N/A,N/A
K0021,TN01AN4082,862607055628936,chennai,MTC,"MTC chennai","Vadapalani Depot",Bus,N/A,N/A,N/A,No,No,No,Active,No,No,N/A,Diesel,N/A,"156, Arcot Road, Vadapalani",N/A,N/A
K0659,TN01AN4822,862607055577026,chennai,MTC,"MTC chennai","Adyar Depot",Bus,N/A,N/A,N/A,No,No,No,Active,No,No,N/A,Diesel,N/A,"THIRUPORUR BUS STAND (Towards MANAMATHI KOOT ROAD)",N/A,N/A
J1740,TN01AN3507,862607059092618,chennai,MTC,"MTC chennai","Annanagar Depot",Bus,N/A,N/A,N/A,No,No,No,Active,No,No,N/A,Diesel,N/A,"4th Main Road, Sipcot It Park, Siruseri, Chennai 603103, India",N/A,N/A
J1737,TN01AN3441,864388041747191,chennai,MTC,"MTC chennai","Adyar Depot",Bus,N/A,N/A,N/A,No,No,No,Active,No,No,N/A,Diesel,N/A,"100 Feet Road, Ashok Nagar, Chennai 600083, India",N/A,N/A
J1797,TN01AN3622,867032053799388,chennai,MTC,"MTC chennai","Chromepet-1 Depot",Bus,N/A,N/A,N/A,No,No,No,Active,No,No,N/A,Diesel,N/A,"Saravana Traders",N/A,N/A
J0489,TN01AN1197,868794061060439,chennai,MTC,"MTC chennai","Poonamallee Depot",Bus,N/A,N/A,N/A,No,No,No,Active,No,No,N/A,Diesel,N/A,"POONAMALLEE DEPOT (Towards DEPOT)",N/A,N/A
J1961,TN01AN3883,867032053728338,chennai,MTC,"MTC chennai","Ennore Depot",Bus,N/A,N/A,N/A,No,No,No,Active,No,No,N/A,Diesel,N/A,"Manali Express Road, Manali, Chennai 600068, India",N/A,N/A
J0084,TN01N9936,867032053716267,chennai,MTC,"MTC chennai","Ambathur Depot",Bus,N/A,N/A,N/A,No,No,No,Active,No,No,N/A,Diesel,N/A,"T S P Camp Road, Veerapuram, Chennai 600055, India",N/A,N/A
J1778,TN01AN3548,862607055713605,chennai,MTC,"MTC chennai","Avadi Depot",Bus,N/A,N/A,N/A,No,No,No,Active,No,No,N/A,Diesel,N/A,"AVADI DEPOT (Towards DEPOT)",N/A,N/A
I2937,TN01N8875,862607059259167,chennai,MTC,"MTC chennai","Adambakkam Depot",Bus,N/A,N/A,N/A,No,No,No,Active,No,No,N/A,Diesel,N/A,"GOPALAPURAM (Towards GOWDIA MUTT)",N/A,N/A
J0315,TN01AN0749,864977043763022,chennai,MTC,"MTC chennai","Iyyappanthangal Depot",Bus,N/A,N/A,N/A,No,No,No,Active,No,No,N/A,Diesel,N/A,"Christine Books & Gift Centre",N/A,N/A
J1674,TN01AN3290,862607059126010,chennai,MTC,"MTC chennai","Tondiarpet-1 Depot",Bus,N/A,N/A,N/A,No,No,No,Active,No,No,N/A,Diesel,N/A,"Pallavan Salai, Pallavan Nagar, Park Town, Chennai 600003, India",N/A,N/A
J1826,TN45N4153,862547050666657,chennai,MTC,"MTC chennai","Madahvaram Depot",Bus,N/A,N/A,N/A,No,No,No,Active,No,No,N/A,Diesel,N/A,"59 V O C Salai, Badri Garden, Park Town, Chennai 600003, India",N/A,N/A
K0142,TN01AN4188,865860042119264,chennai,MTC,"MTC chennai","Central Depot",Bus,N/A,N/A,N/A,No,No,No,Active,No,No,N/A,Diesel,N/A,"Old Mahabalipuram Road, Egattur, Chennai 603103, India",N/A,N/A
K0246,TN01AN4771,867383057208581,chennai,MTC,"MTC chennai","Iyyappanthangal Depot",Bus,N/A,N/A,N/A,No,No,No,Active,No,No,N/A,Diesel,N/A,"CHEKKADY (Towards R J C C CHURCH)",N/A,N/A
I3340,TN01N9651,864650059650132,chennai,MTC,"MTC chennai","Perambur Depot",Bus,N/A,N/A,N/A,No,No,No,Active,No,No,N/A,Diesel,N/A,"562 Adhithanar Salai, Egmore, Chennai 600008, India",N/A,N/A
K0245,TN01AN4745,867032053744806,chennai,MTC,"MTC chennai","Vadapalani Depot",Bus,N/A,N/A,N/A,No,No,No,Active,No,No,N/A,Diesel,N/A,"65-66 Kaliamman Koil Street, Virugambakkam, Chennai 600092, India",N/A,N/A
J1563,TN01AN3079,862607059303205,chennai,MTC,"MTC chennai","Padiyanallur Depot",Bus,N/A,N/A,N/A,No,No,No,Active,No,No,N/A,Diesel,N/A,"AYURVEDA ASHRAMAM (Towards SRI NALLAGHU POLYTECHNIC COLLEGE)",N/A,N/A
K0209,TN01AN4443,868704043204997,chennai,MTC,"MTC chennai","Tambaram Depot",Bus,N/A,N/A,N/A,No,No,No,Active,No,No,N/A,Diesel,N/A,"Vandalur Kelambakkam Main Road, Vandalur, Chennai 600048, India",N/A,N/A
J0504,TN01AN1261,862607055679343,chennai,MTC,"MTC chennai","Poonamallee Depot",Bus,N/A,N/A,N/A,No,No,No,Active,No,No,N/A,Diesel,N/A,"Car Audio & Accessories",N/A,N/A
K0281,TN01AN4785,864650059569365,chennai,MTC,"MTC chennai","Kundrathur Depot",Bus,N/A,N/A,N/A,No,No,No,Active,No,No,N/A,Diesel,N/A,"PALLAVAN SALAI (CENTRAL RAILWAY STATION) (Towards EVR SALAI)",N/A,N/A
J1631,TN01AN3067,864650059574431,chennai,MTC,"MTC chennai","Kalaignar Nagar Depot",Bus,N/A,N/A,N/A,No,No,No,Active,No,No,N/A,Diesel,N/A,"Service Road, Sarvamangala Colony, Vadapalani, Chennai 600026, India",N/A,N/A
J1761,TN01AN3474,869756048096405,chennai,MTC,"MTC chennai","Adyar Depot",Bus,N/A,N/A,N/A,No,No,No,Active,No,No,N/A,Diesel,N/A,"THIRUVANMIYUR BUS STAND (Towards JAYANTHI THEATRE)",N/A,N/A
J0422,TN01AN0866,864650059639010,chennai,MTC,"MTC chennai","Kalaignar Nagar Depot",Bus,N/A,N/A,N/A,No,No,No,Active,No,No,N/A,Diesel,N/A,"49-852B Munusamy Road, Nesapakkam, Chennai 600078, India",N/A,N/A
J0590,TN01AN1470,862607059149749,chennai,MTC,"MTC chennai","Kalaignar Nagar Depot",Bus,N/A,N/A,N/A,No,No,No,Active,No,No,N/A,Diesel,N/A,"Bakiya Studio & Colour Lab",N/A,N/A
J1425,TN01AN2556,866041042133162,chennai,MTC,"MTC chennai","Iyyappanthangal Depot",Bus,N/A,N/A,N/A,No,No,No,Active,No,No,N/A,Diesel,N/A,"POONAMALLEE MUNICIPALITY (Towards KATTUPAKKAM)",N/A,N/A
K0725,TN01AN4944,861107034055435,chennai,MTC,"MTC chennai","Vadapalani Depot",Bus,N/A,N/A,N/A,No,No,No,Active,No,No,N/A,Diesel,N/A,"M.G.R.KOYAMBEDU (Towards EXIT)",N/A,N/A
J0802,TN01AN1551,862547050842761,chennai,MTC,"MTC chennai","Ayanavaram Depot",Bus,N/A,N/A,N/A,No,No,No,Active,No,No,N/A,Diesel,N/A,"M T H Road, Moorthy NGR, Villivakkam, Chennai 600049, India",N/A,N/A
K0478,TN01AN4468,862607059250596,chennai,MTC,"MTC chennai","Kilambakkam Depot",Bus,N/A,N/A,N/A,No,No,No,Active,No,No,N/A,Diesel,N/A,"G S T Road, Chennai International Airport Area, Meenambakkam, Chennai 600027, India",N/A,N/A
K0208,TN01AN4493,864337056477384,chennai,MTC,"MTC chennai","Tambaram Depot",Bus,N/A,N/A,N/A,No,No,No,Active,No,No,N/A,Diesel,N/A,"1, Tambaram Sanatorium, Chennai 600047, India",N/A,N/A
J1414,TN01AN2466,864650056191213,chennai,MTC,"MTC chennai","Avadi Depot",Bus,N/A,N/A,N/A,No,No,No,Active,No,No,N/A,Diesel,N/A,"E V R Periyar Salai, Maduravoyal, Chennai 600095, India",N/A,N/A
J0366,TN01AN0788,864650059508371,chennai,MTC,"MTC chennai","Kalaignar Nagar Depot",Bus,N/A,N/A,N/A,No,No,No,Active,No,No,N/A,Diesel,N/A,"289-2 100 Feet Road, Jafferkhanpet, Chennai 600083, India",N/A,N/A
J1081,TN01AN2148,866758041728854,chennai,MTC,"MTC chennai","Madahvaram Depot",Bus,N/A,N/A,N/A,No,No,No,Active,No,No,N/A,Diesel,N/A,"A P Ashvantha, 200 Feet Road, Kolathur, Chennai 600099, India",N/A,N/A
K0594,TN01AN4975,862607052309100,chennai,MTC,"MTC chennai","Central Depot",Bus,N/A,N/A,N/A,No,No,No,Active,No,No,N/A,Diesel,N/A,"Service Road, C I T Colony, Alwarpet, Chennai 600018, India",N/A,N/A
K0178,TN01AN4155,865860041655037,chennai,MTC,"MTC chennai","Perambur Depot",Bus,N/A,N/A,N/A,No,No,No,Active,No,No,N/A,Diesel,N/A,"1/75B 11th Avenue, Indira Colony, Ashok Nagar, Chennai 600083, India",N/A,N/A
J1715,TN01AN3402,865860041786824,chennai,MTC,"MTC chennai","Kalaignar Nagar Depot",Bus,N/A,N/A,N/A,No,No,No,Active,No,No,N/A,Diesel,N/A,"K.K NAGAR DEPOT (Towards DEPOT)",N/A,N/A
J1897,TN01AN3732,864337056377089,chennai,MTC,"MTC chennai","Chromepet-1 Depot",Bus,N/A,N/A,N/A,No,No,No,Active,No,No,N/A,Diesel,N/A,"15-171 SH-49, Kamaraj Nagar West, Thiruvanmiyur, Chennai 600041, India",N/A,N/A
K0357,TN01AN4546,860548040377787,chennai,MTC,"MTC chennai","Vadapalani Depot",Bus,N/A,N/A,N/A,No,No,No,Active,No,No,N/A,Diesel,N/A,"THIRUVANMIYUR BUS STAND (Towards JAYANTHI THEATRE)",N/A,N/A
I3396,TN01N9742,864650059660115,chennai,MTC,"MTC chennai","Thiruvottriyur Depot",Bus,N/A,N/A,N/A,No,No,No,Active,No,No,N/A,Diesel,N/A,"8 P A N Rajarathinam Salai, Pudumanai Kuppam, Tondiarpet, Chennai 600013, India",N/A,N/A
K0019,TN01AN4104,864977043714298,chennai,MTC,"MTC chennai","Tambaram Depot",Bus,N/A,N/A,N/A,No,No,No,Active,No,No,N/A,Diesel,N/A,"THAILAVARAM (Towards SRM COLLEGE)",N/A,N/A
J1461,TN01AN2729,867383059115941,chennai,MTC,"MTC chennai","Thiruvottriyur Depot",Bus,N/A,N/A,N/A,No,No,No,Active,No,No,N/A,Diesel,N/A,"P H Road, Poonamallee, Chennai 600056, India",N/A,N/A
I2961,TN01N9381,866758047989633,chennai,MTC,"MTC chennai","Madahvaram Depot",Bus,N/A,N/A,N/A,No,No,No,Active,No,No,N/A,Diesel,N/A,"BROADWAY (Towards EXIT)",N/A,N/A
J0559,TN01AN1368,862607059216233,chennai,MTC,"MTC chennai","Kalaignar Nagar Depot",Bus,N/A,N/A,N/A,No,No,No,Active,No,No,N/A,Diesel,N/A,"ASHOK NAGAR 4TH AVENUE (Towards INNER RING ROAD)",N/A,N/A
J0928,TN01AN1868,862607052169058,chennai,MTC,"MTC chennai","Central Depot",Bus,N/A,N/A,N/A,No,No,No,Active,No,No,N/A,Diesel,N/A,"ANNA NAGAR 2ND AVENUE (Towards INNER RING ROAD)",N/A,N/A
J1863,TN01AN3726,864650056397240,chennai,MTC,"MTC chennai","Madahvaram Depot",Bus,N/A,N/A,N/A,No,No,No,Active,No,No,N/A,Diesel,N/A,"Jawahar Lal Nehru Road, Block J-Bharathi Clny, Anna Nagar, Chennai 600040, India",N/A,N/A
J0119,TN01AN0165,860548045663868,chennai,MTC,"MTC chennai","Avadi Depot",Bus,N/A,N/A,N/A,No,No,No,Active,No,No,N/A,Diesel,N/A,"Kilambakkam Govt School",N/A,N/A
J0226,TN01AN0580,863958044835317,chennai,MTC,"MTC chennai","Avadi Depot",Bus,N/A,N/A,N/A,No,No,No,Active,No,No,N/A,Diesel,N/A,"H V F Road, H.V.F.Estate, Avadi, Chennai 600054, India",N/A,N/A
K0617,TN01AN5100,862607059215334,chennai,MTC,"MTC chennai","Annanagar Depot",Bus,N/A,N/A,N/A,No,No,No,Active,No,No,N/A,Diesel,N/A,"MINJUR BUS TERMINUS (Towards MINJUR MARKET)",N/A,N/A
J0478,TN01AN1154,869756046228968,chennai,MTC,"MTC chennai","Kalaignar Nagar Depot",Bus,N/A,N/A,N/A,No,No,No,Active,No,No,N/A,Diesel,N/A,"Kundrathur Main Road, Kollacheri, Chennai 600069, India",N/A,N/A
J0938,TN01AN1890,867605050990959,chennai,MTC,"MTC chennai","Avadi Depot",Bus,N/A,N/A,N/A,No,No,No,Active,No,No,N/A,Diesel,N/A,"502/32 C T H Road, Ram Nagar, Ambattur, Chennai 600053, India",N/A,N/A
J0843,TN01AN1602,862607059197094,chennai,MTC,"MTC chennai","Thiruvanmiyur Depot",Bus,N/A,N/A,N/A,No,No,No,Active,No,No,N/A,Diesel,N/A,"311012 1st Main Road, Sastri Nagar, Adyar, Chennai 600020, India",N/A,N/A
K0447,TN01AN4360,864650059647567,chennai,MTC,"MTC chennai","Tondiarpet-2 Depot",Bus,N/A,N/A,N/A,No,No,No,Active,No,No,N/A,Diesel,N/A,"481 Thiruvottiyur Road, Old Washermenpet, Chennai 600021, India",N/A,N/A
J1758,TN01AN3471,867383057219216,chennai,MTC,"MTC chennai","Perumbakkam Depot",Bus,N/A,N/A,N/A,No,No,No,Active,No,No,N/A,Diesel,N/A,"Amika Womens Boutique",N/A,N/A
K0140,TN01AN4183,862607055584410,chennai,MTC,"MTC chennai","Adyar Depot",Bus,N/A,N/A,N/A,No,No,No,Active,No,No,N/A,Diesel,N/A,"QUEEN MARYS COLLEGE (Towards VIVEKANANDA HOUSE)",N/A,N/A
J1712,TN01AN3418,863418053252631,chennai,MTC,"MTC chennai","Thiyagaraya Nagar Depot",Bus,N/A,N/A,N/A,No,No,No,Active,No,No,N/A,Diesel,N/A,"THIRUVERKADU TERMINUS (Towards GURIMEDAI)",N/A,N/A
I2021,TN01N7734,865860041660169,chennai,MTC,"MTC chennai","Annanagar Depot",Bus,N/A,N/A,N/A,No,No,No,Active,No,No,N/A,Diesel,N/A,"Estate Road, Anna Nagar West Extension, Chennai 600101, India",N/A,N/A
K0077,TN01AN4041,867032059119276,chennai,MTC,"MTC chennai","Tambaram Depot",Bus,N/A,N/A,N/A,No,No,No,Active,No,No,N/A,Diesel,N/A,"Bypass Road, Irumbuliyur, Chennai 600059, India",N/A,N/A
J1147,TN01AN2207,867383057158505,chennai,MTC,"MTC chennai","Tambaram Depot",Bus,N/A,N/A,N/A,No,No,No,Active,No,No,N/A,Diesel,N/A,"G S T Road, Chettipunniyam, Chengalpattu 603002, India",N/A,N/A
K0576,TN01AN5065,860548040928704,chennai,MTC,"MTC chennai","Poonamallee Depot",Bus,N/A,N/A,N/A,No,No,No,Active,No,No,N/A,Diesel,N/A,"2/3 Avadi Road, Indra Nagar, Paruthipattu, Chennai 600071, India",N/A,N/A
J0349,TN01AN0740,867032053740796,chennai,MTC,"MTC chennai","Kalaignar Nagar Depot",Bus,N/A,N/A,N/A,No,No,No,Active,No,No,N/A,Diesel,N/A,"Alandur Main Road, Thiru VI Ka Industrial Estate, Guindy, Chennai 600032, India",N/A,N/A
K0211,TN01AN4480,867032053933631,chennai,MTC,"MTC chennai","Annanagar Depot",Bus,N/A,N/A,N/A,No,No,No,Active,No,No,N/A,Diesel,N/A,"M.G.R.KOYAMBEDU (Towards EXIT)",N/A,N/A
J1776,TN01AN3587,862607059026400,chennai,MTC,"MTC chennai","Avadi Depot",Bus,N/A,N/A,N/A,No,No,No,Active,No,No,N/A,Diesel,N/A,"J N Salai, Koyambedu, Chennai 600107, India",N/A,N/A
J0728,TN01AN1659,864977047761584,chennai,MTC,"MTC chennai","Kalaignar Nagar Depot",Bus,N/A,N/A,N/A,No,No,No,Active,No,No,N/A,Diesel,N/A,"EVENING BAZZAR ROAD (Towards EVR SALAI)",N/A,N/A
K0529,TN01AN4844,867394042501683,chennai,MTC,"MTC chennai","Kilambakkam Depot",Bus,N/A,N/A,N/A,No,No,No,Active,No,No,N/A,Diesel,N/A,"Vandalur Kelambakkam Main Road, Chennai 600048, India",N/A,N/A
J0202,TN01AN0564,863958044718349,chennai,MTC,"MTC chennai","Adambakkam Depot",Bus,N/A,N/A,N/A,No,No,No,Active,No,No,N/A,Diesel,N/A,"SARAVANA STORE CHROMEPET (Towards CHROMEPET)",N/A,N/A
I2044,TN01N8112,864977043647373,chennai,MTC,"MTC chennai","Adambakkam Depot",Bus,N/A,N/A,N/A,No,No,No,Active,No,No,N/A,Diesel,N/A,"Gold Gym Fitness Center",N/A,N/A
J0049,TN01N9860,867032053741331,chennai,MTC,"MTC chennai","Avadi Depot",Bus,N/A,N/A,N/A,No,No,No,Active,No,No,N/A,Diesel,N/A,"C T H Road, Thiruvallur Sub-District 602024, India",N/A,N/A
K0316,TN01AN4739,867605050970621,chennai,MTC,"MTC chennai","Madahvaram Depot",Bus,N/A,N/A,N/A,No,No,No,Active,No,No,N/A,Diesel,N/A,"Alangu Pharmacy",N/A,N/A
K0039,TN01AN4114,864513042696473,chennai,MTC,"MTC chennai","Avadi Depot",Bus,N/A,N/A,N/A,No,No,No,Active,No,No,N/A,Diesel,N/A,"SA ENGINEERING COLLEGE (Towards VEERARAGHAVAPURAM)",N/A,N/A
J1738,TN01AN3435,862607055624729,chennai,MTC,"MTC chennai","Kilambakkam Depot",Bus,N/A,N/A,N/A,No,No,No,Active,No,No,N/A,Diesel,N/A,"G S T Road, New Perungalathur, Chennai 600063, India",N/A,N/A
K0185,TN01AN4318,864650059592656,chennai,MTC,"MTC chennai","Tondiarpet-2 Depot",Bus,N/A,N/A,N/A,No,No,No,Active,No,No,N/A,Diesel,N/A,"137-32 Vaidhiyanathan Street, Tondiarpet, Chennai 600081, India",N/A,N/A
J1116,TN01AN2243,863412043750135,chennai,MTC,"MTC chennai","Padiyanallur Depot",Bus,N/A,N/A,N/A,No,No,No,Active,No,No,N/A,Diesel,N/A,"Outer Ring Road, Attanthangal, Chennai 600052, India",N/A,N/A
I1902,TN01N7350,867383059134827,chennai,MTC,"MTC chennai","Padiyanallur Depot",Bus,N/A,N/A,N/A,No,No,No,Active,No,No,N/A,Diesel,N/A,"KUMMANUR COLONY (Towards KUMMANUR)",N/A,N/A
J1181,TN01AN2319,860965069087826,chennai,MTC,"MTC chennai","Annanagar Depot",Bus,N/A,N/A,N/A,No,No,No,Active,No,No,N/A,Diesel,N/A,"Gandhi Irwin Bridge, Egmore, Chennai 600008, India",N/A,N/A
K0511,TN01AN4815,867032053803180,chennai,MTC,"MTC chennai","Kilambakkam Depot",Bus,N/A,N/A,N/A,No,No,No,Active,No,No,N/A,Diesel,N/A,"Vandalur Kelambakkam Main Road, Kilambakkam, Chennai 603103, India",N/A,N/A
J1835,TN45N4168,867032059139332,chennai,MTC,"MTC chennai","Madahvaram Depot",Bus,N/A,N/A,N/A,No,No,No,Active,No,No,N/A,Diesel,N/A,"M M C Main Road, Madhavaram Milk Colony, Chennai 600051, India",N/A,N/A
K0547,TN01AN4939,868704041066406,chennai,MTC,"MTC chennai","Kilambakkam Depot",Bus,N/A,N/A,N/A,No,No,No,Active,No,No,N/A,Diesel,N/A,"Bajaj Finserv",N/A,N/A
K0742,TN01AN5042,862607059105634,chennai,MTC,"MTC chennai","Poonamallee Depot",Bus,N/A,N/A,N/A,No,No,No,Active,No,No,N/A,Diesel,N/A,"54/2 Trunk Road, Karayanchavadi, Poonamallee, Chennai 600056, India",N/A,N/A
J0013,TN01N9787,862607059117969,chennai,MTC,"MTC chennai","Tondiarpet-1 Depot",Bus,N/A,N/A,N/A,No,No,No,Active,No,No,N/A,Diesel,N/A,"PARRYS CORNER (Towards BEACH STATION)",N/A,N/A
J0813,TN01AN1566,867032053799990,chennai,MTC,"MTC chennai","Perambur Depot",Bus,N/A,N/A,N/A,No,No,No,Active,No,No,N/A,Diesel,N/A,"JOINT OFFICE (Towards RAILWAY QUARTERS)",N/A,N/A
J0805,TN01AN1575,864650059566304,chennai,MTC,"MTC chennai","Iyyappanthangal Depot",Bus,N/A,N/A,N/A,No,No,No,Active,No,No,N/A,Diesel,N/A,"171 Valluvarkottam High Road, Valluvar Kottam, Nungambakkam, Chennai 600034, India",N/A,N/A
J1191,TN01AN2313,862607059117613,chennai,MTC,"MTC chennai","Chromepet-1 Depot",Bus,N/A,N/A,N/A,No,No,No,Active,No,No,N/A,Diesel,N/A,"Tambaram Perunagaratchi Mel Nilaipalli",N/A,N/A
J1400,TN01AN3008,865860041750580,chennai,MTC,"MTC chennai","Annanagar Depot",Bus,N/A,N/A,N/A,No,No,No,Active,No,No,N/A,Diesel,N/A,"BD3 Central Avenue, Mahakavi Bharathi NGR, Vyasarpadi, Chennai 600039, India",N/A,N/A
K0531,TN01AN4891,866758048848770,chennai,MTC,"MTC chennai","Kilambakkam Depot",Bus,N/A,N/A,N/A,No,No,No,Active,No,No,N/A,Diesel,N/A,"Kalyan Grand - A Business Hotel",N/A,N/A
K0544,TN01AN4943,862607059115674,chennai,MTC,"MTC chennai","Alandur Depot",Bus,N/A,N/A,N/A,No,No,No,Active,No,No,N/A,Diesel,N/A,"Najima Pet Clinic & Pet Shop",N/A,N/A
K0432,TN01AN4811,864650059633435,chennai,MTC,"MTC chennai","Annanagar Depot",Bus,N/A,N/A,N/A,No,No,No,Active,No,No,N/A,Diesel,N/A,"Bypass Road, Srinivasapuram, Anakaputhur, Chennai 600070, India",N/A,N/A
J0533,TN01AN1270,866041045652507,chennai,MTC,"MTC chennai","Kalaignar Nagar Depot",Bus,N/A,N/A,N/A,No,No,No,Active,No,No,N/A,Diesel,N/A,"E V R Periyar Salai, Periamet, Chennai 600003, India",N/A,N/A
J0673,TN01AN1388,862607052134334,chennai,MTC,"MTC chennai","Annanagar Depot",Bus,N/A,N/A,N/A,No,No,No,Active,No,No,N/A,Diesel,N/A,"7 M T H Road, TVS Nagar -Pandurangapuram, Padi, Chennai 600050, India",N/A,N/A
J0540,TN01AN1284,867032053748922,chennai,MTC,"MTC chennai","Thiyagaraya Nagar Depot",Bus,N/A,N/A,N/A,No,No,No,Active,No,No,N/A,Diesel,N/A,"Thiruverkadu Main Road, Sivasakthi Nagar-Vinayagar Nagar, Thiruverkadu, Chennai 600077, India",N/A,N/A
K0738,TN01AN5110,867032053892100,chennai,MTC,"MTC chennai","Vadapalani Depot",Bus,N/A,N/A,N/A,No,No,No,Active,No,No,N/A,Diesel,N/A,"M.G.R.KOYAMBEDU (Towards EXIT)",N/A,N/A
J1198,TN01AN2108,867605050930716,chennai,MTC,"MTC chennai","Tambaram Depot",Bus,N/A,N/A,N/A,No,No,No,Active,No,No,N/A,Diesel,N/A,"MAMALLAPURAM (Towards MANDAPAM MARKET)",N/A,N/A
K0308,TN01AN4659,860548042770336,chennai,MTC,"MTC chennai","Chromepet-1 Depot",Bus,N/A,N/A,N/A,No,No,No,Active,No,No,N/A,Diesel,N/A,"New Vijaya Cell Park",N/A,N/A
K0664,TN01AN4761,868142049630362,chennai,MTC,"MTC chennai","Vadapalani Depot",Bus,N/A,N/A,N/A,No,No,No,Active,No,No,N/A,Diesel,N/A,"THEYAGARAYA NAGAR DEPOT (Towards DEPOT)",N/A,N/A
J1528,TN01AN2898,862607059090877,chennai,MTC,"MTC chennai","Adyar Depot",Bus,N/A,N/A,N/A,No,No,No,Active,No,No,N/A,Diesel,N/A,"ADYAR DEPOT (Towards DEPOT)",N/A,N/A
J0466,TN01AN1163,866758049190453,chennai,MTC,"MTC chennai","Kalaignar Nagar Depot",Bus,N/A,N/A,N/A,No,No,No,Active,No,No,N/A,Diesel,N/A,"SIVAN PARK (Towards PT RAJAN ROAD)",N/A,N/A
J0280,TN01AN0684,864650059645330,chennai,MTC,"MTC chennai","Iyyappanthangal Depot",Bus,N/A,N/A,N/A,No,No,No,Active,No,No,N/A,Diesel,N/A,"Mount Poonamalee High Road, M.S.S. Nagar, Kumananchavadi, Chennai 600056, India",N/A,N/A
J0477,TN01AN1192,864513041473544,chennai,MTC,"MTC chennai","Kalaignar Nagar Depot",Bus,N/A,N/A,N/A,No,No,No,Active,No,No,N/A,Diesel,N/A,"SH-109, Okkiyam Thuraipakkam, Chennai 600097, India",N/A,N/A
J1066,TN01AN2098,867032053927708,chennai,MTC,"MTC chennai","Iyyappanthangal Depot",Bus,N/A,N/A,N/A,No,No,No,Active,No,No,N/A,Diesel,N/A,"IYYAPPANTHANGAL BUS DEPOT (Towards TERMINUS)",N/A,N/A
I3323,TN01N9627,868704043917069,chennai,MTC,"MTC chennai","Ambathur Depot",Bus,N/A,N/A,N/A,No,No,No,Active,No,No,N/A,Diesel,N/A,"Thiruverkadu Main Road, Ayappakkam, Chennai 600077, India",N/A,N/A
J1724,TN01AN3512,867383059082612,chennai,MTC,"MTC chennai","Annanagar Depot",Bus,N/A,N/A,N/A,No,No,No,Active,No,No,N/A,Diesel,N/A,"Service Road, Okkiyam Thuraipakkam, Chennai 600097, India",N/A,N/A
K0215,TN01AN4522,864650059554425,chennai,MTC,"MTC chennai","Annanagar Depot",Bus,N/A,N/A,N/A,No,No,No,Active,No,No,N/A,Diesel,N/A,"Bypass Road, Thirumangaialwarpuram, Thiruneermalai, Chennai 600044, India",N/A,N/A
J0551,TN01AN1319,862607053476585,chennai,MTC,"MTC chennai","Kalaignar Nagar Depot",Bus,N/A,N/A,N/A,No,No,No,Active,No,No,N/A,Diesel,N/A,"10-22 Cenotaph Road, Rathna NGR, Teynampet, Chennai 600018, India",N/A,N/A
J1805,TN01AN3633,866758048726943,chennai,MTC,"MTC chennai","Avadi Depot",Bus,N/A,N/A,N/A,No,No,No,Active,No,No,N/A,Diesel,N/A,"Outer Ring Road, Erumaiyur, Chennai 600132, India",N/A,N/A
K0075,TN01AN4073,867032059114376,chennai,MTC,"MTC chennai","Perambur Depot",Bus,N/A,N/A,N/A,No,No,No,Active,No,No,N/A,Diesel,N/A,"E V R Periyar Salai, Kilpauk, Chennai 600010, India",N/A,N/A
J0165,TN01AN0496,863958044709058,chennai,MTC,"MTC chennai","Iyyappanthangal Depot",Bus,N/A,N/A,N/A,No,No,No,Active,No,No,N/A,Diesel,N/A,"77 Arcot Road, Jai Nagar, Valasaravakkam, Chennai 600087, India",N/A,N/A
