DeviceID,"Vehicle No",Agency,Depot,"Firmware Version",Network,Protocol,"Region Id",Status
862607052177333,J0769,MTC,"Ambathur Depot",IPC_MTC_v1.23_c,21,Prime_edge_obu,"MTC CHENNAI","Communication Lost"
867032059138391,J0487,MTCC,"Poonamallee Depot",IPC_MTC_v1.23_c,27,Prime_edge_obu,"MTC CHENNAI","Communication Lost"
866758049212588,J0926,MTC,"Tambaram Depot",IPC_MTC_v1.23_c,21,Prime_edge_obu,"MTC CHENNAI","Communication Lost"
867032053734351,J0732,MTC,"Alandur Depot",IPC_MTC_v1.23_c,31,Prime_edge_obu,"MTC CHENNAI","Communication Lost"
862607055693807,K0634,MTC,"Central Depot",IPC_MTC_V1.24_TT,31,Prime_edge_obu,"MTC CHENNAI","Communication Lost"
864337056514723,J1896,MTC,"Kilambakkam Depot",IPC_MTC_v1.23_c,31,Prime_edge_obu,"MTC CHENNAI","Communication Lost"
861107033126823,J0931,MTC,"Central Depot",IPC_MTC_v1.23_c,22,Prime_edge_obu,"MTC CHENNAI","Communication Lost"
867032053769738,J2018,MTC,"Annanagar Depot",IPC_MTC_v1.23_c,31,Prime_edge_obu,"MTC CHENNAI","Communication Lost"
863715059163302,J1665,MTC,"Perambur Depot",IPC_MTC_v1.23_c,31,Prime_edge_obu,"MTC CHENNAI","Communication Lost"
867032059237557,K0732,MTC,"Saidapet Depot",IPC_MTC_V1.24_TT,9,Prime_edge_obu,"MTC CHENNAI","Communication Lost"
867732033627126,J1342,MTC,"Chromepet-1 Depot",IPC_MTC_v1.23_c,31,Prime_edge_obu,"MTC CHENNAI","Communication Lost"
860548044484688,J1882,MTC,"Kilambakkam Depot",IPC_MTC_v1.23_c,14,Prime_edge_obu,"MTC CHENNAI","Communication Lost"
866758049201516,J2042,MTC,"Poonamallee Depot",IPC_MTC_v1.23_c,31,Prime_edge_obu,"MTC CHENNAI","Communication Lost"
862607059025501,K0662,MTC,"Ambathur Depot",IPC_MTC_V1.24_TT,25,Prime_edge_obu,"MTC CHENNAI","Communication Lost"
862607055580780,J0481,MTC,"Kalaignar Nagar Depot",IPC_MTC_v1.23_c,27,Prime_edge_obu,"MTC CHENNAI","Communication Lost"
864337058988271,J1622,MTC,"Mandaveli Depot",IPC_MTC_v1.23_c,31,Prime_edge_obu,"MTC CHENNAI","Communication Lost"
864513046547243,J0691,MTC,"Iyyappanthangal Depot",IPC_MTC_v1.23_c,28,Prime_edge_obu,"MTC CHENNAI","Communication Lost"
864650059572245,J1762,MTC,"Annanagar Depot",IPC_MTC_v1.23_c,28,Prime_edge_obu,"MTC CHENNAI","Communication Lost"
867032053738170,J0693,MTC,"Adambakkam Depot",IPC_MTC_v1.23_c,14,Prime_edge_obu,"MTC CHENNAI","Communication Lost"
865860042026261,I2053,MTC,"Annanagar Depot",IPC_MTC_v1.23_c,22,Prime_edge_obu,"MTC CHENNAI","Communication Lost"
867032053928607,J0861,MTC,"Vadapalani Depot",IPC_MTC_v1.23_c,31,Prime_edge_obu,"MTC CHENNAI","Communication Lost"
867032053765926,J0301,MTC,"Avadi Depot",IPC_MTC_v1.23_c,31,Prime_edge_obu,"MTC CHENNAI","Communication Lost"
865860041786394,J1428,MTC,"Tambaram Depot",IPC_MTC_v1.23_c,24,Prime_edge_obu,"MTC CHENNAI","Communication Lost"
867032053894890,J0524,MTC,"Kalaignar Nagar Depot",IPC_MTC_v1.23_c,24,Prime_edge_obu,"MTC CHENNAI","Communication Lost"
862607059040963,J1137,MTC,"Annanagar Depot",IPC_MTC_v1.23_c,25,Prime_edge_obu,"MTC CHENNAI","Communication Lost"
867032059260054,K0384,MTC,"Adyar Depot",IPC_MTC_V1.24_TT,22,Prime_edge_obu,"MTC CHENNAI","Communication Lost"
862607052354429,J1336,MTC,"Perumbakkam Depot",IPC_MTC_v1.23_c,31,Prime_edge_obu,"MTC CHENNAI","Communication Lost"
867383057127146,J0695,MTC,"Alandur Depot",IPC_MTC_v1.23_c,31,Prime_edge_obu,"MTC CHENNAI","Communication Lost"
867032053742115,J1723,MTC,"Annanagar Depot",IPC_MTC_v1.23_c,24,Prime_edge_obu,"MTC CHENNAI","Communication Lost"
864650059624384,J0017,MTC,"Tondiarpet-1 Depot",IPC_MTC_v1.23_c,31,Prime_edge_obu,"MTC CHENNAI","Communication Lost"
863958042580634,J0978,MTC,"Vadapalani Depot",IPC_MTC_v1.23_c,28,Prime_edge_obu,"MTC CHENNAI","Communication Lost"
861107032730419,J0419,MTC,"Thiyagaraya Nagar Depot",IPC_MTC_v1.23_c,26,Prime_edge_obu,"MTC CHENNAI","Communication Lost"
867032053873811,J0696,MTC,"Vadapalani Depot",IPC_MTC_v1.23,15,Prime_edge_obu,"MTC CHENNAI","Communication Lost"
867032059024989,K0437,MTC,"Central Depot",IPC_MTC_V1.24_TT,31,Prime_edge_obu,"MTC CHENNAI","Communication Lost"
865860041789356,J0545,MTC,"Poonamallee Depot",IPC_MTC_v1.23_c,30,Prime_edge_obu,"MTC CHENNAI","Communication Lost"
864650056280347,J0409,MTC,"Kalaignar Nagar Depot",IPC_MTC_v1.23_c,23,Prime_edge_obu,"MTC CHENNAI","Communication Lost"
866041042198926,I1368,MTC,"Iyyappanthangal Depot",IPC_MTC_v1.23_c,31,Prime_edge_obu,"MTC CHENNAI","Communication Lost"
863958044858756,K0217,MTC,"Annanagar Depot",IPC_MTC_V1.24_TT,21,Prime_edge_obu,"MTC CHENNAI","Communication Lost"
864513041440071,J0625,MTC,"Ayanavaram Depot",IPC_MTC_v1.23_c,29,Prime_edge_obu,"MTC CHENNAI","Communication Lost"
867732035525492,J0962,MTC,"Tambaram Depot",IPC_MTC_v1.23_c,22,Prime_edge_obu,"MTC CHENNAI","Communication Lost"
867383057219539,K0156,MTC,"Annanagar Depot",IPC_MTC_V1.24_TT,25,Prime_edge_obu,"MTC CHENNAI","Communication Lost"
867160041205638,K0708,MTC,"Annanagar Depot",IPC_MTC_V1.24_TT,31,Prime_edge_obu,"MTC CHENNAI","Communication Lost"
860965067648306,J1802,MTC,"Avadi Depot",IPC_MTC_v1.23_c,31,Prime_edge_obu,"MTC CHENNAI","Communication Lost"
862607059213693,J0046,MTC,"Tambaram Depot",IPC_MTC_v1.23_c,27,Prime_edge_obu,"MTC CHENNAI","Communication Lost"
864977043716095,K0214,MTC,"Annanagar Depot",IPC_AL_v0.3,22,Prime_edge_obu,"MTC CHENNAI","Communication Lost"
863958044840358,K0328,MTC,"Tambaram Depot",IPC_MTC_v1.23_c,30,Prime_edge_obu,"MTC CHENNAI","Communication Lost"
867032053796970,J0058,MTC,"Central Depot",IPC_MTC_v1.23_c,31,Prime_edge_obu,"MTC CHENNAI","Communication Lost"
867732033531914,J1005,MTC,"Central Depot",IPC_MTC_v1.23_c,31,Prime_edge_obu,"MTC CHENNAI","Communication Lost"
862607055588775,I2047,MTC,"Central Depot",IPC_MTC_v1.23_c,25,Prime_edge_obu,"MTC CHENNAI","Communication Lost"
867032053736026,I3341,MTC,"Ambathur Depot",IPC_MTC_v1.23_c,30,Prime_edge_obu,"MTC CHENNAI","Communication Lost"
864650059679347,J0703,MTC,"Avadi Depot",IPC_MTC_v1.23_c,23,Prime_edge_obu,"MTC CHENNAI","Communication Lost"
862607059245729,I3376,MTC,"Avadi Depot",IPC_MTC_v1.23_c,31,Prime_edge_obu,"MTC CHENNAI","Communication Lost"
867032053768755,J1089,MTC,"Avadi Depot",IPC_MTC_v1.23_c,31,Prime_edge_obu,"MTC CHENNAI","Communication Lost"
867698047290237,J0353,MTC,"Kalaignar Nagar Depot",IPC_MTC_v1.23_c,27,Prime_edge_obu,"MTC CHENNAI","Communication Lost"
864337056425078,J1474,MTC,"Vysarpadi Depot",IPC_MTC_v1.23_c,23,Prime_edge_obu,"MTC CHENNAI","Communication Lost"
867184039930411,J0985,MTC,"Thiruvanmiyur Depot",IPC_MTC_v1.23_c,26,Prime_edge_obu,"MTC CHENNAI","Communication Lost"
862607059106467,J0944,MTC,"Avadi Depot",IPC_MTC_v1.23_c,30,Prime_edge_obu,"MTC CHENNAI","Communication Lost"
867160040599023,K0368,MTC,"Ambathur Depot",IPC_MTC_V1.24_TT,31,Prime_edge_obu,"MTC CHENNAI","Communication Lost"
865501042142019,J0908,MTC,"Ennore Depot",IPC_MTC_v1.23_c,25,Prime_edge_obu,"MTC CHENNAI","Communication Lost"
864650059590866,I3398,MTC,"Annanagar Depot",IPC_MTC_v1.23_c,22,Prime_edge_obu,"MTC CHENNAI","Communication Lost"
867032053928300,J1442,MTC,"Annanagar Depot",IPC_MTC_v1.23_c,31,Prime_edge_obu,"MTC CHENNAI","Communication Lost"
864650059496411,J0939,MTC,"Tambaram Depot",IPC_MTC_v1.23_c,26,Prime_edge_obu,"MTC CHENNAI","Communication Lost"
865501043895771,J1075,MTC,"Thiruvanmiyur Depot",IPC_MTC_v1.23_c,21,Prime_edge_obu,"MTC CHENNAI","Communication Lost"
867032058991436,J0138,MTC,"Vadapalani Depot",IPC_MTC_v1.23_c,31,Prime_edge_obu,"MTC CHENNAI","Communication Lost"
863958044770795,J0824,MTC,"Ayanavaram Depot",IPC_MTC_v1.23_c,31,Prime_edge_obu,"MTC CHENNAI","Communication Lost"
863958042697834,J1054,MTC,"Tambaram Depot",IPC_MTC_v1.23_c,26,Prime_edge_obu,"MTC CHENNAI","Communication Lost"
864513041488393,J0580,MTC,"Poonamallee Depot",IPC_MTC_v1.23_c,11,Prime_edge_obu,"MTC CHENNAI","Communication Lost"
864977043778459,J0505,MTC,"Poonamallee Depot",IPC_MTC_v1.23_c,26,Prime_edge_obu,"MTC CHENNAI","Communication Lost"
864977047876010,I2035,MTC,"Basinbridge Depot",IPC_MTC_v1.23_c,19,Prime_edge_obu,"MTC CHENNAI","Communication Lost"
867394047668743,J0324,MTC,"Tondiarpet-1 Depot",IPC_MTC_v1.23_c,31,Prime_edge_obu,"MTC CHENNAI","Communication Lost"
862607059095678,K0686,MTC,"Central Depot",IPC_MTC_V1.24_TT,26,Prime_edge_obu,"MTC CHENNAI","Communication Lost"
865501043852533,J1042,MTC,"Madahvaram Depot",IPC_MTC_v1.23_c,31,Prime_edge_obu,"MTC CHENNAI","Communication Lost"
862607059336825,J1707,MTC,"Thiyagaraya Nagar Depot",IPC_MTC_v1.23_c,31,Prime_edge_obu,"MTC CHENNAI","Communication Lost"
864513042781861,J0553,MTC,"Alandur Depot",IPC_MTC_v1.23_c,31,Prime_edge_obu,"MTC CHENNAI","Communication Lost"
867184039944701,J1220,MTC,"Tambaram Depot",IPC_MTC_v1.23_c,26,Prime_edge_obu,"MTC CHENNAI","Communication Lost"
867032059226204,J1903,MTC,"Ayanavaram Depot",IPC_MTC_v1.23_c,31,Prime_edge_obu,"MTC CHENNAI","Communication Lost"
864650059405677,J1840,MTC,"Perambur Depot",IPC_MTC_v1.23_c,31,Prime_edge_obu,"MTC CHENNAI","Communication Lost"
864650056167635,J1507,MTC,"Annanagar Depot",IPC_MTC_v1.23_c,31,Prime_edge_obu,"MTC CHENNAI","Communication Lost"
861107031252787,J1323,MTC,"Adyar Depot",IPC_MTC_v1.23_c,30,Prime_edge_obu,"MTC CHENNAI","Communication Lost"
864977047820745,J0738,MTC,"Poonamallee Depot",IPC_MTC_v1.23_c,31,Prime_edge_obu,"MTC CHENNAI","Communication Lost"
867032053779695,J2028,MTC,"Ayanavaram Depot",IPC_MTC_v1.23_c,31,Prime_edge_obu,"MTC CHENNAI","Communication Lost"
868922051389530,J0081,MTC,"Vadapalani Depot",IPC_MTC_v1.23_c,23,Prime_edge_obu,"MTC CHENNAI","Communication Lost"
862607059196435,J1335,MTC,"Annanagar Depot",IPC_MTC_v1.23_c,26,Prime_edge_obu,"MTC CHENNAI","Communication Lost"
864513041506582,J0346,MTC,"Perambur Depot",IPC_MTC_v1.23_c,31,Prime_edge_obu,"MTC CHENNAI","Communication Lost"
863958042730312,K0341,MTC,"Poonamallee Depot",IPC_MTC_v1.23_c,31,Prime_edge_obu,"MTC CHENNAI","Communication Lost"
864337056351381,J0910,MTC,"Adyar Depot",IPC_MTC_v1.23_c,31,Prime_edge_obu,"MTC CHENNAI","Communication Lost"
862607059090729,J0699,MTC,"Alandur Depot",IPC_MTC_v1.23_c,31,Prime_edge_obu,"MTC CHENNAI","Communication Lost"
862607059160167,I2901,MTC,"Madahvaram Depot",IPC_MTC_v1.23_c,31,Prime_edge_obu,"MTC CHENNAI","Communication Lost"
867383059179756,J0430,MTC,"Kalaignar Nagar Depot",IPC_MTC_v1.23_c,29,Prime_edge_obu,"MTC CHENNAI","Communication Lost"
864650056195917,J0285,MTC,"Madahvaram Depot",IPC_MTC_v1.23_c,26,Prime_edge_obu,"MTC CHENNAI","Communication Lost"
862607059215607,J1996,MTC,"Avadi Depot",IPC_MTC_v1.23_c,31,Prime_edge_obu,"MTC CHENNAI","Communication Lost"
867032059206396,I1416,MTC,"Avadi Depot",IPC_MTC_v1.23_c,31,Prime_edge_obu,"MTC CHENNAI","Communication Lost"
867032053740796,K0576,MTC,"Poonamallee Depot",IPC_MTC_V1.24_TT,31,Prime_edge_obu,"MTC CHENNAI","Communication Lost"
864650056168492,J0305,MTC,"Tambaram Depot",IPC_MTC_v1.23_c,29,Prime_edge_obu,"MTC CHENNAI","Communication Lost"
862607055575483,I2045,MTC,"Tambaram Depot",IPC_MTC_v1.23_c,31,Prime_edge_obu,"MTC CHENNAI","Communication Lost"
867383057167118,K0041,MTC,"Tondiarpet-1 Depot",IPC_MTC_v1.23_c,31,Prime_edge_obu,"MTC CHENNAI","Communication Lost"
868142049632178,K0092,MTC,"Ayanavaram Depot",IPC_MTC_v1.23_c,10,Prime_edge_obu,"MTC CHENNAI","Communication Lost"
862607059092618,K0659,MTC,"Adyar Depot",IPC_MTC_V1.24_TT,27,Prime_edge_obu,"MTC CHENNAI","Communication Lost"
862607059210475,J1767,MTC,"Avadi Depot",IPC_MTC_v1.23_c,31,Prime_edge_obu,"MTC CHENNAI","Communication Lost"
860548046740889,J1982,MTC,"Tondiarpet-1 Depot",IPC_MTC_v1.23_c,31,Prime_edge_obu,"MTC CHENNAI","Communication Lost"
862607059095710,K0404,MTC,"Adyar Depot",IPC_MTC_V1.24_TT,31,Prime_edge_obu,"MTC CHENNAI","Communication Lost"
862607055631880,K0410,MTC,"Alandur Depot",IPC_MTC_V1.24_TT,31,Prime_edge_obu,"MTC CHENNAI","Communication Lost"
862607059106541,K0669,MTC,"Tambaram Depot",IPC_MTC_V1.24_TT,23,Prime_edge_obu,"MTC CHENNAI","Communication Lost"
864650059627627,K0735,MTC,"Saidapet Depot",IPC_MTC_V1.24_TT,31,Prime_edge_obu,"MTC CHENNAI","Communication Lost"
860965065204375,K0475,MTC,"Kilambakkam Depot",IPC_MTC_V1.24_TT,31,Prime_edge_obu,"MTC CHENNAI","Communication Lost"
864513042790854,K0047,MTC,"Padiyanallur Depot",IPC_MTC_v1.23_c,31,Prime_edge_obu,"MTC CHENNAI","Communication Lost"
861107033122806,J1278,MTC,"Adyar Depot",IPC_MTC_v1.23_c,31,Prime_edge_obu,"MTC CHENNAI","Communication Lost"
867032053742883,J0229,MTC,"Annanagar Depot",IPC_MTC_v1.23_c,22,Prime_edge_obu,"MTC CHENNAI","Communication Lost"
864650059636057,I3360,MTC,"Thiruvanmiyur Depot",IPC_MTC_v1.23_c,27,Prime_edge_obu,"MTC CHENNAI","Communication Lost"
862607059209857,J0784,MTC,"Madahvaram Depot",IPC_MTC_v1.23_c,27,Prime_edge_obu,"MTC CHENNAI","Communication Lost"
868704040990135,J1475,MTC,"Basinbridge Depot",IPC_MTC_v1.23_c,25,Prime_edge_obu,"MTC CHENNAI","Communication Lost"
867032059003207,J1300,MTC,"Iyyappanthangal Depot",IPC_MTC_v1.23_c,31,Prime_edge_obu,"MTC CHENNAI","Communication Lost"
867032053743022,I2923,MTC,"Tambaram Depot",IPC_MTC_v1.23_c,28,Prime_edge_obu,"MTC CHENNAI","Communication Lost"
867032059226790,I1612,MTC,"Ayanavaram Depot",IPC_MTC_v1.23_c,28,Prime_edge_obu,"MTC CHENNAI","Communication Lost"
862607055589443,I2061,MTC,"Tondiarpet-1 Depot",IPC_MTC_v1.23_c,31,Prime_edge_obu,"MTC CHENNAI","Communication Lost"
862607052180600,I3369,MTC,"Perambur Depot",IPC_MTC_v1.23_c,31,Prime_edge_obu,"MTC CHENNAI","Communication Lost"
867605051022570,K0510,MTC,"Kilambakkam Depot",IPC_MTC_V1.24_TT,30,Prime_edge_obu,"MTC CHENNAI","Communication Lost"
862607055598519,J0092,MTC,"Thiruvottriyur Depot",IPC_MTC_v1.23_c,30,Prime_edge_obu,"MTC CHENNAI","Communication Lost"
868704046746598,J1280,MTC,"Saidapet Depot",IPC_MTC_v1.23_c,31,Prime_edge_obu,"MTC CHENNAI","Communication Lost"
862107043836758,J1427,MTC,"Tambaram Depot",IPC_MTC_v1.23_c,29,Prime_edge_obu,"MTC CHENNAI","Communication Lost"
862607059116573,K0149,MTC,"Central Depot",IPC_MTC_V1.24_TT,21,Prime_edge_obu,"MTC CHENNAI","Communication Lost"
862607059116573,K0149,MTC,"Central Depot",IPC_MTC_V1.24_TT,21,Prime_edge_obu,"MTC CHENNAI","Communication Lost"
862607059072347,K0718,MTC,"Adyar Depot",IPC_MTC_V1.24_TT,29,Prime_edge_obu,"MTC CHENNAI","Communication Lost"
862607059112739,K0370,MTC,"Saidapet Depot",IPC_MTC_V1.24_TT,31,Prime_edge_obu,"MTC CHENNAI","Communication Lost"
866758048732792,J0510,MTC,"Mandaveli Depot",IPC_MTC_v1.23_c,31,Prime_edge_obu,"MTC CHENNAI","Communication Lost"
862607059214055,J0945,MTC,"Avadi Depot",IPC_MTC_v1.23_c,27,Prime_edge_obu,"MTC CHENNAI","Communication Lost"
864650059637469,J0498,MTC,"Poonamallee Depot",IPC_MTC_v1.23_c,28,Prime_edge_obu,"MTC CHENNAI","Communication Lost"
867032053728338,J0489,MTC,"Poonamallee Depot",IPC_MTC_v1.23_c,30,Prime_edge_obu,"MTC CHENNAI","Communication Lost"
866758046119075,J1662,MTC,"Perambur Depot",IPC_MTC_v1.23_c,31,Prime_edge_obu,"MTC CHENNAI","Communication Lost"
867032053730334,K0292,MTC,"Perumbakkam Depot",IPC_MTC_v1.23_c,30,Prime_edge_obu,"MTC CHENNAI","Communication Lost"
867032059260187,I2965,MTC,"Avadi Depot",IPC_MTC_v1.23_c,31,Prime_edge_obu,"MTC CHENNAI","Communication Lost"
867383057122816,J1013,MTC,"Avadi Depot",IPC_MTC_v1.23_c,31,Prime_edge_obu,"MTC CHENNAI","Communication Lost"
862607059021716,I3318,MTC,"Madahvaram Depot",IPC_MTC_v1.23_c,23,Prime_edge_obu,"MTC CHENNAI","Communication Lost"
863958044781040,K0079,MTC,"Vadapalani Depot",IPC_MTC_v1.23_c,30,Prime_edge_obu,"MTC CHENNAI","Communication Lost"
862607059174192,J0235,MTC,"Tambaram Depot",IPC_MTC_v1.23_c,31,Prime_edge_obu,"MTC CHENNAI","Communication Lost"
862607052179149,J0066,MTC,"Tambaram Depot",IPC_MTC_v1.23_c,31,Prime_edge_obu,"MTC CHENNAI","Communication Lost"
864650059565082,I2943,MTC,"Madahvaram Depot",IPC_MTC_v1.23_c,31,Prime_edge_obu,"MTC CHENNAI","Communication Lost"
864650059639002,J1513,MTC,"Central Depot",IPC_MTC_v1.23_c,31,Prime_edge_obu,"MTC CHENNAI","Communication Lost"
862607059182302,K0448,MTC,"Tondiarpet-2 Depot",IPC_MTC_V1.24_TT,28,Prime_edge_obu,"MTC CHENNAI","Communication Lost"
867732035533272,J1548,MTC,"Madahvaram Depot",IPC_MTC_v1.23_c,31,Prime_edge_obu,"MTC CHENNAI","Communication Lost"
864650056178285,J0268,MTC,"Kalaignar Nagar Depot",IPC_MTC_v1.23_c,28,Prime_edge_obu,"MTC CHENNAI","Communication Lost"
860965067616196,J1971,MTC,"Iyyappanthangal Depot",IPC_MTC_v1.23_c,31,Prime_edge_obu,"MTC CHENNAI","Communication Lost"
862348054939574,J1919,MTC,"Padiyanallur Depot",IPC_MTC_v1.23_c,31,Prime_edge_obu,"MTC CHENNAI","Communication Lost"
867032053726530,J0187,MTC,"Basinbridge Depot",IPC_MTC_v1.23_c,27,Prime_edge_obu,"MTC CHENNAI","Communication Lost"
866041042127578,J0621,MTC,"Avadi Depot",IPC_MTC_v1.23_c,31,Prime_edge_obu,"MTC CHENNAI","Communication Lost"
864513042719069,J1173,MTC,"Padiyanallur Depot",IPC_MTC_v1.23_c,31,Prime_edge_obu,"MTC CHENNAI","Communication Lost"
867184039938331,J1526,MTC,"Tambaram Depot",IPC_MTC_v1.23_c,27,Prime_edge_obu,"MTC CHENNAI","Communication Lost"
862607059026400,K0211,MTC,"Annanagar Depot",IPC_MTC_V1.24_TT,25,Prime_edge_obu,"MTC CHENNAI","Communication Lost"
867032053931387,J0619,MTC,"Avadi Depot",IPC_MTC_v1.23_c,26,Prime_edge_obu,"MTC CHENNAI","Communication Lost"
863958040847548,J0747,MTC,"Poonamallee Depot",IPC_MTC_v1.23_c,28,Prime_edge_obu,"MTC CHENNAI","Communication Lost"
862607059046051,J1344,MTC,"Chromepet-2 Depot",IPC_MTC_v1.23_c,26,Prime_edge_obu,"MTC CHENNAI","Communication Lost"
864650059644184,J1470,MTC,"Kilambakkam Depot",IPC_MTC_v1.23_c,24,Prime_edge_obu,"MTC CHENNAI","Communication Lost"
867605051095519,K0129,MTC,"Ennore Depot",IPC_MTC_v1.23_c,31,Prime_edge_obu,"MTC CHENNAI","Communication Lost"
864650059587433,K0029,MTC,"Ayanavaram Depot",IPC_MTC_v1.23_c,31,Prime_edge_obu,"MTC CHENNAI","Communication Lost"
862607055696818,J1811,MTC,"Madahvaram Depot",IPC_MTC_v1.23_c,26,Prime_edge_obu,"MTC CHENNAI","Communication Lost"
866758047865536,J1229,MTC,"Iyyappanthangal Depot",IPC_MTC_v1.23_c,31,Prime_edge_obu,"MTC CHENNAI","Communication Lost"
862607059091669,K0685,MTC,"Central Depot",IPC_MTC_V1.24_TT,31,Prime_edge_obu,"MTC CHENNAI","Communication Lost"
862607055617525,K0378,MTC,"Annanagar Depot",IPC_MTC_V1.24_TT,25,Prime_edge_obu,"MTC CHENNAI","Communication Lost"
867732035509603,J1494,MTC,"Madahvaram Depot",IPC_MTC_v1.23_c,24,Prime_edge_obu,"MTC CHENNAI","Communication Lost"
866041042131737,K0427,MTC,"Tambaram Depot",IPC_MTC_V1.24_TT,28,Prime_edge_obu,"MTC CHENNAI","Communication Lost"
862607059138130,J0848,MTC,"Chromepet-1 Depot",IPC_MTC_v1.23_c,27,Prime_edge_obu,"MTC CHENNAI","Communication Lost"
864513041499689,J0427,MTC,"Alandur Depot",IPC_MTC_v1.23_c,29,Prime_edge_obu,"MTC CHENNAI","Communication Lost"
868142049744700,K0373,MTC,"Saidapet Depot",IPC_MTC_V1.24_TT,27,Prime_edge_obu,"MTC CHENNAI","Communication Lost"
862607059197003,J0724,MTC,"Kalaignar Nagar Depot",IPC_MTC_v1.23_c,31,Prime_edge_obu,"MTC CHENNAI","Communication Lost"
862607059151109,J1334,MTC,"Padiyanallur Depot",IPC_MTC_v1.23_c,31,Prime_edge_obu,"MTC CHENNAI","Communication Lost"
862607059175090,J0209,MTC,"Madahvaram Depot",IPC_MTC_v1.23_c,27,Prime_edge_obu,"MTC CHENNAI","Communication Lost"
867032053895533,K0612,MTC,"Ambathur Depot",IPC_MTC_V1.24_TT,31,Prime_edge_obu,"MTC CHENNAI","Communication Lost"
865860041786360,J1113,MTC,"Iyyappanthangal Depot",IPC_MTC_v1.23_c,31,Prime_edge_obu,"MTC CHENNAI","Communication Lost"
862607059189596,J1315,MTC,"Adyar Depot",IPC_MTC_v1.23_c,29,Prime_edge_obu,"MTC CHENNAI","Communication Lost"
868704046760250,J1891,MTC,"Tondiarpet-1 Depot",IPC_MTC_v1.23_c,24,Prime_edge_obu,"MTC CHENNAI","Communication Lost"
864650059635406,J0154,MTC,"Ennore Depot",IPC_MTC_v1.23_c,30,Prime_edge_obu,"MTC CHENNAI","Communication Lost"
864650056121152,K0548,MTC,"Kilambakkam Depot",IPC_MTC_V1.24_TT,26,Prime_edge_obu,"MTC CHENNAI","Communication Lost"
868142049673057,J0056,MTC,"Tondiarpet-1 Depot",IPC_MTC_v1.23_c,30,Prime_edge_obu,"MTC CHENNAI","Communication Lost"
867032059183348,K0154,MTC,"Tambaram Depot",IPC_MTC_V1.24_TT,31,Prime_edge_obu,"MTC CHENNAI","Communication Lost"
