"Vehicle No","Vehicle Code",DeviceID,City,Agency,Operator,Depot,VehicleType,"Seating Capacity",Region,"Etim Frequency","GST On Ticket","Surcharge On Ticket","Collection On Etim",Status,"GPS From Etim","Forward to Shuttl","Service Category","Fuel Type","Dispatch Type","Route Name","Service Start Time","Service End Time"
ASDFDF,EFJAIDS,ASIDFIijdfsijdi,sadfj,sdpfpo,padfp,aposdpo,spodpo,podpo,spdpo,psodkpok,Yes,Yes,Yes,Active,Yes,Yes,spodko,kspdok,odkoskd,opdsk,kdspok,odkspok
K0294,22323,864977047804954,CHENNAI,MTC,"MTC CHENNAI",PERUMBAKKAMPERUMBAKKAM,BUS,sxdfs,chennai,30,,,,Active,Yes,,Ordinary,DIESEL,Fix,"102P ( Broadway -> Perumbakkam SCB )","12:03 AM","11:59 PM"
K3434,758,855658,welplweq,fsdlf,sel,sldfl,wplfl,fspld,spdfl,spldf[p,Yes,,Yes,Active,,,[pdfl,fsd[pfl,p[fl,pfll,12:4,043:
asdasa,sds,odh,sdsd,ds,sjd,sdojf,dsd,dsf,dsd,aadsd,,,Yes,Active,,,xdosd,sdsod,ddsok,sddkf,sodsc,odsd
K0292,22323,8.69244E+15,CHENNAI,MTC,"MTC CHENNAI",PERUMBAKKAMPERUMBAKKAM,BUS,sxdfs,chennai,30,No,No,No,Inactive,No,No,Ordinary,DIESEL,Fix,"102P ( Broadway -> Perumbakkam SCB )","12:03 AM","11:59 PM"
