"Vehicle No","Vehicle Code",DeviceID,City,Agency,Operator,Depot,VehicleType,"Seating Capacity",Region,"Etim Frequency","GST On Ticket","Surcharge On Ticket","Collection On Etim",Status,"GPS From Etim","Forward to Shuttl","Service Category","Fuel Type","Dispatch Type","Route Name","Service Start Time","Service End Time"
ASDFDF,EFJAIDS,862607059042258,sadfj,sdpfpo,padfp,aposdpo,spodpo,podpo,spdpo,psodkpok,Yes,Yes,Yes,Active,Yes,Yes,spodko,kspdok,odkoskd,opdsk,kdspok,odkspok
K0372,TN01AN4588,863412047322667,chennai,MTC,"MTC chennai","Ambathur Depot",Bus,N/A,N/A,N/A,N/A,N/A,N/A,Active,N/A,N/A,N/A,,N/A,"""Ambattur Industrial Estate Road"," Sector 1"," Ambattur Industrial Estate"
J1052,TN01AN2052,863418055860522,chennai,MTC,"MTC chennai","Iyyappanthangal Depot",Bus,N/A,N/A,N/A,N/A,N/A,N/A,Active,N/A,N/A,N/A,,N/A,"""J. V. Beach House"," DR Basant Road"," Triplicane"
J1571,TN01AN2989,866758049534809,chennai,MTC,"MTC chennai","Chromepet-1 Depot",Bus,N/A,N/A,N/A,N/A,N/A,N/A,Active,N/A,N/A,N/A,,N/A,"""Vandalur Kelambakkam Main Road"," Vandalur"," Chennai 600048"
J1161,TN01AN2147,867383050875238,chennai,MTC,"MTC chennai","Thiruvottriyur Depot",Bus,N/A,N/A,N/A,N/A,N/A,N/A,Active,N/A,N/A,N/A,,N/A,"""1/5 E V R Periyar Salai"," Koyambedu"," Chennai 600107"
K0748,TN01AN5089,862607059182187,chennai,MTC,"MTC chennai","Poonamallee Depot",Bus,N/A,N/A,N/A,N/A,N/A,N/A,Active,N/A,N/A,N/A,,N/A,"THIRUVANMIYUR BUS STAND (Towards JAYANTHI THEATRE)",N/A,N/A
J0631,TN01AN1289,862607059197425,chennai,MTC,"MTC chennai","Ambathur Depot",Bus,N/A,N/A,N/A,N/A,N/A,N/A,Active,N/A,N/A,N/A,,N/A,"Anbu Sweets",N/A,N/A
K0402,TN01AN4705,862607055693138,chennai,MTC,"MTC chennai","Saidapet Depot",Bus,N/A,N/A,N/A,N/A,N/A,N/A,Active,N/A,N/A,N/A,,N/A,"""254 Mount Poonamallee High Road"," Poonamallee"," Chennai 600056"
K0395,TN01AN4673,867032053892332,chennai,MTC,"MTC chennai","Central Depot",Bus,N/A,N/A,N/A,N/A,N/A,N/A,Active,N/A,N/A,N/A,,N/A,"""2 Five Furlong Road"," Madras Gymkhana Club Area"," Guindy"
J0024,TN01N9821,862607059210491,chennai,MTC,"MTC chennai","Thiruvottriyur Depot",Bus,N/A,N/A,N/A,N/A,N/A,N/A,Active,N/A,N/A,N/A,,N/A,"METTUKULAM (Towards NERKUNDRAM)",N/A,N/A
J1660,TN01AN3285,867032053739962,chennai,MTC,"MTC chennai","Perumbakkam Depot",Bus,N/A,N/A,N/A,N/A,N/A,N/A,Active,N/A,N/A,N/A,,N/A,"""Old Mahabalipuram Road"," Thiruporur"," Chengalpattu 603110"
J1040,TN01AN1963,867032053800632,chennai,MTC,"MTC chennai","Annanagar Depot",Bus,N/A,N/A,N/A,N/A,N/A,N/A,Active,N/A,N/A,N/A,,N/A,"PADI LUCAS TVS (Towards UCO BANK)",N/A,N/A
J0237,TN01AN0625,862607059102656,chennai,MTC,"MTC chennai","Ambathur Depot",Bus,N/A,N/A,N/A,N/A,N/A,N/A,Active,N/A,N/A,N/A,,N/A,"Shri Padmaraj Chemicals",N/A,N/A
J0865,TN01AN1639,862607059103555,chennai,MTC,"MTC chennai","Central Depot",Bus,N/A,N/A,N/A,N/A,N/A,N/A,Active,N/A,N/A,N/A,,N/A,"""Old Mahabalipuram Road"," Kazhipattur"," Chennai 603103"
J0246,TN01AN0615,864513041458107,chennai,MTC,"MTC chennai","Tondiarpet-1 Depot",Bus,N/A,N/A,N/A,N/A,N/A,N/A,Active,N/A,N/A,N/A,,N/A,"Indian Overseas Bank-Broad way",N/A,N/A
J1231,TN01AN2218,862607059144443,chennai,MTC,"MTC chennai","Ambathur Depot",Bus,N/A,N/A,N/A,N/A,N/A,N/A,Active,N/A,N/A,N/A,,N/A,"""Alagu Square"," M T H Road"," Indira Nagar"
K0337,TN01AN4852,862607052182663,chennai,MTC,"MTC chennai","Poonamallee Depot",Bus,N/A,N/A,N/A,N/A,N/A,N/A,Active,N/A,N/A,N/A,,N/A,"SIKKARAYAPURAM (Towards SIVANTHANGAL)",N/A,N/A
K0353,TN01AN4489,867032053892407,chennai,MTC,"MTC chennai","Annanagar Depot",Bus,N/A,N/A,N/A,N/A,N/A,N/A,Active,N/A,N/A,N/A,,N/A,"Pushparaj Textiles & Readymades",N/A,N/A
K0338,TN01AN4878,862607059364314,chennai,MTC,"MTC chennai","Poonamallee Depot",Bus,N/A,N/A,N/A,N/A,N/A,N/A,Active,N/A,N/A,N/A,,N/A,"""JBM Towers"," G S T Road"," Condonment"
J2111,TN01AN4007,864337056165518,chennai,MTC,"MTC chennai","Vadapalani Depot",Bus,N/A,N/A,N/A,N/A,N/A,N/A,Active,N/A,N/A,N/A,,N/A,"Kutty Flush Doors and Furniture",N/A,N/A
J1831,TN45N4161,865860041704710,chennai,MTC,"MTC chennai","Ayanavaram Depot",Bus,N/A,N/A,N/A,N/A,N/A,N/A,Active,N/A,N/A,N/A,,N/A,"RAMALINGAPURAM (Towards VALLALAR NAGAR)",N/A,N/A
I2996,TN01N9516,866041042226263,chennai,MTC,"MTC chennai","Adyar Depot",Bus,N/A,N/A,N/A,N/A,N/A,N/A,Active,N/A,N/A,N/A,,N/A,"""Perambur High Road"," Carriage Works"," Ayanavaram"
J0683,TN01AN1386,864513041431641,chennai,MTC,"MTC chennai","Tondiarpet-1 Depot",Bus,N/A,N/A,N/A,N/A,N/A,N/A,Active,N/A,N/A,N/A,,N/A,"""Ennore High Road"," Netaji NGR"," Tondiarpet"
J0105,TN01AN0181,864650059572492,chennai,MTC,"MTC chennai","Tondiarpet-2 Depot",Bus,N/A,N/A,N/A,N/A,N/A,N/A,Active,N/A,N/A,N/A,,N/A,"TONDAIRPET-1 DEPOT (Towards DEPOT)",N/A,N/A
J0083,TN01N9943,865860042118050,chennai,MTC,"MTC chennai","Vadapalani Depot",Bus,N/A,N/A,N/A,N/A,N/A,N/A,Active,N/A,N/A,N/A,,N/A,"""Sidharth Heights"," N S K Salai"," Saligramam"
J1345,TN01AN2731,865501043894337,chennai,MTC,"MTC chennai","Poonamallee Depot",Bus,N/A,N/A,N/A,N/A,N/A,N/A,Active,N/A,N/A,N/A,,N/A,"""158 Trunk Road"," MG Nagar"," Poonamallee"
J0174,TN01AN0495,864977043758816,chennai,MTC,"MTC chennai","Perumbakkam Depot",Bus,N/A,N/A,N/A,N/A,N/A,N/A,Active,N/A,N/A,N/A,,N/A,"OODAI (Towards PONNIAMMAN KOVIL)",N/A,N/A
J0029,TN01N9824,866041040943547,chennai,MTC,"MTC chennai","Tondiarpet-1 Depot",Bus,N/A,N/A,N/A,N/A,N/A,N/A,Active,N/A,N/A,N/A,,N/A,"RATTAN BAZAAR ROAD (MUC) (Towards EVENING BAZAAR ROAD)",N/A,N/A
K0018,TN01AN4064,867032059163720,chennai,MTC,"MTC chennai","Tambaram Depot",Bus,N/A,N/A,N/A,N/A,N/A,N/A,Active,N/A,N/A,N/A,,N/A,"""G S T Road"," Chennai 600048"," India"""
I1944,TN01N7718,860965064643607,chennai,MTC,"MTC chennai","Chromepet-1 Depot",Bus,N/A,N/A,N/A,N/A,N/A,N/A,Active,N/A,N/A,N/A,,N/A,"PALLAVARAM BUS STAND (Towards SARAVANA STORE CHROMEPET)",N/A,N/A
J1143,TN01AN2054,861107037520278,chennai,MTC,"MTC chennai","Tambaram Depot",Bus,N/A,N/A,N/A,N/A,N/A,N/A,Active,N/A,N/A,N/A,,N/A,"""Valchery Main Road"," Maruti Nagar"," Rajakilpakkam"
J1268,TN01AN2408,862607059115302,chennai,MTC,"MTC chennai","Padiyanallur Depot",Bus,N/A,N/A,N/A,N/A,N/A,N/A,Active,N/A,N/A,N/A,,N/A,"KANNIGAIPAIR BAZAR (Towards KANNIGAIPAIR CHURCH)",N/A,N/A
J1427,TN01AN2650,862107043836758,chennai,MTC,"MTC chennai","Tambaram Depot",Bus,N/A,N/A,N/A,N/A,N/A,N/A,Active,N/A,N/A,N/A,,N/A,"""Kelambakkam Main Road"," Kolapakkam"," Chennai 600127"
J1090,TN01AN2229,868142049673230,chennai,MTC,"MTC chennai","Annanagar Depot",Bus,N/A,N/A,N/A,N/A,N/A,N/A,Active,N/A,N/A,N/A,,N/A,"""200 Feet Road"," Kolathur"," Chennai 600099"
J2093,TN01AN3938,864337053354446,chennai,MTC,"MTC chennai","Tondiarpet-1 Depot",Bus,N/A,N/A,N/A,N/A,N/A,N/A,Active,N/A,N/A,N/A,,N/A,"BESANT NAGAR (Towards BESANT NAGAR CHURCH)",N/A,N/A
I3337,TN01N9649,862607059174358,chennai,MTC,"MTC chennai","Ambathur Depot",Bus,N/A,N/A,N/A,N/A,N/A,N/A,Active,N/A,N/A,N/A,,N/A,"PAMMADUKULAM POTHUR (Towards POTHUR)",N/A,N/A
K0394,TN01AN4533,862607055623325,chennai,MTC,"MTC chennai","Ambathur Depot",Bus,N/A,N/A,N/A,N/A,N/A,N/A,Active,N/A,N/A,N/A,,N/A,"""54 Mayor Ramanathan Salai"," Murugasan"," Chetpet"
K0304,TN01AN4786,867032059031687,chennai,MTC,"MTC chennai","Tambaram Depot",Bus,N/A,N/A,N/A,N/A,N/A,N/A,Active,N/A,N/A,N/A,,N/A,No,N/A,N/A
J0314,TN01AN0770,864513041526705,chennai,MTC,"MTC chennai","Kalaignar Nagar Depot",Bus,N/A,N/A,N/A,N/A,N/A,N/A,Active,N/A,N/A,N/A,,N/A,"""34-13 11th Avenue"," Ashok Nagar"," Chennai 600083"
J1123,TN01AN2372,864977043768864,chennai,MTC,"MTC chennai","Basinbridge Depot",Bus,N/A,N/A,N/A,N/A,N/A,N/A,Active,N/A,N/A,N/A,,N/A,"""Mosque Street"," Mullai Thottam"," Poonamallee"
J1557,TN01AN3038,864513046452170,chennai,MTC,"MTC chennai","Thiruvottriyur Depot",Bus,N/A,N/A,N/A,N/A,N/A,N/A,Active,N/A,N/A,N/A,,N/A,"""72 Mannarsamy Koil Street"," Kalmandapam"," Royapuram"
J1296,TN01AN2508,863418055920029,chennai,MTC,"MTC chennai","Vadapalani Depot",Bus,N/A,N/A,N/A,N/A,N/A,N/A,Active,N/A,N/A,N/A,,N/A,"Waycool Foods and Products",N/A,N/A
K0751,TN01AN5058,867032059226519,chennai,MTC,"MTC chennai","Poonamallee Depot",Bus,N/A,N/A,N/A,N/A,N/A,N/A,Active,N/A,N/A,N/A,,N/A,"""Arjun Complex"," 5-A Arcot Road"," Jai Nagar"
J0719,TN01AN1560,860965068589384,chennai,MTC,"MTC chennai","Poonamallee Depot",Bus,N/A,N/A,N/A,N/A,N/A,N/A,Active,N/A,N/A,N/A,,N/A,"""Chennai Bangalore Highway"," Sriperumbudur 602105"," India"""
J1329,TN01AN2571,860588042340664,chennai,MTC,"MTC chennai","Central Depot",Bus,N/A,N/A,N/A,N/A,N/A,N/A,Active,N/A,N/A,N/A,,N/A,"""Anna Salai"," Chintadripet"," Chennai 600002"
J0042,TN01N9850,865860041741472,chennai,MTC,"MTC chennai","Chromepet-2 Depot",Bus,N/A,N/A,N/A,N/A,N/A,N/A,Active,N/A,N/A,N/A,,N/A,"""1st Main Road"," Nesamani Nagar"," Perumbakkam"
J0768,TN01AN1485,864650059579729,chennai,MTC,"MTC chennai","Saidapet Depot",Bus,N/A,N/A,N/A,N/A,N/A,N/A,Active,N/A,N/A,N/A,,N/A,"NORTH ROAD (Towards CIT NAGAR 1ST MAIN ROAD)",N/A,N/A
J1415,TN01AN2568,867032053778317,chennai,MTC,"MTC chennai","Avadi Depot",Bus,N/A,N/A,N/A,N/A,N/A,N/A,Active,N/A,N/A,N/A,,N/A,"THINATHANTHI (Towards HOTEL EVEREST)",N/A,N/A
J0699,TN01AN1380,862607059090729,chennai,MTC,"MTC chennai","Alandur Depot",Bus,N/A,N/A,N/A,N/A,N/A,N/A,Active,N/A,N/A,N/A,,N/A,"""65/A Duraikannu Road"," Old Pallavaram"," Chennai 600117"
J1675,TN01AN3237,865860042085150,chennai,MTC,"MTC chennai","Ayanavaram Depot",Bus,N/A,N/A,N/A,N/A,N/A,N/A,Active,N/A,N/A,N/A,,N/A,"""Anna Salai"," Park Town"," Chennai 600003"
J2081,TN01AN3754,865501043933457,chennai,MTC,"MTC chennai","Iyyappanthangal Depot",Bus,N/A,N/A,N/A,N/A,N/A,N/A,Active,N/A,N/A,N/A,,N/A,"DURAISWAMY ROAD (Towards ARCOT ROAD)",N/A,N/A
K0129,TN01AN4135,867605051095519,chennai,MTC,"MTC chennai","Ennore Depot",Bus,N/A,N/A,N/A,N/A,N/A,N/A,Active,N/A,N/A,N/A,,N/A,"VALLUVAR NAGAR (Towards KAMARAJ NAGAR)",N/A,N/A
J1837,TN01AN3552,868142049734800,chennai,MTC,"MTC chennai","Perumbakkam Depot",Bus,N/A,N/A,N/A,N/A,N/A,N/A,Active,N/A,N/A,N/A,,N/A,"""103 I T Express Highway"," Navalur"," Chennai 603103"
I1675,TN01N7499,864513041450468,chennai,MTC,"MTC chennai","Ayanavaram Depot",Bus,N/A,N/A,N/A,N/A,N/A,N/A,Active,N/A,N/A,N/A,,N/A,"""Konnur High Road"," Venkatesapuram Colony"," Ayanavaram"
J2017,TN01AN3877,868704043966652,chennai,MTC,"MTC chennai","Ayanavaram Depot",Bus,N/A,N/A,N/A,N/A,N/A,N/A,Active,N/A,N/A,N/A,,N/A,"""New Avadi Road"," Anna Nagar"," Chennai 600102"
J1503,TN01AN2758,867032053900796,chennai,MTC,"MTC chennai","Madahvaram Depot",Bus,N/A,N/A,N/A,N/A,N/A,N/A,Active,N/A,N/A,N/A,,N/A,"""7-3 Redhills High Road"," Ponniammanmedu"," Chennai 600110"
J0287,TN01AN0707,864388041719752,chennai,MTC,"MTC chennai","Adambakkam Depot",Bus,N/A,N/A,N/A,N/A,N/A,N/A,Active,N/A,N/A,N/A,,N/A,"Reses Gift & Toys",N/A,N/A
J0952,TN01AN1855,862607059024793,chennai,MTC,"MTC chennai","Ambathur Depot",Bus,N/A,N/A,N/A,N/A,N/A,N/A,Active,N/A,N/A,N/A,,N/A,"MOGAIPAIR ROAD JUNCTION (Towards GOLDEN FLATS)",N/A,N/A
K0257,TN01AN4361,867032059259809,chennai,MTC,"MTC chennai","Basinbridge Depot",Bus,N/A,N/A,N/A,N/A,N/A,N/A,Active,N/A,N/A,N/A,,N/A,"""E V R Periyar Salai"," Kilpauk"," Chennai 600010"
J0811,TN01AN1570,864337056193825,chennai,MTC,"MTC chennai","Ambathur Depot",Bus,N/A,N/A,N/A,N/A,N/A,N/A,Active,N/A,N/A,N/A,,N/A,"M.G.R.KOYAMBEDU (Towards EXIT)",N/A,N/A
J2033,TN01AN3897,862607059195015,chennai,MTC,"MTC chennai","Padiyanallur Depot",Bus,N/A,N/A,N/A,N/A,N/A,N/A,Active,N/A,N/A,N/A,,N/A,"Ganesh Medicals",N/A,N/A
J1578,TN01AN3042,860965067631468,chennai,MTC,"MTC chennai","Thiruvottriyur Depot",Bus,N/A,N/A,N/A,N/A,N/A,N/A,Active,N/A,N/A,N/A,,N/A,"""Thiruvottriyur High Road"," Thiruvottiyur"," Chennai 600019"
K0758,TN01AN5103,864513045652739,chennai,MTC,"MTC chennai","Thiyagaraya Nagar Depot",Bus,N/A,N/A,N/A,N/A,N/A,N/A,Active,N/A,N/A,N/A,,N/A,"THEYAGARAYA NAGAR DEPOT (Towards DEPOT)",N/A,N/A
J0591,TN01AN1474,862607059213727,chennai,MTC,"MTC chennai","Poonamallee Depot",Bus,N/A,N/A,N/A,N/A,N/A,N/A,Active,N/A,N/A,N/A,,N/A,"""5 Mount Poonamallee High Road"," Poonamallee"," Chennai 600056"
J2084,TN01AN4001,862607055718877,chennai,MTC,"MTC chennai","Avadi Depot",Bus,N/A,N/A,N/A,N/A,N/A,N/A,Active,N/A,N/A,N/A,,N/A,"""G S T Road"," West Tambaram"," Chennai 600045"
I2942,TN01N8932,864977047876416,chennai,MTC,"MTC chennai","Madahvaram Depot",Bus,N/A,N/A,N/A,N/A,N/A,N/A,Active,N/A,N/A,N/A,,N/A,"""Service Road"," Moolakadai-Erukkanchery"," Kodungaiyur"
J0929,TN01AN1915,860965067648223,chennai,MTC,"MTC chennai","Tambaram Depot",Bus,N/A,N/A,N/A,N/A,N/A,N/A,Active,N/A,N/A,N/A,,N/A,"SAMATHUVAPURAM (Towards KEELAKOTTAIYUR OR MALROSAPURAM)",N/A,N/A
J1380,TN01AN2833,868704041304138,chennai,MTC,"MTC chennai","Thiruvanmiyur Depot",Bus,N/A,N/A,N/A,N/A,N/A,N/A,Active,N/A,N/A,N/A,,N/A,"Perungulathur Bus Stand",N/A,N/A
J1857,TN01AN3642,860548044444401,chennai,MTC,"MTC chennai","Kalaignar Nagar Depot",Bus,N/A,N/A,N/A,N/A,N/A,N/A,Active,N/A,N/A,N/A,,N/A,"Power Matic",N/A,N/A
J1856,TN01AN3679,864977043696222,chennai,MTC,"MTC chennai","Iyyappanthangal Depot",Bus,N/A,N/A,N/A,N/A,N/A,N/A,Active,N/A,N/A,N/A,,N/A,"""5 Mount Poonamallee High Road"," Poonamallee"," Chennai 600056"
J0814,TN01AN1563,864650059677671,chennai,MTC,"MTC chennai","Tondiarpet-1 Depot",Bus,N/A,N/A,N/A,N/A,N/A,N/A,Active,N/A,N/A,N/A,,N/A,"""Ennore High Road"," Thiruvottiyur"," Chennai 600019"
K0307,TN01AN4635,862607059139765,chennai,MTC,"MTC chennai","Chromepet-1 Depot",Bus,N/A,N/A,N/A,N/A,N/A,N/A,Active,N/A,N/A,N/A,,N/A,"KADAPERI (Towards TAMBARAM WEST BUS STAND)",N/A,N/A
K0072,TN01AN4127,865501043878702,chennai,MTC,"MTC chennai","Tondiarpet-1 Depot",Bus,N/A,N/A,N/A,N/A,N/A,N/A,Active,N/A,N/A,N/A,,N/A,"APOLLO OR CHOLERA HOSPITAL (Towards TONDIARPET BUS DEPOT)",N/A,N/A
J0045,TN01N9856,867032053771858,chennai,MTC,"MTC chennai","Vadapalani Depot",Bus,N/A,N/A,N/A,N/A,N/A,N/A,Active,N/A,N/A,N/A,,N/A,"GANDHI MANDAPAM ROAD (Towards SARDAR PATEL ROAD)",N/A,N/A
J0425,TN01AN0892,862607059153436,chennai,MTC,"MTC chennai","Alandur Depot",Bus,N/A,N/A,N/A,N/A,N/A,N/A,Active,N/A,N/A,N/A,,N/A,"""82 T T Krishnamachari Road"," Alwarpet"," Chennai 600018"
K0359,TN01AN4442,866758042315065,chennai,MTC,"MTC chennai","Annanagar Depot",Bus,N/A,N/A,N/A,N/A,N/A,N/A,Active,N/A,N/A,N/A,,N/A,"""Andarkuppam Ponneri High Road"," Manali New Town"," Chennai 600103"
I1949,TN01N7727,868794061123237,chennai,MTC,"MTC chennai","Chromepet-1 Depot",Bus,N/A,N/A,N/A,N/A,N/A,N/A,Active,N/A,N/A,N/A,,N/A,"SARAVANA STORE CHROMEPET (Towards PALLAVARAM NEW BRIDGE)",N/A,N/A
J1434,TN01AN2668,868704041314947,chennai,MTC,"MTC chennai","Vadapalani Depot",Bus,N/A,N/A,N/A,N/A,N/A,N/A,Active,N/A,N/A,N/A,,N/A,"Ultra Mass Modular",N/A,N/A
K0303,TN01AN4640,867032053792912,chennai,MTC,"MTC chennai","Avadi Depot",Bus,N/A,N/A,N/A,N/A,N/A,N/A,Active,N/A,N/A,N/A,,N/A,"""Pothur Main Road"," Lakshmipuram"," Pammathukulam"
J1448,TN01AN2689,864650054264392,chennai,MTC,"MTC chennai","Saidapet Depot",Bus,N/A,N/A,N/A,N/A,N/A,N/A,Active,N/A,N/A,N/A,,N/A,"SOUMYA NAGAR (Towards MEDAVAKKAM JUNCTION)",N/A,N/A
K0656,TN01AN4762,867032053891508,chennai,MTC,"MTC chennai","Vadapalani Depot",Bus,N/A,N/A,N/A,N/A,N/A,N/A,Active,N/A,N/A,N/A,,N/A,"""Sesh Kamal"," 251/76 E V R Periyar Salai"," Chetpet"
J2105,TN01AN3966,868704043919735,chennai,MTC,"MTC chennai","Kalaignar Nagar Depot",Bus,N/A,N/A,N/A,N/A,N/A,N/A,Active,N/A,N/A,N/A,,N/A,"""J-124 100 Feet Road"," Loganatha Nagar"," Choolaimedu"
K0166,TN01AN4201,863418053139986,chennai,MTC,"MTC chennai","Tambaram Depot",Bus,N/A,N/A,N/A,N/A,N/A,N/A,Active,N/A,N/A,N/A,,N/A,"""O M R Road"," Kannagapattu-Abirami Nagar"," Thiruporur"
J0435,TN01AN0820,862607055648959,chennai,MTC,"MTC chennai","Alandur Depot",Bus,N/A,N/A,N/A,N/A,N/A,N/A,Active,N/A,N/A,N/A,,N/A,"Fiona Coffee",N/A,N/A
K0291,TN01AN4741,867032059230370,chennai,MTC,"MTC chennai","Perumbakkam Depot",Bus,N/A,N/A,N/A,N/A,N/A,N/A,Active,N/A,N/A,N/A,,N/A,"""2102/A It Highway"," Sholinganallur"," Chennai 600119"
J0142,TN01AN0220,868142049823256,chennai,MTC,"MTC chennai","Thiruvottriyur Depot",Bus,N/A,N/A,N/A,N/A,N/A,N/A,Active,N/A,N/A,N/A,,N/A,"""5 Thiruvottiyur High Road"," Bharath Nagar"," Ernavoor"
J0037,TN01N9839,864513041446516,chennai,MTC,"MTC chennai","Vadapalani Depot",Bus,N/A,N/A,N/A,N/A,N/A,N/A,Active,N/A,N/A,N/A,,N/A,"""80 Feet Road"," Vijayaragavapuram"," Saligramam"
J1618,TN01AN3089,867732035503465,chennai,MTC,"MTC chennai","Kalaignar Nagar Depot",Bus,N/A,N/A,N/A,N/A,N/A,N/A,Active,N/A,N/A,N/A,,N/A,"""P H Road"," Thiruvallur Sub-District 602025"," India"""
K0552,TN01AN5023,862607059170893,chennai,MTC,"MTC chennai","Tondiarpet-2 Depot",Bus,N/A,N/A,N/A,N/A,N/A,N/A,Active,N/A,N/A,N/A,,N/A,"Minjur New Terminus",N/A,N/A
K0210,TN01AN4503,862607055629082,chennai,MTC,"MTC chennai","Tambaram Depot",Bus,N/A,N/A,N/A,N/A,N/A,N/A,Active,N/A,N/A,N/A,,N/A,"""O M R Road"," Kootha Vakkam"," Mahabalipuram 603104"
J1786,TN01AN3782,866758049560184,chennai,MTC,"MTC chennai","Kalaignar Nagar Depot",Bus,N/A,N/A,N/A,N/A,N/A,N/A,Active,N/A,N/A,N/A,,N/A,"""Pearl Sardar"," G S T Road"," Anna Zoological Park"
J0454,TN01AN1155,869756046109119,chennai,MTC,"MTC chennai","Mandaveli Depot",Bus,N/A,N/A,N/A,N/A,N/A,N/A,Active,N/A,N/A,N/A,,N/A,"ADYAR DEPOT (Towards DEPOT)",N/A,N/A
J0641,TN01AN1246,867032053909417,chennai,MTC,"MTC chennai","Chromepet-1 Depot",Bus,N/A,N/A,N/A,N/A,N/A,N/A,Active,N/A,N/A,N/A,,N/A,"CHROMEPET (Towards SARAVANA STORE CHROMEPET)",N/A,N/A
J0114,TN01AN0180,862607059196609,chennai,MTC,"MTC chennai","Ennore Depot",Bus,N/A,N/A,N/A,N/A,N/A,N/A,Active,N/A,N/A,N/A,,N/A,"KALASHETRA ROAD (Towards LB ROAD)",N/A,N/A
K0465,TN01AN4467,864977047886787,chennai,MTC,"MTC chennai","Kilambakkam Depot",Bus,N/A,N/A,N/A,N/A,N/A,N/A,Active,N/A,N/A,N/A,,N/A,"""Service Road"," Anna University Campus"," Guindy"
K0318,TN01AN4851,864977047874437,chennai,MTC,"MTC chennai","Tambaram Depot",Bus,N/A,N/A,N/A,N/A,N/A,N/A,Active,N/A,N/A,N/A,,N/A,"Shivam Car Care",N/A,N/A
J1459,TN01AN2795,866758042043204,chennai,MTC,"MTC chennai","Central Depot",Bus,N/A,N/A,N/A,N/A,N/A,N/A,Active,N/A,N/A,N/A,,N/A,"""Kushal Kunj"," Vepery High Road"," Vepery"
J0213,TN01AN0556,862607059149566,chennai,MTC,"MTC chennai","Vadapalani Depot",Bus,N/A,N/A,N/A,N/A,N/A,N/A,Active,N/A,N/A,N/A,,N/A,"""Kesineni Tours"," Travels & Cargo Carriers""",N/A
J0659,TN01AN1329,869756048088899,chennai,MTC,"MTC chennai","Kalaignar Nagar Depot",Bus,N/A,N/A,N/A,N/A,N/A,N/A,Active,N/A,N/A,N/A,,N/A,"GUINDY RAILWAY STATION (Towards MADUVANKARAI)",N/A,N/A
J1903,TN01AN3751,867032059226204,chennai,MTC,"MTC chennai","Ayanavaram Depot",Bus,N/A,N/A,N/A,N/A,N/A,N/A,Active,N/A,N/A,N/A,,N/A,"""303 Konnur High Road"," KK NGR"," Ayanavaram"
K0315,TN01AN4810,864388040059465,chennai,MTC,"MTC chennai","Madahvaram Depot",Bus,N/A,N/A,N/A,N/A,N/A,N/A,Active,N/A,N/A,N/A,,N/A,"MADHAVARAM DEPOT (Towards DEPOT)",N/A,N/A
J0999,TN01AN1870,862547050865341,chennai,MTC,"MTC chennai","Thiruvanmiyur Depot",Bus,N/A,N/A,N/A,N/A,N/A,N/A,Active,N/A,N/A,N/A,,N/A,"""Semmozhi Salai"," Perumbakkam"," Chennai 600100"
J0217,TN01AN0554,865860041769226,chennai,MTC,"MTC chennai","Annanagar Depot",Bus,N/A,N/A,N/A,N/A,N/A,N/A,Active,N/A,N/A,N/A,,N/A,"HARRINGTON ROAD (Towards EVR SALAI)",N/A,N/A
K0715,TN01AN4986,862607059083153,chennai,MTC,"MTC chennai","Adyar Depot",Bus,N/A,N/A,N/A,N/A,N/A,N/A,Active,N/A,N/A,N/A,,N/A,"""E C R Road"," Elanthoppu"," Pattipulam"
J2077,TN01AN3886,868704043922754,chennai,MTC,"MTC chennai","Iyyappanthangal Depot",Bus,N/A,N/A,N/A,N/A,N/A,N/A,Active,N/A,N/A,N/A,,N/A,"SJR Steel Trading Company",N/A,N/A
K0120,TN01AN4133,862607055711096,chennai,MTC,"MTC chennai","Ennore Depot",Bus,N/A,N/A,N/A,N/A,N/A,N/A,Active,N/A,N/A,N/A,,N/A,"Ashok Leyland Foundry Division Gate 3",N/A,N/A
I1942,TN01N7705,867032059059019,chennai,MTC,"MTC chennai","Thiruvottriyur Depot",Bus,N/A,N/A,N/A,N/A,N/A,N/A,Active,N/A,N/A,N/A,,N/A,Planet,N/A,N/A
J0905,TN01AN1703,862607059215821,chennai,MTC,"MTC chennai","Ambathur Depot",Bus,N/A,N/A,N/A,N/A,N/A,N/A,Active,N/A,N/A,N/A,,N/A,"""4 Jafferkhanpet Main Road"," Anjugam Nagar"," Jafferkhanpet"
K0192,TN01AN4455,862607059043363,chennai,MTC,"MTC chennai","Tambaram Depot",Bus,N/A,N/A,N/A,N/A,N/A,N/A,Active,N/A,N/A,N/A,,N/A,"TAMBARAM SANATORIUM BUS STAND (Towards TB HOSPITAL)",N/A,N/A
J0389,TN01AN0867,862607059358050,chennai,MTC,"MTC chennai","Ambathur Depot",Bus,N/A,N/A,N/A,N/A,N/A,N/A,Active,N/A,N/A,N/A,,N/A,"C.P.W.D QUARTERS (Towards KOYAMBEDU CHATHIRAM)",N/A,N/A
J1746,TN01AN3511,867032058996096,chennai,MTC,"MTC chennai","Perumbakkam Depot",Bus,N/A,N/A,N/A,N/A,N/A,N/A,Active,N/A,N/A,N/A,,N/A,"Vaalliammal Babu Marriage Hall",N/A,N/A
K0443,TN01AN4434,862607059035492,chennai,MTC,"MTC chennai","Kilambakkam Depot",Bus,N/A,N/A,N/A,N/A,N/A,N/A,Active,N/A,N/A,N/A,,N/A,"Kalyan Grand - A Business Hotel",N/A,N/A
K0509,TN01AN4818,864650059565439,chennai,MTC,"MTC chennai","Kilambakkam Depot",Bus,N/A,N/A,N/A,N/A,N/A,N/A,Active,N/A,N/A,N/A,,N/A,"SEKKADU (Towards HINDU COLLEGE)",N/A,N/A
K0155,TN01AN4198,868794061302070,chennai,MTC,"MTC chennai","Tambaram Depot",Bus,N/A,N/A,N/A,N/A,N/A,N/A,Active,N/A,N/A,N/A,,N/A,"M.R THEATRE (Towards TAMBARAM WEST BUS STAND)",N/A,N/A
K0280,TN01AN4757,864650059632650,chennai,MTC,"MTC chennai","Kundrathur Depot",Bus,N/A,N/A,N/A,N/A,N/A,N/A,Active,N/A,N/A,N/A,,N/A,"""Pallavaram Main Road"," Karaima Nagar"," Kundrathur"
K0743,TN01AN5056,864337053466661,chennai,MTC,"MTC chennai","Poonamallee Depot",Bus,N/A,N/A,N/A,N/A,N/A,N/A,Active,N/A,N/A,N/A,,N/A,"BROADWAY (Towards EXIT)",N/A,N/A
I3366,TN01N9682,867032053804360,chennai,MTC,"MTC chennai","Ambathur Depot",Bus,N/A,N/A,N/A,N/A,N/A,N/A,Active,N/A,N/A,N/A,,N/A,"OTTERI POLICE STATION (Towards BINNY MILL CANTEEN)",N/A,N/A
J0964,TN01AN1920,862348058257668,chennai,MTC,"MTC chennai","Adyar Depot",Bus,N/A,N/A,N/A,N/A,N/A,N/A,Active,N/A,N/A,N/A,,N/A,"""O M R Road"," Perungudi"," Chennai 600096"
J1905,TN01AN3750,867032053748849,chennai,MTC,"MTC chennai","Kundrathur Depot",Bus,N/A,N/A,N/A,N/A,N/A,N/A,Active,N/A,N/A,N/A,,N/A,"PALLAVAN SALAI (Towards ANNA SALAI)",N/A,N/A
J0596,TN01AN1487,862607055628647,chennai,MTC,"MTC chennai","Alandur Depot",Bus,N/A,N/A,N/A,N/A,N/A,N/A,Active,N/A,N/A,N/A,,N/A,"""Valchery Main Road"," Pallikaranai"," Chennai 600100"
J1560,TN01AN3127,868704041288117,chennai,MTC,"MTC chennai","Chromepet-1 Depot",Bus,N/A,N/A,N/A,N/A,N/A,N/A,Active,N/A,N/A,N/A,,N/A,"""G S T Road"," Chromepet"," Chennai 600044"
J0756,TN01AN1708,868704046737449,chennai,MTC,"MTC chennai","Kalaignar Nagar Depot",Bus,N/A,N/A,N/A,N/A,N/A,N/A,Active,N/A,N/A,N/A,,N/A,"""8/49 G S T Road"," Chromepet"," Chennai 600044"
J1762,TN01AN3366,864650059572245,chennai,MTC,"MTC chennai","Annanagar Depot",Bus,N/A,N/A,N/A,N/A,N/A,N/A,Active,N/A,N/A,N/A,,N/A,"""100 Feet Main Road"," Baby Nagar"," Velachery"
J1073,TN01AN2061,864650056196469,chennai,MTC,"MTC chennai","Adyar Depot",Bus,N/A,N/A,N/A,N/A,N/A,N/A,Active,N/A,N/A,N/A,,N/A,"""Uthamar Gandhi Salai"," DR.Thirumurthy Nagar"," Nungambakkam"
J1180,TN01AN2142,864650056132571,chennai,MTC,"MTC chennai","Thiruvottriyur Depot",Bus,N/A,N/A,N/A,N/A,N/A,N/A,Active,N/A,N/A,N/A,,N/A,"""Poonamaliee High Road"," Egmore"," Chennai 600008"
K0133,TN01AN4160,862607055609787,chennai,MTC,"MTC chennai","Saidapet Depot",Bus,N/A,N/A,N/A,N/A,N/A,N/A,Active,N/A,N/A,N/A,,N/A,"""Velachery Main Road"," Vijayanagaram"," Medavakkam"
J0396,TN01AN0897,864650059417672,chennai,MTC,"MTC chennai","Vadapalani Depot",Bus,N/A,N/A,N/A,N/A,N/A,N/A,Active,N/A,N/A,N/A,,N/A,"""Kaliyamman Koil Street"," Koyambedu"," Chennai 600107"
J1667,TN01AN3254,860548042854023,chennai,MTC,"MTC chennai","Perambur Depot",Bus,N/A,N/A,N/A,N/A,N/A,N/A,Active,N/A,N/A,N/A,,N/A,"Classic Restaurant",N/A,N/A
I3000,TN01N9528,869756045662654,chennai,MTC,"MTC chennai","Madahvaram Depot",Bus,N/A,N/A,N/A,N/A,N/A,N/A,Active,N/A,N/A,N/A,,N/A,"ARUL NAGAR (Towards MADHAVARAM MILK COLONY MAIN GATE)",N/A,N/A
K0688,TN01AN4831,862607055623655,chennai,MTC,"MTC chennai","Central Depot",Bus,N/A,N/A,N/A,N/A,N/A,N/A,Active,N/A,N/A,N/A,,N/A,"VANAVIL (Towards TEYNAMPET METRO)",N/A,N/A
K0361,TN01AN4610,864977043706179,chennai,MTC,"MTC chennai","Annanagar Depot",Bus,N/A,N/A,N/A,N/A,N/A,N/A,Active,N/A,N/A,N/A,,N/A,"""Bypass Road"," Tharappakkam"," Chennai 600128"
I3399,TN01N9794,867032053749508,chennai,MTC,"MTC chennai","Perambur Depot",Bus,N/A,N/A,N/A,N/A,N/A,N/A,Active,N/A,N/A,N/A,,N/A,"SEMBIAM OLD POST OFFICE (Towards PERAMBUR RAILWAY STATION)",N/A,N/A
K0373,TN01AN4729,868142049744700,chennai,MTC,"MTC chennai","Saidapet Depot",Bus,N/A,N/A,N/A,N/A,N/A,N/A,Active,N/A,N/A,N/A,,N/A,"POONAMALLEE TERMINUS (Towards PARIVAKKAM SIGNAL)",N/A,N/A
I1970,TN01N7859,867032053747866,chennai,MTC,"MTC chennai","Chromepet-2 Depot",Bus,N/A,N/A,N/A,N/A,N/A,N/A,Active,N/A,N/A,N/A,,N/A,"Medson Diagnostics",N/A,N/A
J0242,TN01AN0634,862607055569650,chennai,MTC,"MTC chennai","Perambur Depot",Bus,N/A,N/A,N/A,N/A,N/A,N/A,Active,N/A,N/A,N/A,,N/A,"ANNA SQUARE (Towards MARINA BEACH)",N/A,N/A
J1868,TN01AN3649,866758049549740,chennai,MTC,"MTC chennai","Padiyanallur Depot",Bus,N/A,N/A,N/A,N/A,N/A,N/A,Active,N/A,N/A,N/A,,N/A,"""C T H Road"," Ambattur"," Chennai 600053"
J1419,TN01AN2678,865860041786303,chennai,MTC,"MTC chennai","Basinbridge Depot",Bus,N/A,N/A,N/A,N/A,N/A,N/A,Active,N/A,N/A,N/A,,N/A,"""313 E C R Road"," Reddy Kuppam"," Kanathur"
K0341,TN01AN4880,863958042730312,chennai,MTC,"MTC chennai","Poonamallee Depot",Bus,N/A,N/A,N/A,N/A,N/A,N/A,Active,N/A,N/A,N/A,,N/A,"NAZARATHPET POLICE CHECK POST (Towards JAYA JAYA SANKARA INTERNATIONAL SCHOOL)",N/A,N/A
J1385,TN01AN2993,862607059031053,chennai,MTC,"MTC chennai","Padiyanallur Depot",Bus,N/A,N/A,N/A,N/A,N/A,N/A,Active,N/A,N/A,N/A,,N/A,"""Periyapalayam Main Road"," Uthukkottai 601102"," India"""
J1134,TN01AN2066,864977047873827,chennai,MTC,"MTC chennai","Padiyanallur Depot",Bus,N/A,N/A,N/A,N/A,N/A,N/A,Active,N/A,N/A,N/A,,N/A,"PALLAVAN SALAI (CENTRAL RAILWAY STATION) (Towards EVR SALAI)",N/A,N/A
J1756,TN01AN3519,864650059578473,chennai,MTC,"MTC chennai","Kilambakkam Depot",Bus,N/A,N/A,N/A,N/A,N/A,N/A,Active,N/A,N/A,N/A,,N/A,"THIRUVANMIYUR BUS STAND (Towards JAYANTHI THEATRE)",N/A,N/A
K0473,TN01AN4516,862547050653291,chennai,MTC,"MTC chennai","Alandur Depot",Bus,N/A,N/A,N/A,N/A,N/A,N/A,Active,N/A,N/A,N/A,,N/A,"""G S T Road"," Pallavaram"," Chennai 600043"
J1289,TN01AN2472,865396053374589,chennai,MTC,"MTC chennai","Kilambakkam Depot",Bus,N/A,N/A,N/A,N/A,N/A,N/A,Active,N/A,N/A,N/A,,N/A,"""Perungalathur Flyover"," Peerkankaranai"," Chennai 600063"
J0067,TN01N9939,865860041738783,chennai,MTC,"MTC chennai","Avadi Depot",Bus,N/A,N/A,N/A,N/A,N/A,N/A,Active,N/A,N/A,N/A,,N/A,"AVADI DEPOT (Towards DEPOT)",N/A,N/A
J1397,TN01AN2862,864513042781796,chennai,MTC,"MTC chennai","Vadapalani Depot",Bus,N/A,N/A,N/A,N/A,N/A,N/A,Active,N/A,N/A,N/A,,N/A,"""Arcot Road"," Karambakkam"," Porur"
K0343,TN01AN4506,868794061295720,chennai,MTC,"MTC chennai","Vadapalani Depot",Bus,N/A,N/A,N/A,N/A,N/A,N/A,Active,N/A,N/A,N/A,,N/A,"Kalyan Grand - A Business Hotel",N/A,N/A
J1650,TN01AN3269,862607055584204,chennai,MTC,"MTC chennai","Central Depot",Bus,N/A,N/A,N/A,N/A,N/A,N/A,Active,N/A,N/A,N/A,,N/A,"MGR CENTRAL STATION (Towards NURSE QUARTERS)",N/A,N/A
J1544,TN01AN2962,867184039951771,chennai,MTC,"MTC chennai","Basinbridge Depot",Bus,N/A,N/A,N/A,N/A,N/A,N/A,Active,N/A,N/A,N/A,,N/A,"""Periyapalayam Main Road"," Ponneri 600067"," India"""
J0566,TN01AN1432,867032053659368,chennai,MTC,"MTC chennai","Poonamallee Depot",Bus,N/A,N/A,N/A,N/A,N/A,N/A,Active,N/A,N/A,N/A,,N/A,"SUNGUVARCHATRAM (Towards SUNGUVARCHATRAM)",N/A,N/A
J2062,TN01AN3892,862607059251396,chennai,MTC,"MTC chennai","Padiyanallur Depot",Bus,N/A,N/A,N/A,N/A,N/A,N/A,Active,N/A,N/A,N/A,,N/A,"""Pazhaverkadu Road"," Ponneri 601204"," India"""
J2075,TN01AN3925,864337056163810,chennai,MTC,"MTC chennai","Thiruvanmiyur Depot",Bus,N/A,N/A,N/A,N/A,N/A,N/A,Active,N/A,N/A,N/A,,N/A,"""13/5"," Kamaraj Nagar"," Thiruvanmiyur"
K0566,TN01AN5018,862607055622962,chennai,MTC,"MTC chennai","Poonamallee Depot",Bus,N/A,N/A,N/A,N/A,N/A,N/A,Active,N/A,N/A,N/A,,N/A,"RAMARATHNA THEATRE (Towards AVADI CHECK POST)",N/A,N/A
I1400,TN01N5675,867032053901182,chennai,MTC,"MTC chennai","Basinbridge Depot",Bus,N/A,N/A,N/A,N/A,N/A,N/A,Active,N/A,N/A,N/A,,N/A,"""M T H Road"," Icf West Clny"," Villivakkam"
K0672,TN01AN4920,864650059675048,chennai,MTC,"MTC chennai","Tambaram Depot",Bus,N/A,N/A,N/A,N/A,N/A,N/A,Active,N/A,N/A,N/A,,N/A,"""Vandalur Kelambakkam Main Road"," Chennai 600048"," India"""
J0077,TN01N9950,864650056132233,chennai,MTC,"MTC chennai","Ambathur Depot",Bus,N/A,N/A,N/A,N/A,N/A,N/A,Active,N/A,N/A,N/A,,N/A,"HINDUSTAN PETROLEUM",N/A,N/A
K0614,TN01AN4961,868142049740062,chennai,MTC,"MTC chennai","Ambathur Depot",Bus,N/A,N/A,N/A,N/A,N/A,N/A,Active,N/A,N/A,N/A,,N/A,"POONAMALLEE TERMINUS (Towards PARIVAKKAM SIGNAL)",N/A,N/A
J1477,TN01AN2661,868142049644462,chennai,MTC,"MTC chennai","Kilambakkam Depot",Bus,N/A,N/A,N/A,N/A,N/A,N/A,Active,N/A,N/A,N/A,,N/A,"CONCORDE OR CHELLAMMAL COLLEGE (Towards GUINDY RAILWAY STATION)",N/A,N/A
K0771,TN01AN5140,864650059569001,chennai,MTC,"MTC chennai","Thiyagaraya Nagar Depot",Bus,N/A,N/A,N/A,N/A,N/A,N/A,Active,N/A,N/A,N/A,,N/A,"THIYAGARAYANAGAR TERMINUS (Towards Exit)",N/A,N/A
J0212,TN01AN0553,867032053814583,chennai,MTC,"MTC chennai","Ambathur Depot",Bus,N/A,N/A,N/A,N/A,N/A,N/A,Active,N/A,N/A,N/A,,N/A,"""The Music World"," 82/220 Anna Nagar 2nd Avenue"," Block Y"
J1165,TN01AN2161,867383059028078,chennai,MTC,"MTC chennai","Avadi Depot",Bus,N/A,N/A,N/A,N/A,N/A,N/A,Active,N/A,N/A,N/A,,N/A,"""Outer Ring Road"," North Malayambakkam"," Chennai 600123"
J0646,TN01AN1230,862607059103365,chennai,MTC,"MTC chennai","Annanagar Depot",Bus,N/A,N/A,N/A,N/A,N/A,N/A,Active,N/A,N/A,N/A,,N/A,"KORATTUR BUS TERMINUS (Towards NORTH RAILWA STATION ROAD)",N/A,N/A
J0070,TN01N9965,867032053929548,chennai,MTC,"MTC chennai","Avadi Depot",Bus,N/A,N/A,N/A,N/A,N/A,N/A,Active,N/A,N/A,N/A,,N/A,"IYANKULAM (Towards PARUTHIPATTU ROAD JUNCTION)",N/A,N/A
J2072,TN01AN3939,865501043920751,chennai,MTC,"MTC chennai","Ayanavaram Depot",Bus,N/A,N/A,N/A,N/A,N/A,N/A,Active,N/A,N/A,N/A,,N/A,"BURKIT ROAD (Towards SOUTH USMAN ROAD)",N/A,N/A
J0414,TN01AN0829,864977047875103,chennai,MTC,"MTC chennai","Poonamallee Depot",Bus,N/A,N/A,N/A,N/A,N/A,N/A,Active,N/A,N/A,N/A,,N/A,"""Avadi Road"," Melpakkam"," Thiruverkadu"
I3361,TN01N9675,862607059048024,chennai,MTC,"MTC chennai","Iyyappanthangal Depot",Bus,N/A,N/A,N/A,N/A,N/A,N/A,Active,N/A,N/A,N/A,,N/A,"""N S K Salai"," Manthoppu Colony"," Valasaravakkam"
J0915,TN01AN1849,864650056251033,chennai,MTC,"MTC chennai","Chromepet-1 Depot",Bus,N/A,N/A,N/A,N/A,N/A,N/A,Active,N/A,N/A,N/A,,N/A,"TAMBARAM EAST BUS STOP (Towards POONDI BAZAAR)",N/A,N/A
J0946,TN01AN1863,868794061110705,chennai,MTC,"MTC chennai","Avadi Depot",Bus,N/A,N/A,N/A,N/A,N/A,N/A,Active,N/A,N/A,N/A,,N/A,"""C T H Road"," Kakkalur"," Thiruvallur 602003"
J1057,TN01AN2023,865546047568361,chennai,MTC,"MTC chennai","Central Depot",Bus,N/A,N/A,N/A,N/A,N/A,N/A,Active,N/A,N/A,N/A,,N/A,"27D route sathyam cut (Towards Foreshore estate terminus)",N/A,N/A
J1781,TN01AN3538,864337056479885,chennai,MTC,"MTC chennai","Iyyappanthangal Depot",Bus,N/A,N/A,N/A,N/A,N/A,N/A,Active,N/A,N/A,N/A,,N/A,"""Race Course Road"," Madras Gymkhana Club Area"," Guindy"
J2027,TN01AN3767,865501043955526,chennai,MTC,"MTC chennai","Chromepet-1 Depot",Bus,N/A,N/A,N/A,N/A,N/A,N/A,Active,N/A,N/A,N/A,,N/A,"""Mit Library"," Mit""",N/A
K0284,TN01AN4707,867032053735630,chennai,MTC,"MTC chennai","Thiruvanmiyur Depot",Bus,N/A,N/A,N/A,N/A,N/A,N/A,Active,N/A,N/A,N/A,,N/A,"""O M R Road"," Perungudi"," Chennai 600096"
I2953,TN01N9300,864650059611464,chennai,MTC,"MTC chennai","Adyar Depot",Bus,N/A,N/A,N/A,N/A,N/A,N/A,Active,N/A,N/A,N/A,,N/A,"2ND MAIN ROAD (KALIYAPPA HOSPITAL) (Towards C P R ROAD)",N/A,N/A
J1841,TN01AN3670,860548045694509,chennai,MTC,"MTC chennai","Chromepet-1 Depot",Bus,N/A,N/A,N/A,N/A,N/A,N/A,Active,N/A,N/A,N/A,,N/A,"""118/3/103 Sardar Patel Road"," Guindy"," Chennai 600032"
J1349,TN01AN2656,865860041738205,chennai,MTC,"MTC chennai","Ayanavaram Depot",Bus,N/A,N/A,N/A,N/A,N/A,N/A,Active,N/A,N/A,N/A,,N/A,K.K.Laboratory,N/A,N/A
I3398,TN01N9740,864650059590866,chennai,MTC,"MTC chennai","Annanagar Depot",Bus,N/A,N/A,N/A,N/A,N/A,N/A,Active,N/A,N/A,N/A,,N/A,"M.G.R.KOYAMBEDU (Towards EXIT)",N/A,N/A
K0683,TN01AN4882,862815033330265,chennai,MTC,"MTC chennai","Ambathur Depot",Bus,N/A,N/A,N/A,N/A,N/A,N/A,Active,N/A,N/A,N/A,,N/A,"THIRUNINRAVUR BUS STAND (Towards THIRUNINRAVUR)",N/A,N/A
K0100,TN01AN4293,864513042761723,chennai,MTC,"MTC chennai","Annanagar Depot",Bus,N/A,N/A,N/A,N/A,N/A,N/A,Active,N/A,N/A,N/A,,N/A,"MADRAS VETERINARY HOSPITAL (Towards DOVETON)",N/A,N/A
J0205,TN01AN0497,862607059213024,chennai,MTC,"MTC chennai","Perambur Depot",Bus,N/A,N/A,N/A,N/A,N/A,N/A,Active,N/A,N/A,N/A,,N/A,"New Central Hotel",N/A,N/A
K0534,TN01AN4840,867383059072423,chennai,MTC,"MTC chennai","Madahvaram Depot",Bus,N/A,N/A,N/A,N/A,N/A,N/A,Active,N/A,N/A,N/A,,N/A,"""Makownt Pakunamalli Havai Roat"," MG Nagar"," Poonamallee"
J0320,TN01AN0775,867032059237359,chennai,MTC,"MTC chennai","Ambathur Depot",Bus,N/A,N/A,N/A,N/A,N/A,N/A,Active,N/A,N/A,N/A,,N/A,"ERIKARAI PILLAIYAR KOVIL (Towards IMRC HOSPITAL)",N/A,N/A
J0838,TN01AN1632,862607059111939,chennai,MTC,"MTC chennai","Adambakkam Depot",Bus,N/A,N/A,N/A,N/A,N/A,N/A,Active,N/A,N/A,N/A,,N/A,"""G S T Road"," West Tambaram"," Chennai 600045"
J1547,TN01AN3027,869756045660526,chennai,MTC,"MTC chennai","Vadapalani Depot",Bus,N/A,N/A,N/A,N/A,N/A,N/A,Active,N/A,N/A,N/A,,N/A,"Pay and Park",N/A,N/A
J1454,TN01AN2705,864650054206401,chennai,MTC,"MTC chennai","Saidapet Depot",Bus,N/A,N/A,N/A,N/A,N/A,N/A,Active,N/A,N/A,N/A,,N/A,"CIT NAGAR 3RD MAIN ROAD (Towards ANNA SALAI)",N/A,N/A
J0096,TN01AN0223,862607059148147,chennai,MTC,"MTC chennai","Perambur Depot",Bus,N/A,N/A,N/A,N/A,N/A,N/A,Active,N/A,N/A,N/A,,N/A,"""Perambur Flyover"," Carriage Works"," Ayanavaram"
J0048,TN01N9857,861107037498210,chennai,MTC,"MTC chennai","Central Depot",Bus,N/A,N/A,N/A,N/A,N/A,N/A,Active,N/A,N/A,N/A,,N/A,"""1st Main Road"," Kamaraj Nagar West"," Thiruvanmiyur"
J0353,TN01AN0771,867698047290237,chennai,MTC,"MTC chennai","Kalaignar Nagar Depot",Bus,N/A,N/A,N/A,N/A,N/A,N/A,Active,N/A,N/A,N/A,,N/A,"CIT NAGAR (Towards NANDANAM YMCA)",N/A,N/A
K0744,TN01AN5126,864513042810546,chennai,MTC,"MTC chennai","Poonamallee Depot",Bus,N/A,N/A,N/A,N/A,N/A,N/A,Active,N/A,N/A,N/A,,N/A,"POONAMALLEE TERMINUS (Towards PARIVAKKAM SIGNAL)",N/A,N/A
J0841,TN01AN1672,864650056132365,chennai,MTC,"MTC chennai","Iyyappanthangal Depot",Bus,N/A,N/A,N/A,N/A,N/A,N/A,Active,N/A,N/A,N/A,,N/A,"""Sriperumbudur Main Road"," Kundrathur"," Chennai 600069"
J1411,TN01AN2640,867732035496504,chennai,MTC,"MTC chennai","Adyar Depot",Bus,N/A,N/A,N/A,N/A,N/A,N/A,Active,N/A,N/A,N/A,,N/A,"""105 Srinivasamurthi Avenue"," Bhakthavachalam Nagar"," Adyar"
J0694,TN01AN1363,867383057131577,chennai,MTC,"MTC chennai","Tambaram Depot",Bus,N/A,N/A,N/A,N/A,N/A,N/A,Active,N/A,N/A,N/A,,N/A,"TAMBARAM DEPOT (Towards DEPOT)",N/A,N/A
I3376,TN01N9717,862607059245729,chennai,MTC,"MTC chennai","Avadi Depot",Bus,N/A,N/A,N/A,N/A,N/A,N/A,Active,N/A,N/A,N/A,,N/A,"Hariom Kirana and General Store",N/A,N/A
J0970,TN01AN1869,864650056122069,chennai,MTC,"MTC chennai","Padiyanallur Depot",Bus,N/A,N/A,N/A,N/A,N/A,N/A,Active,N/A,N/A,N/A,,N/A,"Monu General Store",N/A,N/A
J1247,TN01AN2282,864650056179069,chennai,MTC,"MTC chennai","Avadi Depot",Bus,N/A,N/A,N/A,N/A,N/A,N/A,Active,N/A,N/A,N/A,,N/A,"TUBE PRODUCTS OF INDIA (Towards AVADI BUS TERMINUS)",N/A,N/A
K0490,TN01AN4639,864650059620275,chennai,MTC,"MTC chennai","Alandur Depot",Bus,N/A,N/A,N/A,N/A,N/A,N/A,Active,N/A,N/A,N/A,,N/A,"""81 100 Feet Main Road"," L I C Colony"," Velachery"
J1879,TN01AN3659,867032053768680,chennai,MTC,"MTC chennai","Padiyanallur Depot",Bus,N/A,N/A,N/A,N/A,N/A,N/A,Active,N/A,N/A,N/A,,N/A,"""Thiruvallur High Road"," Alamathi"," Chennai 600052"
K0412,TN01AN4651,862547050739918,chennai,MTC,"MTC chennai","Alandur Depot",Bus,N/A,N/A,N/A,N/A,N/A,N/A,Active,N/A,N/A,N/A,,N/A,"""G S T Road"," Chennai International Airport Area"," Meenambakkam"
J0762,TN01AN1476,864650056285478,chennai,MTC,"MTC chennai","Avadi Depot",Bus,N/A,N/A,N/A,N/A,N/A,N/A,Active,N/A,N/A,N/A,,N/A,"""C T H Road"," Ambattur"," Chennai 600053"
K0668,TN01AN4772,868794068176386,chennai,MTC,"MTC chennai","Central Depot",Bus,N/A,N/A,N/A,N/A,N/A,N/A,Active,N/A,N/A,N/A,,N/A,"""Royapettah High Road"," Mylapore"," Chennai 600004"
K0542,TN01AN5006,867032053786484,chennai,MTC,"MTC chennai","Alandur Depot",Bus,N/A,N/A,N/A,N/A,N/A,N/A,Active,N/A,N/A,N/A,,N/A,"GUDUVANCHERI BUS TERMINUS (Towards GUDUVANCHERI EB OFFICE)",N/A,N/A
J0506,TN01AN1217,867032053922972,chennai,MTC,"MTC chennai","Poonamallee Depot",Bus,N/A,N/A,N/A,N/A,N/A,N/A,Active,N/A,N/A,N/A,,N/A,"""Sri Muni Swamarth Swamy Jain Koil"," 70 T H Road"," Kaladipet-Rajakadai"
K0207,TN01AN4438,862607059170901,chennai,MTC,"MTC chennai","Tambaram Depot",Bus,N/A,N/A,N/A,N/A,N/A,N/A,Active,N/A,N/A,N/A,,N/A,"MAMALLAPURAM (Towards MANDAPAM MARKET)",N/A,N/A
J1860,TN01AN3661,867032053731126,chennai,MTC,"MTC chennai","Iyyappanthangal Depot",Bus,N/A,N/A,N/A,N/A,N/A,N/A,Active,N/A,N/A,N/A,,N/A,"""NH-48"," Sipcot Industrial Park-Mambakkam"," Sriperumbudur 602105"
J0044,TN01N9852,867032059236591,chennai,MTC,"MTC chennai","Kannagi Nagar Depot",Bus,N/A,N/A,N/A,N/A,N/A,N/A,Active,N/A,N/A,N/A,,N/A,"NAGATHAMMAN TEMPLE (Towards SEEVARAM)",N/A,N/A
J1668,TN01AN3287,865860042002999,chennai,MTC,"MTC chennai","Perambur Depot",Bus,N/A,N/A,N/A,N/A,N/A,N/A,Active,N/A,N/A,N/A,,N/A,"EGMORE (Towards ALBERT THEATRE)",N/A,N/A
I1672,TN01N7468,868142047211546,chennai,MTC,"MTC chennai","Perumbakkam Depot",Bus,N/A,N/A,N/A,N/A,N/A,N/A,Active,N/A,N/A,N/A,,N/A,"Public Toilet",N/A,N/A
J2069,TN01AN3771,865860041764888,chennai,MTC,"MTC chennai","Thiruvanmiyur Depot",Bus,N/A,N/A,N/A,N/A,N/A,N/A,Active,N/A,N/A,N/A,,N/A,"""N S C Boss Road"," Parrys"," George Town"
K0022,TN01AN3933,864650059627254,chennai,MTC,"MTC chennai","Vadapalani Depot",Bus,N/A,N/A,N/A,N/A,N/A,N/A,Active,N/A,N/A,N/A,,N/A,"""Sesh Kamal"," 251/76 E V R Periyar Salai"," Chetpet"
J0335,TN01AN0761,864650056352948,chennai,MTC,"MTC chennai","Madahvaram Depot",Bus,N/A,N/A,N/A,N/A,N/A,N/A,Active,N/A,N/A,N/A,,N/A,"MADHAVARAM DEPOT (Towards DEPOT)",N/A,N/A
J2114,TN01AN4019,868704041077122,chennai,MTC,"MTC chennai","Padiyanallur Depot",Bus,N/A,N/A,N/A,N/A,N/A,N/A,Active,N/A,N/A,N/A,,N/A,"""Central Avenue"," Mahakavi Bharathi NGR"," Vyasarpadi"
K0741,TN01AN5076,866041042272895,chennai,MTC,"MTC chennai","Poonamallee Depot",Bus,N/A,N/A,N/A,N/A,N/A,N/A,Active,N/A,N/A,N/A,,N/A,"""27/160 Mount Poonamalee High Road"," Gandhi Nagar"," Porur"
J0092,TN01AN0177,862607055598519,chennai,MTC,"MTC chennai","Thiruvottriyur Depot",Bus,N/A,N/A,N/A,N/A,N/A,N/A,Active,N/A,N/A,N/A,,N/A,"PENCIL FACTORY (Towards VALLALAR NAGAR)",N/A,N/A
K0704,TN01AN4995,867032053893660,chennai,MTC,"MTC chennai","Adyar Depot",Bus,N/A,N/A,N/A,N/A,N/A,N/A,Active,N/A,N/A,N/A,,N/A,Naveens,N/A,N/A
J0672,TN01AN1359,867160040615621,chennai,MTC,"MTC chennai","Avadi Depot",Bus,N/A,N/A,N/A,N/A,N/A,N/A,Active,N/A,N/A,N/A,,N/A,"Church Of The Glourios Lord Mittanamalli",N/A,N/A
K0290,TN01AN4828,863412043686180,chennai,MTC,"MTC chennai","Perumbakkam Depot",Bus,N/A,N/A,N/A,N/A,N/A,N/A,Active,N/A,N/A,N/A,,N/A,"EAST COAST ROAD (THIRUVANMIYUR) (Towards LB ROAD)",N/A,N/A
K0363,TN01AN4719,864977043721764,chennai,MTC,"MTC chennai","Adyar Depot",Bus,N/A,N/A,N/A,N/A,N/A,N/A,Active,N/A,N/A,N/A,,N/A,"""103 I T Express Highway"," Navalur"," Chennai 603103"
J0380,TN01AN0883,866758041733243,chennai,MTC,"MTC chennai","Mandaveli Depot",Bus,N/A,N/A,N/A,N/A,N/A,N/A,Active,N/A,N/A,N/A,,N/A,"Fcom Fashion Comfort",N/A,N/A
J0514,TN01AN1248,869756046267511,chennai,MTC,"MTC chennai","Thiyagaraya Nagar Depot",Bus,N/A,N/A,N/A,N/A,N/A,N/A,Active,N/A,N/A,N/A,,N/A,"""2 Five Furlong Road"," Madras Gymkhana Club Area"," Guindy"
J2055,TN01AN3910,864337056368922,chennai,MTC,"MTC chennai","Perumbakkam Depot",Bus,N/A,N/A,N/A,N/A,N/A,N/A,Active,N/A,N/A,N/A,,N/A,"""Old Mahabalipuram Road"," Egattur"," Chennai 603103"
I3345,TN01N9657,864513041466621,chennai,MTC,"MTC chennai","Perumbakkam Depot",Bus,N/A,N/A,N/A,N/A,N/A,N/A,Active,N/A,N/A,N/A,,N/A,"MADRAS UNIVERSITY (Towards WAR MEMORIAL)",N/A,N/A
J2061,TN01AN3928,861107035367938,chennai,MTC,"MTC chennai","Thiruvanmiyur Depot",Bus,N/A,N/A,N/A,N/A,N/A,N/A,Active,N/A,N/A,N/A,,N/A,"""It Highway"," Sholinganallur"," Chennai 600119"
J1923,TN01AN3900,862607059210368,chennai,MTC,"MTC chennai","Avadi Depot",Bus,N/A,N/A,N/A,N/A,N/A,N/A,Active,N/A,N/A,N/A,,N/A,"Shri Vignesh Snacks and Cool Bar",N/A,N/A
J1053,TN01AN1932,864513042813938,chennai,MTC,"MTC chennai","Thiruvottriyur Depot",Bus,N/A,N/A,N/A,N/A,N/A,N/A,Active,N/A,N/A,N/A,,N/A,"""T H Road"," Andarkuppam"," Manali New Town"
K0506,TN01AN4865,867160040625240,chennai,MTC,"MTC chennai","Madahvaram Depot",Bus,N/A,N/A,N/A,N/A,N/A,N/A,Active,N/A,N/A,N/A,,N/A,"""J N Road"," Thiru VI Ka Industrial Estate"," Ekkaduthangal"
J1694,TN01AN3292,861107035918094,chennai,MTC,"MTC chennai","Mandaveli Depot",Bus,N/A,N/A,N/A,N/A,N/A,N/A,Active,N/A,N/A,N/A,,N/A,"ANAND THEATRE OR THOUSAND LIGHT (Towards CHURCH PARK SCHOOL)",N/A,N/A
K0635,TN01AN4747,866041042259967,chennai,MTC,"MTC chennai","Tambaram Depot",Bus,N/A,N/A,N/A,N/A,N/A,N/A,Active,N/A,N/A,N/A,,N/A,"Kalyan Grand - A Business Hotel",N/A,N/A
K0267,TN01AN4392,867032053929613,chennai,MTC,"MTC chennai","Adambakkam Depot",Bus,N/A,N/A,N/A,N/A,N/A,N/A,Active,N/A,N/A,N/A,,N/A,"""G S T Road"," Peerkankaranai"," Chennai 600063"
J0881,TN01AN1604,867383059037152,chennai,MTC,"MTC chennai","Annanagar Depot",Bus,N/A,N/A,N/A,N/A,N/A,N/A,Active,N/A,N/A,N/A,,N/A,"""200 Feet Road"," Kolathur"," Chennai 600099"
K0681,TN01AN4909,862607059078369,chennai,MTC,"MTC chennai","Tambaram Depot",Bus,N/A,N/A,N/A,N/A,N/A,N/A,Active,N/A,N/A,N/A,,N/A,"""Vandalur Kelambakkam Main Road"," Vandalur"," Chennai 600048"
K0345,TN01AN4534,868704045609466,chennai,MTC,"MTC chennai","Vadapalani Depot",Bus,N/A,N/A,N/A,N/A,N/A,N/A,Active,N/A,N/A,N/A,,N/A,"""E V R Periyar Salai"," Koyambedu"," Chennai 600107"
J0941,TN01AN1929,865501043954164,chennai,MTC,"MTC chennai","Central Depot",Bus,N/A,N/A,N/A,N/A,N/A,N/A,Active,N/A,N/A,N/A,,N/A,"""L B Road"," Kamaraj Avenue"," Adyar"
K0084,TN01AN4125,868274062648755,chennai,MTC,"MTC chennai","Thiruvanmiyur Depot",Bus,N/A,N/A,N/A,N/A,N/A,N/A,Active,N/A,N/A,N/A,,N/A,"""Anna Salai"," Attu Cherri"," Saidapet"
J1705,TN01AN3252,866758047905720,chennai,MTC,"MTC chennai","Kalaignar Nagar Depot",Bus,N/A,N/A,N/A,N/A,N/A,N/A,Active,N/A,N/A,N/A,,N/A,"ASHOK NAGAR 4TH AVENUE (Towards INNER RING ROAD)",N/A,N/A
J1743,TN01AN3513,864650056280982,chennai,MTC,"MTC chennai","Adyar Depot",Bus,N/A,N/A,N/A,N/A,N/A,N/A,Active,N/A,N/A,N/A,,N/A,"""Service Road"," Perungudi"," Chennai 600096"
J1308,TN01AN2570,861107037515377,chennai,MTC,"MTC chennai","Vadapalani Depot",Bus,N/A,N/A,N/A,N/A,N/A,N/A,Active,N/A,N/A,N/A,,N/A,"New Jayanthis",N/A,N/A
K0724,TN01AN4955,867032053781881,chennai,MTC,"MTC chennai","Tambaram Depot",Bus,N/A,N/A,N/A,N/A,N/A,N/A,Active,N/A,N/A,N/A,,N/A,"Mellai Unavagam",N/A,N/A
J2057,TN01AN3858,867032059177951,chennai,MTC,"MTC chennai","Iyyappanthangal Depot",Bus,N/A,N/A,N/A,N/A,N/A,N/A,Active,N/A,N/A,N/A,,N/A,"""Defence Colony Road"," Sundar Nagar"," Guindy"
K0066,TN01AN4054,862607055600190,chennai,MTC,"MTC chennai","Tondiarpet-1 Depot",Bus,N/A,N/A,N/A,N/A,N/A,N/A,Active,N/A,N/A,N/A,,N/A,"""Suryanarayana Salai"," Grace Garden"," Royapuram"
J0801,TN01AN1573,867032053793555,chennai,MTC,"MTC chennai","Poonamallee Depot",Bus,N/A,N/A,N/A,N/A,N/A,N/A,Active,N/A,N/A,N/A,,N/A,"""4 Bangalore High Road"," Sriperumbudur 602105"," India"""
K0737,TN01AN5061,862348058305491,chennai,MTC,"MTC chennai","Vadapalani Depot",Bus,N/A,N/A,N/A,N/A,N/A,N/A,Active,N/A,N/A,N/A,,N/A,"""G S T Road"," New Perungalathur"," Chennai 600063"
J1793,TN01AN3605,864337056193403,chennai,MTC,"MTC chennai","Padiyanallur Depot",Bus,N/A,N/A,N/A,N/A,N/A,N/A,Active,N/A,N/A,N/A,,N/A,"""67 Padavattamman Koil Road"," Kondithope"," George Town"
J0344,TN01AN0785,863418053169074,chennai,MTC,"MTC chennai","Ayanavaram Depot",Bus,N/A,N/A,N/A,N/A,N/A,N/A,Active,N/A,N/A,N/A,,N/A,"""17/A Sivan Koil North Mada Street"," North High Court Clny"," Villivakkam"
J0131,TN01AN0213,868922051374755,chennai,MTC,"MTC chennai","Ennore Depot",Bus,N/A,N/A,N/A,N/A,N/A,N/A,Active,N/A,N/A,N/A,,N/A,"Balasubramaniam Hardware",N/A,N/A
J1290,TN01AN2559,864977043766173,chennai,MTC,"MTC chennai","Chromepet-1 Depot",Bus,N/A,N/A,N/A,N/A,N/A,N/A,Active,N/A,N/A,N/A,,N/A,"PALLAVARAM AADU THOTTI (Towards PALLAVARAM MARKET)",N/A,N/A
J0191,TN01AN0484,864337058591919,chennai,MTC,"MTC chennai","Madahvaram Depot",Bus,N/A,N/A,N/A,N/A,N/A,N/A,Active,N/A,N/A,N/A,,N/A,"""Water Canal Road"," Kolathur"," Chennai 600099"
J1389,TN01AN2893,863418052933306,chennai,MTC,"MTC chennai","Thiruvanmiyur Depot",Bus,N/A,N/A,N/A,N/A,N/A,N/A,Active,N/A,N/A,N/A,,N/A,"""81 Bhakthavatchalam Road"," Alwarpet"," Chennai 600018"
I2923,TN01N8854,867032053743022,chennai,MTC,"MTC chennai","Tambaram Depot",Bus,N/A,N/A,N/A,N/A,N/A,N/A,Active,N/A,N/A,N/A,,N/A,"TAMBARAM DEPOT (Towards DEPOT)",N/A,N/A
K0435,TN01AN4686,864977043718562,chennai,MTC,"MTC chennai","Annanagar Depot",Bus,N/A,N/A,N/A,N/A,N/A,N/A,Active,N/A,N/A,N/A,,N/A,"""Estate Road"," Gandhi Nagar"," Anna Nagar West Extension"
J0510,TN01AN1272,866758048732792,chennai,MTC,"MTC chennai","Mandaveli Depot",Bus,N/A,N/A,N/A,N/A,N/A,N/A,Active,N/A,N/A,N/A,,N/A,"""2-29 South Canal Bank Road"," Anandam Colony"," Mandaveli"
J1566,TN01AN2985,865501042110172,chennai,MTC,"MTC chennai","Chromepet-1 Depot",Bus,N/A,N/A,N/A,N/A,N/A,N/A,Active,N/A,N/A,N/A,,N/A,"Gurukulam Matriculation Higher Secondary School",N/A,N/A
I3348,TN01N9660,867032053796749,chennai,MTC,"MTC chennai","Vadapalani Depot",Bus,N/A,N/A,N/A,N/A,N/A,N/A,Active,N/A,N/A,N/A,,N/A,"Ambattur Arima Sangam Middle School",N/A,N/A
J1485,TN01AN2819,864650059580271,chennai,MTC,"MTC chennai","Kilambakkam Depot",Bus,N/A,N/A,N/A,N/A,N/A,N/A,Active,N/A,N/A,N/A,,N/A,"RAJAKILPAKKAM (Towards KAMARAJAPURAM CAMP ROAD)",N/A,N/A
I3322,TN01N9632,867032053749003,chennai,MTC,"MTC chennai","Ennore Depot",Bus,N/A,N/A,N/A,N/A,N/A,N/A,Active,N/A,N/A,N/A,,N/A,"Palani Sound Service",N/A,N/A
J0158,TN01AN0198,867383059127763,chennai,MTC,"MTC chennai","Ambathur Depot",Bus,N/A,N/A,N/A,N/A,N/A,N/A,Active,N/A,N/A,N/A,,N/A,"""F2 M T H Road"," Indira Nagar"," Ambattur"
K0476,TN01AN4460,862607055745979,chennai,MTC,"MTC chennai","Kilambakkam Depot",Bus,N/A,N/A,N/A,N/A,N/A,N/A,Active,N/A,N/A,N/A,,N/A,"""Anna Salai"," Guindy"," Chennai 600032"
K0456,TN01AN4474,865501043835694,chennai,MTC,"MTC chennai","Kilambakkam Depot",Bus,N/A,N/A,N/A,N/A,N/A,N/A,Active,N/A,N/A,N/A,,N/A,"""G S T Road"," West Tambaram"," Chennai 600045"
K0705,TN01AN5009,864650056168583,chennai,MTC,"MTC chennai","Adyar Depot",Bus,N/A,N/A,N/A,N/A,N/A,N/A,Active,N/A,N/A,N/A,,N/A,"""Guindy Kathipara Flyover"," ST.Thomas Mount"," Chennai 600016"
K0062,TN01AN4123,862607059213776,chennai,MTC,"MTC chennai","Saidapet Depot",Bus,N/A,N/A,N/A,N/A,N/A,N/A,Active,N/A,N/A,N/A,,N/A,"""Ottiyambakkam Main Road"," Sithalapakkam"," Chennai 600126"
J1257,TN01AN2412,861107034007485,chennai,MTC,"MTC chennai","Saidapet Depot",Bus,N/A,N/A,N/A,N/A,N/A,N/A,Active,N/A,N/A,N/A,,N/A,"""Sri Surya Garden"," Mambakkam Medavakkam Main Road"," Ponmar"
J2007,TN01AN3924,867732033518747,chennai,MTC,"MTC chennai","Chromepet-1 Depot",Bus,N/A,N/A,N/A,N/A,N/A,N/A,Active,N/A,N/A,N/A,,N/A,"M.P.M. Enterprises",N/A,N/A
K0389,TN01AN4628,868274062666831,chennai,MTC,"MTC chennai","Ambathur Depot",Bus,N/A,N/A,N/A,N/A,N/A,N/A,Active,N/A,N/A,N/A,,N/A,"""Railway Quarters"," 87-B Gandhi Irwin Road"," Southern Railway Colony"
J1166,TN01AN2162,862607059210384,chennai,MTC,"MTC chennai","Avadi Depot",Bus,N/A,N/A,N/A,N/A,N/A,N/A,Active,N/A,N/A,N/A,,N/A,"Gurubagavan Traders",N/A,N/A
I1601,TN01N5971,867032053731977,chennai,MTC,"MTC chennai","Iyyappanthangal Depot",Bus,N/A,N/A,N/A,N/A,N/A,N/A,Active,N/A,N/A,N/A,,N/A,"J. B. R. Real Estate",N/A,N/A
K0677,TN01AN4875,862607055580715,chennai,MTC,"MTC chennai","Tambaram Depot",Bus,N/A,N/A,N/A,N/A,N/A,N/A,Active,N/A,N/A,N/A,,N/A,"Shri Rani Printers",N/A,N/A
J1901,TN01AN3735,865501043925537,chennai,MTC,"MTC chennai","Chromepet-2 Depot",Bus,N/A,N/A,N/A,N/A,N/A,N/A,Active,N/A,N/A,N/A,,N/A,"""G S T Road"," New Perungalathur"," Chennai 600063"
J1359,TN01AN2631,862810042421007,chennai,MTC,"MTC chennai","Kilambakkam Depot",Bus,N/A,N/A,N/A,N/A,N/A,N/A,Active,N/A,N/A,N/A,,N/A,"Aravind Rahul Ceramics",N/A,N/A
J1178,TN01AN2185,867032053795261,chennai,MTC,"MTC chennai","Avadi Depot",Bus,N/A,N/A,N/A,N/A,N/A,N/A,Active,N/A,N/A,N/A,,N/A,"SARASWATHI NAGAR CTH SALAI (Towards MANIKANDAPURAM)",N/A,N/A
K0413,TN01AN4714,862607055661150,chennai,MTC,"MTC chennai","Central Depot",Bus,N/A,N/A,N/A,N/A,N/A,N/A,Active,N/A,N/A,N/A,,N/A,"BROADWAY (Towards EXIT)",N/A,N/A
J1241,TN01AN2327,860548046782337,chennai,MTC,"MTC chennai","Thiruvottriyur Depot",Bus,N/A,N/A,N/A,N/A,N/A,N/A,Active,N/A,N/A,N/A,,N/A,"EVENING BAZZAR ROAD (Towards EVR SALAI)",N/A,N/A
K0309,TN01AN4768,867383057224901,chennai,MTC,"MTC chennai","Chromepet-2 Depot",Bus,N/A,N/A,N/A,N/A,N/A,N/A,Active,N/A,N/A,N/A,,N/A,"""Visweswaran Street"," Subhash Nagar"," Chromepet"
J0587,TN01AN1462,866041042107521,chennai,MTC,"MTC chennai","Poonamallee Depot",Bus,N/A,N/A,N/A,N/A,N/A,N/A,Active,N/A,N/A,N/A,,N/A,"ARANVOYAL KUPPAM (Towards MURUKANCHERY)",N/A,N/A
K0601,TN01AN5060,868922051352868,chennai,MTC,"MTC chennai","Tambaram Depot",Bus,N/A,N/A,N/A,N/A,N/A,N/A,Active,N/A,N/A,N/A,,N/A,"""G S T Road"," Kadaperi"," West Tambaram"
K0010,TN01AN4097,862614060332181,chennai,MTC,"MTC chennai","Thiruvanmiyur Depot",Bus,N/A,N/A,N/A,N/A,N/A,N/A,Active,N/A,N/A,N/A,,N/A,"THIRUVANMIYUR BUS STAND (Towards JAYANTHI THEATRE)",N/A,N/A
J2071,TN01AN3848,864337056520373,chennai,MTC,"MTC chennai","Thiruvanmiyur Depot",Bus,N/A,N/A,N/A,N/A,N/A,N/A,Active,N/A,N/A,N/A,,N/A,"""5 100 Feet Main Road"," Thanthai Periyar Nagar"," Taramani"
J1319,TN01AN2623,861107037939684,chennai,MTC,"MTC chennai","Perumbakkam Depot",Bus,N/A,N/A,N/A,N/A,N/A,N/A,Active,N/A,N/A,N/A,,N/A,"""Sardar Patel Road"," Gandhi Nagar"," Adyar"
J1378,TN01AN2872,861107032595473,chennai,MTC,"MTC chennai","Poonamallee Depot",Bus,N/A,N/A,N/A,N/A,N/A,N/A,Active,N/A,N/A,N/A,,N/A,"WALLAHJAH ROAD (Towards KAMARAJAR SALAI)",N/A,N/A
J0102,TN01AN0193,867032053799511,chennai,MTC,"MTC chennai","Tondiarpet-1 Depot",Bus,N/A,N/A,N/A,N/A,N/A,N/A,Active,N/A,N/A,N/A,,N/A,"""539 T H Road"," MCM Garden"," Old Washermenpet"
J0130,TN01AN0196,864650059637865,chennai,MTC,"MTC chennai","Thiruvanmiyur Depot",Bus,N/A,N/A,N/A,N/A,N/A,N/A,Active,N/A,N/A,N/A,,N/A,"""G S T Road"," New Perungalathur"," Chennai 600063"
K0528,TN01AN4862,862547050913752,chennai,MTC,"MTC chennai","Kilambakkam Depot",Bus,N/A,N/A,N/A,N/A,N/A,N/A,Active,N/A,N/A,N/A,,N/A,"""Jawaharlal Nehru Salai"," Arumbakkam"," Chennai 600106"
K0121,TN01AN4167,867032053735234,chennai,MTC,"MTC chennai","Iyyappanthangal Depot",Bus,N/A,N/A,N/A,N/A,N/A,N/A,Active,N/A,N/A,N/A,,N/A,"The Art of Living",N/A,N/A
J1382,TN01AN3128,860548046762917,chennai,MTC,"MTC chennai","Perambur Depot",Bus,N/A,N/A,N/A,N/A,N/A,N/A,Active,N/A,N/A,N/A,,N/A,"PERAMBUR DEPOT (Towards DEPOT)",N/A,N/A
K0106,TN01AN4138,864650056132803,chennai,MTC,"MTC chennai","Chromepet-1 Depot",Bus,N/A,N/A,N/A,N/A,N/A,N/A,Active,N/A,N/A,N/A,,N/A,"""5-283E G S T Road"," Singaperumal Koil"," Chengalpattu 603002"
K0380,TN01AN4548,864513042812609,chennai,MTC,"MTC chennai","Adyar Depot",Bus,N/A,N/A,N/A,N/A,N/A,N/A,Active,N/A,N/A,N/A,,N/A,"PULIYAMARAM SUNNAMBU KOLATHUR (Towards SRI NAGAR)",N/A,N/A
I3351,TN01N9669,862607059115484,chennai,MTC,"MTC chennai","Avadi Depot",Bus,N/A,N/A,N/A,N/A,N/A,N/A,Active,N/A,N/A,N/A,,N/A,"T.S.P CANTEEN (Towards VEERAPURAM)",N/A,N/A
J0739,TN01AN1624,867032053747239,chennai,MTC,"MTC chennai","Poonamallee Depot",Bus,N/A,N/A,N/A,N/A,N/A,N/A,Active,N/A,N/A,N/A,,N/A,"""S P H Road"," Sri Vetri Nagar"," Polivakkam"
J1820,TN45N4207,862607055580962,chennai,MTC,"MTC chennai","Madahvaram Depot",Bus,N/A,N/A,N/A,N/A,N/A,N/A,Active,N/A,N/A,N/A,,N/A,"""200 Feet Road"," Lakshmipuram"," Chennai 600076"
J0564,TN01AN1431,864650056190694,chennai,MTC,"MTC chennai","Poonamallee Depot",Bus,N/A,N/A,N/A,N/A,N/A,N/A,Active,N/A,N/A,N/A,,N/A,"""G S T Road"," Chromepet"," Chennai 600044"
J0864,TN01AN1618,867032053885179,chennai,MTC,"MTC chennai","Central Depot",Bus,N/A,N/A,N/A,N/A,N/A,N/A,Active,N/A,N/A,N/A,,N/A,"FLOWER BAZZAR (Towards MGR CENTRAL STATION)",N/A,N/A
I1957,TN01N7813,867032059151055,chennai,MTC,"MTC chennai","Central Depot",Bus,N/A,N/A,N/A,N/A,N/A,N/A,Active,N/A,N/A,N/A,,N/A,"Shri Amman Driving School",N/A,N/A
J0001,TN01N9751,867032059224704,chennai,MTC,"MTC chennai","Tambaram Depot",Bus,N/A,N/A,N/A,N/A,N/A,N/A,Active,N/A,N/A,N/A,,N/A,"""G S T Road"," East Tambaram"," Chennai 600059"
J1537,TN01AN2916,860965067662802,chennai,MTC,"MTC chennai","Madahvaram Depot",Bus,N/A,N/A,N/A,N/A,N/A,N/A,Active,N/A,N/A,N/A,,N/A,"LAKSHMI AMMAN KOVIL (Towards BRINDHA THEATRE)",N/A,N/A
J1794,TN01AN3577,868704041288620,chennai,MTC,"MTC chennai","Padiyanallur Depot",Bus,N/A,N/A,N/A,N/A,N/A,N/A,Active,N/A,N/A,N/A,,N/A,"""Trunk Road"," MG Nagar"," Poonamallee"
K0181,TN01AN4266,867032059207436,chennai,MTC,"MTC chennai","Perambur Depot",Bus,N/A,N/A,N/A,N/A,N/A,N/A,Active,N/A,N/A,N/A,,N/A,"REDHILLS BUS TERMINUS (Towards REDHILLS MARKET)",N/A,N/A
J1326,TN01AN2858,868922051330567,chennai,MTC,"MTC chennai","Madahvaram Depot",Bus,N/A,N/A,N/A,N/A,N/A,N/A,Active,N/A,N/A,N/A,,N/A,"BASIN BRIDGE DEPOT (Towards DEPOT)",N/A,N/A
J2032,TN01AN3890,860965065279559,chennai,MTC,"MTC chennai","Padiyanallur Depot",Bus,N/A,N/A,N/A,N/A,N/A,N/A,Active,N/A,N/A,N/A,,N/A,"""Intuc Bhavan"," M T H Road"," Sector 3"
J1462,TN01AN2692,864337056395164,chennai,MTC,"MTC chennai","Chromepet-1 Depot",Bus,N/A,N/A,N/A,N/A,N/A,N/A,Active,N/A,N/A,N/A,,N/A,"ANAKAPUTHUR (Towards ANAKAPUTHUR AMMAN KOVIL)",N/A,N/A
J1195,TN01AN2236,867698045730721,chennai,MTC,"MTC chennai","Chromepet-1 Depot",Bus,N/A,N/A,N/A,N/A,N/A,N/A,Active,N/A,N/A,N/A,,N/A,"""97 Valchery Main Road"," Gowriwakkam"," Selaiyur"
J1789,TN01AN3614,863412044248535,chennai,MTC,"MTC chennai","Kalaignar Nagar Depot",Bus,N/A,N/A,N/A,N/A,N/A,N/A,Active,N/A,N/A,N/A,,N/A,"K K NAGAR (Towards ESIC HOSPITAL)",N/A,N/A
J1669,TN01AN3245,866758049583269,chennai,MTC,"MTC chennai","Thiruvanmiyur Depot",Bus,N/A,N/A,N/A,N/A,N/A,N/A,Active,N/A,N/A,N/A,,N/A,"Om Shri Maha Sakthi Vinayakar Aalayam",N/A,N/A
K0633,TN01AN4809,867383057208656,chennai,MTC,"MTC chennai","Central Depot",Bus,N/A,N/A,N/A,N/A,N/A,N/A,Active,N/A,N/A,N/A,,N/A,"Vinayaka Temple",N/A,N/A
K0564,TN01AN5019,862607059027143,chennai,MTC,"MTC chennai","Poonamallee Depot",Bus,N/A,N/A,N/A,N/A,N/A,N/A,Active,N/A,N/A,N/A,,N/A,"""Sardar Patel Road"," Guindy National Park Area"," Guindy"
J0674,TN01AN1356,864513042745783,chennai,MTC,"MTC chennai","Annanagar Depot",Bus,N/A,N/A,N/A,N/A,N/A,N/A,Active,N/A,N/A,N/A,,N/A,"""21 Seemathamman Nagar Main Road"," Seemathamman Nagar"," Maduravoyal"
J0420,TN01AN0865,867383057141881,chennai,MTC,"MTC chennai","Alandur Depot",Bus,N/A,N/A,N/A,N/A,N/A,N/A,Active,N/A,N/A,N/A,,N/A,"""Thangam Real Estate"," 298/3 Velachery Main Road"," Dhandeeswaram Nagar"
K0078,TN01AN4119,862607059218122,chennai,MTC,"MTC chennai","Perambur Depot",Bus,N/A,N/A,N/A,N/A,N/A,N/A,Active,N/A,N/A,N/A,,N/A,"""Sardar Patel Road"," Gandhi Nagar"," Adyar"
J1429,TN01AN2693,867032053802869,chennai,MTC,"MTC chennai","Tambaram Depot",Bus,N/A,N/A,N/A,N/A,N/A,N/A,Active,N/A,N/A,N/A,,N/A,"SAIDAPET (Towards THADANDAR NAGAR)",N/A,N/A
J0958,TN01AN1887,866758049546183,chennai,MTC,"MTC chennai","Padiyanallur Depot",Bus,N/A,N/A,N/A,N/A,N/A,N/A,Active,N/A,N/A,N/A,,N/A,"""3/56 Avadi Poonamallee High Road"," Senneerkuppam"," Poonamallee"
J0486,TN01AN1165,862607059104009,chennai,MTC,"MTC chennai","Poonamallee Depot",Bus,N/A,N/A,N/A,N/A,N/A,N/A,Active,N/A,N/A,N/A,,N/A,"""Trunk Road"," Mullai Thottam"," Poonamallee"
J1614,TN01AN3073,863958044774904,chennai,MTC,"MTC chennai","Alandur Depot",Bus,N/A,N/A,N/A,N/A,N/A,N/A,Active,N/A,N/A,N/A,,N/A,"""Jawaharlal Road"," Ashok Nagar"," Chennai 600083"
J1977,TN01AN3843,860548042852878,chennai,MTC,"MTC chennai","Annanagar Depot",Bus,N/A,N/A,N/A,N/A,N/A,N/A,Active,N/A,N/A,N/A,,N/A,"""G S T Road"," Pallavaram"," Chennai 600043"
J1144,TN01AN2037,864513046492911,chennai,MTC,"MTC chennai","Thiruvottriyur Depot",Bus,N/A,N/A,N/A,N/A,N/A,N/A,Active,N/A,N/A,N/A,,N/A,"KALLARAI (Towards POONAMALLEE GOVERNMENT HOSPITAL)",N/A,N/A
J1041,TN01AN1991,862607059020288,chennai,MTC,"MTC chennai","Chromepet-1 Depot",Bus,N/A,N/A,N/A,N/A,N/A,N/A,Active,N/A,N/A,N/A,,N/A,"""Ramaniyam Pushkar Apartments"," 6B Kalaigar Karunanidi Road"," Sholinganallur"
J0247,TN01AN0616,862607059164490,chennai,MTC,"MTC chennai","Tondiarpet-1 Depot",Bus,N/A,N/A,N/A,N/A,N/A,N/A,Active,N/A,N/A,N/A,,N/A,"""17/2 Cemetry Road"," Minakshi Ammanpet"," Old Washermenpet"
J1406,TN01AN2856,868704046771505,chennai,MTC,"MTC chennai","Thiruvottriyur Depot",Bus,N/A,N/A,N/A,N/A,N/A,N/A,Active,N/A,N/A,N/A,,N/A,"KALAIMAGAL VIDYALAYA OR ESSO (Towards KASIMEDU POLICE STATION)",N/A,N/A
J0788,TN01AN1525,867383059139719,chennai,MTC,"MTC chennai","Madahvaram Depot",Bus,N/A,N/A,N/A,N/A,N/A,N/A,Active,N/A,N/A,N/A,,N/A,"VALLALAR NAGAR (Towards VALLALAR NAGAR)",N/A,N/A
J0878,TN01AN1642,864650059571171,chennai,MTC,"MTC chennai","Annanagar Depot",Bus,N/A,N/A,N/A,N/A,N/A,N/A,Active,N/A,N/A,N/A,,N/A,"DASAPRAKASH (Towards THINATHANTHI)",N/A,N/A
J0254,TN01AN0675,867032053928490,chennai,MTC,"MTC chennai","Kundrathur Depot",Bus,N/A,N/A,N/A,N/A,N/A,N/A,Active,N/A,N/A,N/A,,N/A,"""Metha Nagar Main Road"," Kundrathur"," Chennai 600069"
J0273,TN01AN0706,864513042754090,chennai,MTC,"MTC chennai","Kalaignar Nagar Depot",Bus,N/A,N/A,N/A,N/A,N/A,N/A,Active,N/A,N/A,N/A,,N/A,"BHARATHIDASAN COLONY (Towards ASHOK NAGAR METRO R.S)",N/A,N/A
J1334,TN01AN2523,862607059151109,chennai,MTC,"MTC chennai","Padiyanallur Depot",Bus,N/A,N/A,N/A,N/A,N/A,N/A,Active,N/A,N/A,N/A,,N/A,"""131 G N T Road"," Naravarikuppam"," Redhills"
I1685,TN01N7652,864513042817434,chennai,MTC,"MTC chennai","Tambaram Depot",Bus,N/A,N/A,N/A,N/A,N/A,N/A,Active,N/A,N/A,N/A,,N/A,"TAMBARAM DEPOT (Towards DEPOT)",N/A,N/A
J2088,TN01AN3934,864337056504617,chennai,MTC,"MTC chennai","Chromepet-1 Depot",Bus,N/A,N/A,N/A,N/A,N/A,N/A,Active,N/A,N/A,N/A,,N/A,"Bajaj Finserv",N/A,N/A
J0797,TN01AN1540,864650059661527,chennai,MTC,"MTC chennai","Central Depot",Bus,N/A,N/A,N/A,N/A,N/A,N/A,Active,N/A,N/A,N/A,,N/A,"Clear Vision Opticals",N/A,N/A
J1013,TN01AN2608,867383057122816,chennai,MTC,"MTC chennai","Avadi Depot",Bus,N/A,N/A,N/A,N/A,N/A,N/A,Active,N/A,N/A,N/A,,N/A,"SIR RAMASWAMI MUDALIAR HIGH SCHOOL (Towards AMBATTUR O.T BUS STAND)",N/A,N/A
J0875,TN01AN1679,867032053733650,chennai,MTC,"MTC chennai","Vadapalani Depot",Bus,N/A,N/A,N/A,N/A,N/A,N/A,Active,N/A,N/A,N/A,,N/A,"""G S T Road"," East Tambaram"," Chennai 600059"
J0095,TN01AN0182,868794061313838,chennai,MTC,"MTC chennai","Perambur Depot",Bus,N/A,N/A,N/A,N/A,N/A,N/A,Active,N/A,N/A,N/A,,N/A,"""Demellows Road"," Choolai"," Chennai 600112"
I2962,TN01N9245,868794061130067,chennai,MTC,"MTC chennai","Ennore Depot",Bus,N/A,N/A,N/A,N/A,N/A,N/A,Active,N/A,N/A,N/A,,N/A,"Pandias Restaurant",N/A,N/A
J0567,TN01AN1454,862607059021096,chennai,MTC,"MTC chennai","Poonamallee Depot",Bus,N/A,N/A,N/A,N/A,N/A,N/A,Active,N/A,N/A,N/A,,N/A,"Chennai Rawthar Biryani",N/A,N/A
K0414,TN01AN4709,864513046547599,chennai,MTC,"MTC chennai","Adyar Depot",Bus,N/A,N/A,N/A,N/A,N/A,N/A,Active,N/A,N/A,N/A,,N/A,"THIYAGARAYANAGAR TERMINUS (Towards Exit)",N/A,N/A
J1156,TN01AN2063,864337058942286,chennai,MTC,"MTC chennai","Kilambakkam Depot",Bus,N/A,N/A,N/A,N/A,N/A,N/A,Active,N/A,N/A,N/A,,N/A,"""Kalaigar Karunanidi Road"," Sholinganallur"," Chennai 600119"
J1511,TN01AN2853,862607059149087,chennai,MTC,"MTC chennai","Perambur Depot",Bus,N/A,N/A,N/A,N/A,N/A,N/A,Active,N/A,N/A,N/A,,N/A,"""17 Demellows Road"," Choolai"," Chennai 600012"
J0163,TN01AN0266,862607059149541,chennai,MTC,"MTC chennai","Ambathur Depot",Bus,N/A,N/A,N/A,N/A,N/A,N/A,Active,N/A,N/A,N/A,,N/A,"""376 C T H Road"," Varatharajapuram"," Ambattur"
J0339,TN01AN0766,867605051005393,chennai,MTC,"MTC chennai","Avadi Depot",Bus,N/A,N/A,N/A,N/A,N/A,N/A,Active,N/A,N/A,N/A,,N/A,"""C T H Road"," Avadi"," Chennai 600054"
K0712,TN01AN4999,862607055696735,chennai,MTC,"MTC chennai","Central Depot",Bus,N/A,N/A,N/A,N/A,N/A,N/A,Active,N/A,N/A,N/A,,N/A,"THIRUVOTTIYUR BUS STAND (Towards WIMCO NAGAR OR MRF TYRE FACTORY)",N/A,N/A
J1730,TN01AN3522,864650059630738,chennai,MTC,"MTC chennai","Adyar Depot",Bus,N/A,N/A,N/A,N/A,N/A,N/A,Active,N/A,N/A,N/A,,N/A,"""Thangam Real Estate"," 298/3 Velachery Main Road"," Dhandeeswaram Nagar"
I1660,TN01N7374,862607059109628,chennai,MTC,"MTC chennai","Perumbakkam Depot",Bus,N/A,N/A,N/A,N/A,N/A,N/A,Active,N/A,N/A,N/A,,N/A,"MRC NAGAR (Towards FORESHORE ESTATE BUS STOP)",N/A,N/A
J1642,TN01AN3315,864977047866292,chennai,MTC,"MTC chennai","Thiruvottriyur Depot",Bus,N/A,N/A,N/A,N/A,N/A,N/A,Active,N/A,N/A,N/A,,N/A,"""100 Feet Road"," Koyambedu"," Chennai 600107"
J1230,TN01AN2228,860965069048323,chennai,MTC,"MTC chennai","Padiyanallur Depot",Bus,N/A,N/A,N/A,N/A,N/A,N/A,Active,N/A,N/A,N/A,,N/A,"""Periyapalayam Main Road"," Uthukkottai 601102"," India"""
K0090,TN01AN4063,867032053800095,chennai,MTC,"MTC chennai","Avadi Depot",Bus,N/A,N/A,N/A,N/A,N/A,N/A,Active,N/A,N/A,N/A,,N/A,"""C T H Road"," Chevalier K.S.R. Nagar"," Ambattur"
K0479,TN01AN4482,864337056403299,chennai,MTC,"MTC chennai","Kilambakkam Depot",Bus,N/A,N/A,N/A,N/A,N/A,N/A,Active,N/A,N/A,N/A,,N/A,"Geniesys Technologies",N/A,N/A
K0640,TN01AN4744,862607059115971,chennai,MTC,"MTC chennai","Vadapalani Depot",Bus,N/A,N/A,N/A,N/A,N/A,N/A,Active,N/A,N/A,N/A,,N/A,"""Service Road"," Tambaram Sanatorium"," Chennai 600047"
J1769,TN01AN3504,862607052182788,chennai,MTC,"MTC chennai","Iyyappanthangal Depot",Bus,N/A,N/A,N/A,N/A,N/A,N/A,Active,N/A,N/A,N/A,,N/A,"""Chennai Bangalore Highway"," Sriperumbudur 602105"," India"""
J1542,TN01AN2972,868142049699045,chennai,MTC,"MTC chennai","Ayanavaram Depot",Bus,N/A,N/A,N/A,N/A,N/A,N/A,Active,N/A,N/A,N/A,,N/A,"""Abirami Street"," Purasavakkam"," Chennai 600084"
J2096,TN01AN4024,868704041288737,chennai,MTC,"MTC chennai","Thiruvottriyur Depot",Bus,N/A,N/A,N/A,N/A,N/A,N/A,Active,N/A,N/A,N/A,,N/A,"Fashion Point",N/A,N/A
J0790,TN01AN1519,862607059144435,chennai,MTC,"MTC chennai","Thiruvottriyur Depot",Bus,N/A,N/A,N/A,N/A,N/A,N/A,Active,N/A,N/A,N/A,,N/A,"VALLALAR NAGAR (Towards VALLALAR NAGAR_4)",N/A,N/A
J1518,TN01AN2907,866758047874546,chennai,MTC,"MTC chennai","Chromepet-1 Depot",Bus,N/A,N/A,N/A,N/A,N/A,N/A,Active,N/A,N/A,N/A,,N/A,"PUDUPAKKAM (Towards BUTTERFLY COMPANY)",N/A,N/A
J1285,TN01AN2460,867032053726563,chennai,MTC,"MTC chennai","Kilambakkam Depot",Bus,N/A,N/A,N/A,N/A,N/A,N/A,Active,N/A,N/A,N/A,,N/A,"KATTUR ALAMARAM (Towards KATTUR)",N/A,N/A
J1322,TN01AN2680,868794068139327,chennai,MTC,"MTC chennai","Vadapalani Depot",Bus,N/A,N/A,N/A,N/A,N/A,N/A,Active,N/A,N/A,N/A,,N/A,"LIBERTY (Towards MAHALINGAPURAM)",N/A,N/A
K0188,TN01AN4483,867032059237573,chennai,MTC,"MTC chennai","Vadapalani Depot",Bus,N/A,N/A,N/A,N/A,N/A,N/A,Active,N/A,N/A,N/A,,N/A,"VADAPALANI BUS STAND (Towards VADAPALANI)",N/A,N/A
K0718,TN01AN4983,862607059072347,chennai,MTC,"MTC chennai","Adyar Depot",Bus,N/A,N/A,N/A,N/A,N/A,N/A,Active,N/A,N/A,N/A,,N/A,"""Mamallapuram Main Road"," Kovalam"," Chennai 603112"
K0287,TN01AN4701,864513046411697,chennai,MTC,"MTC chennai","Tambaram Depot",Bus,N/A,N/A,N/A,N/A,N/A,N/A,Active,N/A,N/A,N/A,,N/A,"SINGAPERUMAL KOVIL (Towards KEELKARANAI)",N/A,N/A
K0471,TN01AN4488,867605050923083,chennai,MTC,"MTC chennai","Alandur Depot",Bus,N/A,N/A,N/A,N/A,N/A,N/A,Active,N/A,N/A,N/A,,N/A,"AKKARAI (Towards PRATYANGIRA TEMPLE)",N/A,N/A
K0169,TN01AN4173,864650059576162,chennai,MTC,"MTC chennai","Adyar Depot",Bus,N/A,N/A,N/A,N/A,N/A,N/A,Active,N/A,N/A,N/A,,N/A,"THEYAGARAYA NAGAR DEPOT (Towards DEPOT)",N/A,N/A
K0076,TN01AN4060,864337059102682,chennai,MTC,"MTC chennai","Adyar Depot",Bus,N/A,N/A,N/A,N/A,N/A,N/A,Active,N/A,N/A,N/A,,N/A,"INDIRA NAGAR 1ST AVENUE (Towards LB ROAD)",N/A,N/A
J1792,TN01AN3555,862607059118488,chennai,MTC,"MTC chennai","Avadi Depot",Bus,N/A,N/A,N/A,N/A,N/A,N/A,Active,N/A,N/A,N/A,,N/A,"Ganesh Home Decor",N/A,N/A
J0307,TN01AN0807,864513046512015,chennai,MTC,"MTC chennai","Iyyappanthangal Depot",Bus,N/A,N/A,N/A,N/A,N/A,N/A,Active,N/A,N/A,N/A,,N/A,"""Sivan Kovil Main Road"," Thiruverkadu"," Chennai 600077"
J1490,TN01AN2830,865501043943704,chennai,MTC,"MTC chennai","Adyar Depot",Bus,N/A,N/A,N/A,N/A,N/A,N/A,Active,N/A,N/A,N/A,,N/A,"WALLAHJAH ROAD (Towards KAMARAJAR SALAI)",N/A,N/A
J1142,TN01AN2103,867032053814229,chennai,MTC,"MTC chennai","Kilambakkam Depot",Bus,N/A,N/A,N/A,N/A,N/A,N/A,Active,N/A,N/A,N/A,,N/A,"""G S T Road"," West Tambaram"," Chennai 600045"
J2073,TN01AN4012,860588042339054,chennai,MTC,"MTC chennai","Saidapet Depot",Bus,N/A,N/A,N/A,N/A,N/A,N/A,Active,N/A,N/A,N/A,,N/A,"INFOVIEW THORAIPAKKAM (Towards D B JAIN COLLEGE)",N/A,N/A
I3373,TN01N9709,862607059106426,chennai,MTC,"MTC chennai","Basinbridge Depot",Bus,N/A,N/A,N/A,N/A,N/A,N/A,Active,N/A,N/A,N/A,,N/A,"""145-120 Chennai Thiruvallur High Road"," Padi"," Chennai 600050"
K0168,TN01AN4223,862607059023142,chennai,MTC,"MTC chennai","Tambaram Depot",Bus,N/A,N/A,N/A,N/A,N/A,N/A,Active,N/A,N/A,N/A,,N/A,"Universal Travels Boarding Point",N/A,N/A
K0224,TN01AN4524,867383057209837,chennai,MTC,"MTC chennai","Tambaram Depot",Bus,N/A,N/A,N/A,N/A,N/A,N/A,Active,N/A,N/A,N/A,,N/A,"""G S T Road"," Vandalur"," Chennai 600048"
J0897,TN01AN1593,863418051819167,chennai,MTC,"MTC chennai","Madahvaram Depot",Bus,N/A,N/A,N/A,N/A,N/A,N/A,Active,N/A,N/A,N/A,,N/A,"LEATHER COMPANY (Towards MURARI HOSPITAL)",N/A,N/A
I3394,TN01N9714,868922051410823,chennai,MTC,"MTC chennai","Perambur Depot",Bus,N/A,N/A,N/A,N/A,N/A,N/A,Active,N/A,N/A,N/A,,N/A,"Lingam Durai Shop",N/A,N/A
K0400,TN01AN4690,864513042681111,chennai,MTC,"MTC chennai","Central Depot",Bus,N/A,N/A,N/A,N/A,N/A,N/A,Active,N/A,N/A,N/A,,N/A,"BROADWAY ROAD (Towards NSC BOSE ROAD)",N/A,N/A
J0703,TN01AN1404,864650059679347,chennai,MTC,"MTC chennai","Avadi Depot",Bus,N/A,N/A,N/A,N/A,N/A,N/A,Active,N/A,N/A,N/A,,N/A,"Pizza Square",N/A,N/A
J1068,TN01AN2102,860548044467881,chennai,MTC,"MTC chennai","Tondiarpet-1 Depot",Bus,N/A,N/A,N/A,N/A,N/A,N/A,Active,N/A,N/A,N/A,,N/A,"TONDAIRPET-1 DEPOT (Towards DEPOT)",N/A,N/A
I1907,TN01N7513,864977043725476,chennai,MTC,"MTC chennai","Central Depot",Bus,N/A,N/A,N/A,N/A,N/A,N/A,Active,N/A,N/A,N/A,,N/A,"NURSE QUARTERS (Towards CENTRAL DENTAL COLLEGE)",N/A,N/A
J1951,TN01AN3942,864337059028317,chennai,MTC,"MTC chennai","Ayanavaram Depot",Bus,N/A,N/A,N/A,N/A,N/A,N/A,Active,N/A,N/A,N/A,,N/A,"AYANAVARAM DEPOT (Towards DEPOT)",N/A,N/A
J0457,TN01AN1143,868142049821375,chennai,MTC,"MTC chennai","Thiyagaraya Nagar Depot",Bus,N/A,N/A,N/A,N/A,N/A,N/A,Active,N/A,N/A,N/A,,N/A,"""28-18 Velachery Main Road"," Nagendra Nagar"," Velachery"
J0940,TN01AN1897,864513041451482,chennai,MTC,"MTC chennai","Tambaram Depot",Bus,N/A,N/A,N/A,N/A,N/A,N/A,Active,N/A,N/A,N/A,,N/A,"RED HILLS THIRUVALLUR ROAD JUNCTION (Towards ELITE MATRICULATION HIGHER SECONDARY)",N/A,N/A
J0496,TN01AN1189,862607059141191,chennai,MTC,"MTC chennai","Poonamallee Depot",Bus,N/A,N/A,N/A,N/A,N/A,N/A,Active,N/A,N/A,N/A,,N/A,"""Chennai Bangalore Highway"," Sriperumbudur 602105"," India"""
K0264,TN01AN4401,867032053725185,chennai,MTC,"MTC chennai","Tambaram Depot",Bus,N/A,N/A,N/A,N/A,N/A,N/A,Active,N/A,N/A,N/A,,N/A,"""G S T Road"," New Perungalathur"," Chennai 600063"
K0157,TN01AN4195,862607055584360,chennai,MTC,"MTC chennai","Annanagar Depot",Bus,N/A,N/A,N/A,N/A,N/A,N/A,Active,N/A,N/A,N/A,,N/A,"M.G.R.KOYAMBEDU (Towards EXIT)",N/A,N/A
J1295,TN01AN2513,864650056279075,chennai,MTC,"MTC chennai","Poonamallee Depot",Bus,N/A,N/A,N/A,N/A,N/A,N/A,Active,N/A,N/A,N/A,,N/A,"SAIDAPET (Towards CHINNAMALAI OR SAIDAPET COURT)",N/A,N/A
J1196,TN01AN2126,868922051334817,chennai,MTC,"MTC chennai","Adyar Depot",Bus,N/A,N/A,N/A,N/A,N/A,N/A,Active,N/A,N/A,N/A,,N/A,"""2A E C R Road"," Thiruvanmiyur"," Chennai 600041"
K0111,TN01AN4210,867032059155056,chennai,MTC,"MTC chennai","Ennore Depot",Bus,N/A,N/A,N/A,N/A,N/A,N/A,Active,N/A,N/A,N/A,,N/A,"""Manali Express Road"," Manali"," Chennai 600068"
I1368,TN01N5681,866041042198926,chennai,MTC,"MTC chennai","Iyyappanthangal Depot",Bus,N/A,N/A,N/A,N/A,N/A,N/A,Active,N/A,N/A,N/A,,N/A,"VADAPALANI BUS STAND (Towards VADAPALANI)",N/A,N/A
K0665,TN01AN4754,862607055628936,chennai,MTC,"MTC chennai","Ambathur Depot",Bus,N/A,N/A,N/A,N/A,N/A,N/A,Active,N/A,N/A,N/A,,N/A,"HOTEL EVEREST (Towards PARK STATION)",N/A,N/A
K0021,TN01AN4082,862607055577026,chennai,MTC,"MTC chennai","Vadapalani Depot",Bus,N/A,N/A,N/A,N/A,N/A,N/A,Active,N/A,N/A,N/A,,N/A,"""156"," Arcot Road"," Vadapalani"""
K0659,TN01AN4822,862607059092618,chennai,MTC,"MTC chennai","Adyar Depot",Bus,N/A,N/A,N/A,N/A,N/A,N/A,Active,N/A,N/A,N/A,,N/A,"THIRUPORUR BUS STAND (Towards MANAMATHI KOOT ROAD)",N/A,N/A
J1740,TN01AN3507,864388041747191,chennai,MTC,"MTC chennai","Annanagar Depot",Bus,N/A,N/A,N/A,N/A,N/A,N/A,Active,N/A,N/A,N/A,,N/A,"""4th Main Road"," Sipcot It Park"," Siruseri"
J1737,TN01AN3441,867032053799388,chennai,MTC,"MTC chennai","Adyar Depot",Bus,N/A,N/A,N/A,N/A,N/A,N/A,Active,N/A,N/A,N/A,,N/A,"""100 Feet Road"," Ashok Nagar"," Chennai 600083"
J1797,TN01AN3622,868794061060439,chennai,MTC,"MTC chennai","Chromepet-1 Depot",Bus,N/A,N/A,N/A,N/A,N/A,N/A,Active,N/A,N/A,N/A,,N/A,"Saravana Traders",N/A,N/A
J0489,TN01AN1197,867032053728338,chennai,MTC,"MTC chennai","Poonamallee Depot",Bus,N/A,N/A,N/A,N/A,N/A,N/A,Active,N/A,N/A,N/A,,N/A,"POONAMALLEE DEPOT (Towards DEPOT)",N/A,N/A
J1961,TN01AN3883,867032053716267,chennai,MTC,"MTC chennai","Ennore Depot",Bus,N/A,N/A,N/A,N/A,N/A,N/A,Active,N/A,N/A,N/A,,N/A,"""Manali Express Road"," Manali"," Chennai 600068"
J0084,TN01N9936,862607055713605,chennai,MTC,"MTC chennai","Ambathur Depot",Bus,N/A,N/A,N/A,N/A,N/A,N/A,Active,N/A,N/A,N/A,,N/A,"""T S P Camp Road"," Veerapuram"," Chennai 600055"
J1778,TN01AN3548,862607059259167,chennai,MTC,"MTC chennai","Avadi Depot",Bus,N/A,N/A,N/A,N/A,N/A,N/A,Active,N/A,N/A,N/A,,N/A,"AVADI DEPOT (Towards DEPOT)",N/A,N/A
I2937,TN01N8875,864977043763022,chennai,MTC,"MTC chennai","Adambakkam Depot",Bus,N/A,N/A,N/A,N/A,N/A,N/A,Active,N/A,N/A,N/A,,N/A,"GOPALAPURAM (Towards GOWDIA MUTT)",N/A,N/A
J0315,TN01AN0749,862607059126010,chennai,MTC,"MTC chennai","Iyyappanthangal Depot",Bus,N/A,N/A,N/A,N/A,N/A,N/A,Active,N/A,N/A,N/A,,N/A,"Christine Books & Gift Centre",N/A,N/A
J1674,TN01AN3290,862547050666657,chennai,MTC,"MTC chennai","Tondiarpet-1 Depot",Bus,N/A,N/A,N/A,N/A,N/A,N/A,Active,N/A,N/A,N/A,,N/A,"""Pallavan Salai"," Pallavan Nagar"," Park Town"
J1826,TN45N4153,865860042119264,chennai,MTC,"MTC chennai","Madahvaram Depot",Bus,N/A,N/A,N/A,N/A,N/A,N/A,Active,N/A,N/A,N/A,,N/A,"""59 V O C Salai"," Badri Garden"," Park Town"
K0142,TN01AN4188,867383057208581,chennai,MTC,"MTC chennai","Central Depot",Bus,N/A,N/A,N/A,N/A,N/A,N/A,Active,N/A,N/A,N/A,,N/A,"""Old Mahabalipuram Road"," Egattur"," Chennai 603103"
K0246,TN01AN4771,864650059650132,chennai,MTC,"MTC chennai","Iyyappanthangal Depot",Bus,N/A,N/A,N/A,N/A,N/A,N/A,Active,N/A,N/A,N/A,,N/A,"CHEKKADY (Towards R J C C CHURCH)",N/A,N/A
I3340,TN01N9651,867032053744806,chennai,MTC,"MTC chennai","Perambur Depot",Bus,N/A,N/A,N/A,N/A,N/A,N/A,Active,N/A,N/A,N/A,,N/A,"""562 Adhithanar Salai"," Egmore"," Chennai 600008"
K0245,TN01AN4745,862607059303205,chennai,MTC,"MTC chennai","Vadapalani Depot",Bus,N/A,N/A,N/A,N/A,N/A,N/A,Active,N/A,N/A,N/A,,N/A,"""65-66 Kaliamman Koil Street"," Virugambakkam"," Chennai 600092"
J1563,TN01AN3079,868704043204997,chennai,MTC,"MTC chennai","Padiyanallur Depot",Bus,N/A,N/A,N/A,N/A,N/A,N/A,Active,N/A,N/A,N/A,,N/A,"AYURVEDA ASHRAMAM (Towards SRI NALLAGHU POLYTECHNIC COLLEGE)",N/A,N/A
K0209,TN01AN4443,862607055679343,chennai,MTC,"MTC chennai","Tambaram Depot",Bus,N/A,N/A,N/A,N/A,N/A,N/A,Active,N/A,N/A,N/A,,N/A,"""Vandalur Kelambakkam Main Road"," Vandalur"," Chennai 600048"
J0504,TN01AN1261,864650059569365,chennai,MTC,"MTC chennai","Poonamallee Depot",Bus,N/A,N/A,N/A,N/A,N/A,N/A,Active,N/A,N/A,N/A,,N/A,"Car Audio & Accessories",N/A,N/A
K0281,TN01AN4785,864650059574431,chennai,MTC,"MTC chennai","Kundrathur Depot",Bus,N/A,N/A,N/A,N/A,N/A,N/A,Active,N/A,N/A,N/A,,N/A,"PALLAVAN SALAI (CENTRAL RAILWAY STATION) (Towards EVR SALAI)",N/A,N/A
J1631,TN01AN3067,869756048096405,chennai,MTC,"MTC chennai","Kalaignar Nagar Depot",Bus,N/A,N/A,N/A,N/A,N/A,N/A,Active,N/A,N/A,N/A,,N/A,"""Service Road"," Sarvamangala Colony"," Vadapalani"
J1761,TN01AN3474,864650059639010,chennai,MTC,"MTC chennai","Adyar Depot",Bus,N/A,N/A,N/A,N/A,N/A,N/A,Active,N/A,N/A,N/A,,N/A,"THIRUVANMIYUR BUS STAND (Towards JAYANTHI THEATRE)",N/A,N/A
J0422,TN01AN0866,862607059149749,chennai,MTC,"MTC chennai","Kalaignar Nagar Depot",Bus,N/A,N/A,N/A,N/A,N/A,N/A,Active,N/A,N/A,N/A,,N/A,"""49-852B Munusamy Road"," Nesapakkam"," Chennai 600078"
J0590,TN01AN1470,866041042133162,chennai,MTC,"MTC chennai","Kalaignar Nagar Depot",Bus,N/A,N/A,N/A,N/A,N/A,N/A,Active,N/A,N/A,N/A,,N/A,"Bakiya Studio & Colour Lab",N/A,N/A
J1425,TN01AN2556,861107034055435,chennai,MTC,"MTC chennai","Iyyappanthangal Depot",Bus,N/A,N/A,N/A,N/A,N/A,N/A,Active,N/A,N/A,N/A,,N/A,"POONAMALLEE MUNICIPALITY (Towards KATTUPAKKAM)",N/A,N/A
K0725,TN01AN4944,862547050842761,chennai,MTC,"MTC chennai","Vadapalani Depot",Bus,N/A,N/A,N/A,N/A,N/A,N/A,Active,N/A,N/A,N/A,,N/A,"M.G.R.KOYAMBEDU (Towards EXIT)",N/A,N/A
J0802,TN01AN1551,862607059250596,chennai,MTC,"MTC chennai","Ayanavaram Depot",Bus,N/A,N/A,N/A,N/A,N/A,N/A,Active,N/A,N/A,N/A,,N/A,"""M T H Road"," Moorthy NGR"," Villivakkam"
K0478,TN01AN4468,864337056477384,chennai,MTC,"MTC chennai","Kilambakkam Depot",Bus,N/A,N/A,N/A,N/A,N/A,N/A,Active,N/A,N/A,N/A,,N/A,"""G S T Road"," Chennai International Airport Area"," Meenambakkam"
K0208,TN01AN4493,864650056191213,chennai,MTC,"MTC chennai","Tambaram Depot",Bus,N/A,N/A,N/A,N/A,N/A,N/A,Active,N/A,N/A,N/A,,N/A,"""1"," Tambaram Sanatorium"," Chennai 600047"
J1414,TN01AN2466,864650059508371,chennai,MTC,"MTC chennai","Avadi Depot",Bus,N/A,N/A,N/A,N/A,N/A,N/A,Active,N/A,N/A,N/A,,N/A,"""E V R Periyar Salai"," Maduravoyal"," Chennai 600095"
J0366,TN01AN0788,866758041728854,chennai,MTC,"MTC chennai","Kalaignar Nagar Depot",Bus,N/A,N/A,N/A,N/A,N/A,N/A,Active,N/A,N/A,N/A,,N/A,"""289-2 100 Feet Road"," Jafferkhanpet"," Chennai 600083"
J1081,TN01AN2148,862607052309100,chennai,MTC,"MTC chennai","Madahvaram Depot",Bus,N/A,N/A,N/A,N/A,N/A,N/A,Active,N/A,N/A,N/A,,N/A,"""A P Ashvantha"," 200 Feet Road"," Kolathur"
K0594,TN01AN4975,865860041655037,chennai,MTC,"MTC chennai","Central Depot",Bus,N/A,N/A,N/A,N/A,N/A,N/A,Active,N/A,N/A,N/A,,N/A,"""Service Road"," C I T Colony"," Alwarpet"
K0178,TN01AN4155,865860041786824,chennai,MTC,"MTC chennai","Perambur Depot",Bus,N/A,N/A,N/A,N/A,N/A,N/A,Active,N/A,N/A,N/A,,N/A,"""1/75B 11th Avenue"," Indira Colony"," Ashok Nagar"
J1715,TN01AN3402,864337056377089,chennai,MTC,"MTC chennai","Kalaignar Nagar Depot",Bus,N/A,N/A,N/A,N/A,N/A,N/A,Active,N/A,N/A,N/A,,N/A,"K.K NAGAR DEPOT (Towards DEPOT)",N/A,N/A
J1897,TN01AN3732,860548040377787,chennai,MTC,"MTC chennai","Chromepet-1 Depot",Bus,N/A,N/A,N/A,N/A,N/A,N/A,Active,N/A,N/A,N/A,,N/A,"""15-171 SH-49"," Kamaraj Nagar West"," Thiruvanmiyur"
K0357,TN01AN4546,864650059660115,chennai,MTC,"MTC chennai","Vadapalani Depot",Bus,N/A,N/A,N/A,N/A,N/A,N/A,Active,N/A,N/A,N/A,,N/A,"THIRUVANMIYUR BUS STAND (Towards JAYANTHI THEATRE)",N/A,N/A
I3396,TN01N9742,864977043714298,chennai,MTC,"MTC chennai","Thiruvottriyur Depot",Bus,N/A,N/A,N/A,N/A,N/A,N/A,Active,N/A,N/A,N/A,,N/A,"""8 P A N Rajarathinam Salai"," Pudumanai Kuppam"," Tondiarpet"
K0019,TN01AN4104,867383059115941,chennai,MTC,"MTC chennai","Tambaram Depot",Bus,N/A,N/A,N/A,N/A,N/A,N/A,Active,N/A,N/A,N/A,,N/A,"THAILAVARAM (Towards SRM COLLEGE)",N/A,N/A
J1461,TN01AN2729,866758047989633,chennai,MTC,"MTC chennai","Thiruvottriyur Depot",Bus,N/A,N/A,N/A,N/A,N/A,N/A,Active,N/A,N/A,N/A,,N/A,"""P H Road"," Poonamallee"," Chennai 600056"
I2961,TN01N9381,862607059216233,chennai,MTC,"MTC chennai","Madahvaram Depot",Bus,N/A,N/A,N/A,N/A,N/A,N/A,Active,N/A,N/A,N/A,,N/A,"BROADWAY (Towards EXIT)",N/A,N/A
J0559,TN01AN1368,862607052169058,chennai,MTC,"MTC chennai","Kalaignar Nagar Depot",Bus,N/A,N/A,N/A,N/A,N/A,N/A,Active,N/A,N/A,N/A,,N/A,"ASHOK NAGAR 4TH AVENUE (Towards INNER RING ROAD)",N/A,N/A
J0928,TN01AN1868,864650056397240,chennai,MTC,"MTC chennai","Central Depot",Bus,N/A,N/A,N/A,N/A,N/A,N/A,Active,N/A,N/A,N/A,,N/A,"ANNA NAGAR 2ND AVENUE (Towards INNER RING ROAD)",N/A,N/A
J1863,TN01AN3726,860548045663868,chennai,MTC,"MTC chennai","Madahvaram Depot",Bus,N/A,N/A,N/A,N/A,N/A,N/A,Active,N/A,N/A,N/A,,N/A,"""Jawahar Lal Nehru Road"," Block J-Bharathi Clny"," Anna Nagar"
J0119,TN01AN0165,863958044835317,chennai,MTC,"MTC chennai","Avadi Depot",Bus,N/A,N/A,N/A,N/A,N/A,N/A,Active,N/A,N/A,N/A,,N/A,"Kilambakkam Govt School",N/A,N/A
J0226,TN01AN0580,862607059215334,chennai,MTC,"MTC chennai","Avadi Depot",Bus,N/A,N/A,N/A,N/A,N/A,N/A,Active,N/A,N/A,N/A,,N/A,"""H V F Road"," H.V.F.Estate"," Avadi"
K0617,TN01AN5100,869756046228968,chennai,MTC,"MTC chennai","Annanagar Depot",Bus,N/A,N/A,N/A,N/A,N/A,N/A,Active,N/A,N/A,N/A,,N/A,"MINJUR BUS TERMINUS (Towards MINJUR MARKET)",N/A,N/A
J0478,TN01AN1154,867605050990959,chennai,MTC,"MTC chennai","Kalaignar Nagar Depot",Bus,N/A,N/A,N/A,N/A,N/A,N/A,Active,N/A,N/A,N/A,,N/A,"""Kundrathur Main Road"," Kollacheri"," Chennai 600069"
J0938,TN01AN1890,862607059197094,chennai,MTC,"MTC chennai","Avadi Depot",Bus,N/A,N/A,N/A,N/A,N/A,N/A,Active,N/A,N/A,N/A,,N/A,"""502/32 C T H Road"," Ram Nagar"," Ambattur"
J0843,TN01AN1602,864650059647567,chennai,MTC,"MTC chennai","Thiruvanmiyur Depot",Bus,N/A,N/A,N/A,N/A,N/A,N/A,Active,N/A,N/A,N/A,,N/A,"""311012 1st Main Road"," Sastri Nagar"," Adyar"
K0447,TN01AN4360,867383057219216,chennai,MTC,"MTC chennai","Tondiarpet-2 Depot",Bus,N/A,N/A,N/A,N/A,N/A,N/A,Active,N/A,N/A,N/A,,N/A,"""481 Thiruvottiyur Road"," Old Washermenpet"," Chennai 600021"
J1758,TN01AN3471,862607055584410,chennai,MTC,"MTC chennai","Perumbakkam Depot",Bus,N/A,N/A,N/A,N/A,N/A,N/A,Active,N/A,N/A,N/A,,N/A,"Amika Womens Boutique",N/A,N/A
K0140,TN01AN4183,863418053252631,chennai,MTC,"MTC chennai","Adyar Depot",Bus,N/A,N/A,N/A,N/A,N/A,N/A,Active,N/A,N/A,N/A,,N/A,"QUEEN MARYS COLLEGE (Towards VIVEKANANDA HOUSE)",N/A,N/A
J1712,TN01AN3418,865860041660169,chennai,MTC,"MTC chennai","Thiyagaraya Nagar Depot",Bus,N/A,N/A,N/A,N/A,N/A,N/A,Active,N/A,N/A,N/A,,N/A,"THIRUVERKADU TERMINUS (Towards GURIMEDAI)",N/A,N/A
I2021,TN01N7734,867032059119276,chennai,MTC,"MTC chennai","Annanagar Depot",Bus,N/A,N/A,N/A,N/A,N/A,N/A,Active,N/A,N/A,N/A,,N/A,"""Estate Road"," Anna Nagar West Extension"," Chennai 600101"
K0077,TN01AN4041,867383057158505,chennai,MTC,"MTC chennai","Tambaram Depot",Bus,N/A,N/A,N/A,N/A,N/A,N/A,Active,N/A,N/A,N/A,,N/A,"""Bypass Road"," Irumbuliyur"," Chennai 600059"
J1147,TN01AN2207,860548040928704,chennai,MTC,"MTC chennai","Tambaram Depot",Bus,N/A,N/A,N/A,N/A,N/A,N/A,Active,N/A,N/A,N/A,,N/A,"""G S T Road"," Chettipunniyam"," Chengalpattu 603002"
K0576,TN01AN5065,867032053740796,chennai,MTC,"MTC chennai","Poonamallee Depot",Bus,N/A,N/A,N/A,N/A,N/A,N/A,Active,N/A,N/A,N/A,,N/A,"""2/3 Avadi Road"," Indra Nagar"," Paruthipattu"
J0349,TN01AN0740,867032053933631,chennai,MTC,"MTC chennai","Kalaignar Nagar Depot",Bus,N/A,N/A,N/A,N/A,N/A,N/A,Active,N/A,N/A,N/A,,N/A,"""Alandur Main Road"," Thiru VI Ka Industrial Estate"," Guindy"
K0211,TN01AN4480,862607059026400,chennai,MTC,"MTC chennai","Annanagar Depot",Bus,N/A,N/A,N/A,N/A,N/A,N/A,Active,N/A,N/A,N/A,,N/A,"M.G.R.KOYAMBEDU (Towards EXIT)",N/A,N/A
J1776,TN01AN3587,864977047761584,chennai,MTC,"MTC chennai","Avadi Depot",Bus,N/A,N/A,N/A,N/A,N/A,N/A,Active,N/A,N/A,N/A,,N/A,"""J N Salai"," Koyambedu"," Chennai 600107"
J0728,TN01AN1659,867394042501683,chennai,MTC,"MTC chennai","Kalaignar Nagar Depot",Bus,N/A,N/A,N/A,N/A,N/A,N/A,Active,N/A,N/A,N/A,,N/A,"EVENING BAZZAR ROAD (Towards EVR SALAI)",N/A,N/A
K0529,TN01AN4844,863958044718349,chennai,MTC,"MTC chennai","Kilambakkam Depot",Bus,N/A,N/A,N/A,N/A,N/A,N/A,Active,N/A,N/A,N/A,,N/A,"""Vandalur Kelambakkam Main Road"," Chennai 600048"," India"""
J0202,TN01AN0564,864977043647373,chennai,MTC,"MTC chennai","Adambakkam Depot",Bus,N/A,N/A,N/A,N/A,N/A,N/A,Active,N/A,N/A,N/A,,N/A,"SARAVANA STORE CHROMEPET (Towards CHROMEPET)",N/A,N/A
I2044,TN01N8112,867032053741331,chennai,MTC,"MTC chennai","Adambakkam Depot",Bus,N/A,N/A,N/A,N/A,N/A,N/A,Active,N/A,N/A,N/A,,N/A,"Gold Gym Fitness Center",N/A,N/A
J0049,TN01N9860,867605050970621,chennai,MTC,"MTC chennai","Avadi Depot",Bus,N/A,N/A,N/A,N/A,N/A,N/A,Active,N/A,N/A,N/A,,N/A,"""C T H Road"," Thiruvallur Sub-District 602024"," India"""
K0316,TN01AN4739,864513042696473,chennai,MTC,"MTC chennai","Madahvaram Depot",Bus,N/A,N/A,N/A,N/A,N/A,N/A,Active,N/A,N/A,N/A,,N/A,"Alangu Pharmacy",N/A,N/A
K0039,TN01AN4114,862607055624729,chennai,MTC,"MTC chennai","Avadi Depot",Bus,N/A,N/A,N/A,N/A,N/A,N/A,Active,N/A,N/A,N/A,,N/A,"SA ENGINEERING COLLEGE (Towards VEERARAGHAVAPURAM)",N/A,N/A
J1738,TN01AN3435,864650059592656,chennai,MTC,"MTC chennai","Kilambakkam Depot",Bus,N/A,N/A,N/A,N/A,N/A,N/A,Active,N/A,N/A,N/A,,N/A,"""G S T Road"," New Perungalathur"," Chennai 600063"
K0185,TN01AN4318,863412043750135,chennai,MTC,"MTC chennai","Tondiarpet-2 Depot",Bus,N/A,N/A,N/A,N/A,N/A,N/A,Active,N/A,N/A,N/A,,N/A,"""137-32 Vaidhiyanathan Street"," Tondiarpet"," Chennai 600081"
J1116,TN01AN2243,867383059134827,chennai,MTC,"MTC chennai","Padiyanallur Depot",Bus,N/A,N/A,N/A,N/A,N/A,N/A,Active,N/A,N/A,N/A,,N/A,"""Outer Ring Road"," Attanthangal"," Chennai 600052"
I1902,TN01N7350,860965069087826,chennai,MTC,"MTC chennai","Padiyanallur Depot",Bus,N/A,N/A,N/A,N/A,N/A,N/A,Active,N/A,N/A,N/A,,N/A,"KUMMANUR COLONY (Towards KUMMANUR)",N/A,N/A
J1181,TN01AN2319,867032053803180,chennai,MTC,"MTC chennai","Annanagar Depot",Bus,N/A,N/A,N/A,N/A,N/A,N/A,Active,N/A,N/A,N/A,,N/A,"""Gandhi Irwin Bridge"," Egmore"," Chennai 600008"
K0511,TN01AN4815,867032059139332,chennai,MTC,"MTC chennai","Kilambakkam Depot",Bus,N/A,N/A,N/A,N/A,N/A,N/A,Active,N/A,N/A,N/A,,N/A,"""Vandalur Kelambakkam Main Road"," Kilambakkam"," Chennai 603103"
J1835,TN45N4168,868704041066406,chennai,MTC,"MTC chennai","Madahvaram Depot",Bus,N/A,N/A,N/A,N/A,N/A,N/A,Active,N/A,N/A,N/A,,N/A,"""M M C Main Road"," Madhavaram Milk Colony"," Chennai 600051"
K0547,TN01AN4939,862607059105634,chennai,MTC,"MTC chennai","Kilambakkam Depot",Bus,N/A,N/A,N/A,N/A,N/A,N/A,Active,N/A,N/A,N/A,,N/A,"Bajaj Finserv",N/A,N/A
K0742,TN01AN5042,862607059117969,chennai,MTC,"MTC chennai","Poonamallee Depot",Bus,N/A,N/A,N/A,N/A,N/A,N/A,Active,N/A,N/A,N/A,,N/A,"""54/2 Trunk Road"," Karayanchavadi"," Poonamallee"
J0013,TN01N9787,867032053799990,chennai,MTC,"MTC chennai","Tondiarpet-1 Depot",Bus,N/A,N/A,N/A,N/A,N/A,N/A,Active,N/A,N/A,N/A,,N/A,"PARRYS CORNER (Towards BEACH STATION)",N/A,N/A
J0813,TN01AN1566,864650059566304,chennai,MTC,"MTC chennai","Perambur Depot",Bus,N/A,N/A,N/A,N/A,N/A,N/A,Active,N/A,N/A,N/A,,N/A,"JOINT OFFICE (Towards RAILWAY QUARTERS)",N/A,N/A
J0805,TN01AN1575,862607059117613,chennai,MTC,"MTC chennai","Iyyappanthangal Depot",Bus,N/A,N/A,N/A,N/A,N/A,N/A,Active,N/A,N/A,N/A,,N/A,"""171 Valluvarkottam High Road"," Valluvar Kottam"," Nungambakkam"
J1191,TN01AN2313,865860041750580,chennai,MTC,"MTC chennai","Chromepet-1 Depot",Bus,N/A,N/A,N/A,N/A,N/A,N/A,Active,N/A,N/A,N/A,,N/A,"Tambaram Perunagaratchi Mel Nilaipalli",N/A,N/A
J1400,TN01AN3008,866758048848770,chennai,MTC,"MTC chennai","Annanagar Depot",Bus,N/A,N/A,N/A,N/A,N/A,N/A,Active,N/A,N/A,N/A,,N/A,"""BD3 Central Avenue"," Mahakavi Bharathi NGR"," Vyasarpadi"
K0531,TN01AN4891,862607059115674,chennai,MTC,"MTC chennai","Kilambakkam Depot",Bus,N/A,N/A,N/A,N/A,N/A,N/A,Active,N/A,N/A,N/A,,N/A,"Kalyan Grand - A Business Hotel",N/A,N/A
K0544,TN01AN4943,864650059633435,chennai,MTC,"MTC chennai","Alandur Depot",Bus,N/A,N/A,N/A,N/A,N/A,N/A,Active,N/A,N/A,N/A,,N/A,"Najima Pet Clinic & Pet Shop",N/A,N/A
K0432,TN01AN4811,866041045652507,chennai,MTC,"MTC chennai","Annanagar Depot",Bus,N/A,N/A,N/A,N/A,N/A,N/A,Active,N/A,N/A,N/A,,N/A,"""Bypass Road"," Srinivasapuram"," Anakaputhur"
J0533,TN01AN1270,862607052134334,chennai,MTC,"MTC chennai","Kalaignar Nagar Depot",Bus,N/A,N/A,N/A,N/A,N/A,N/A,Active,N/A,N/A,N/A,,N/A,"""E V R Periyar Salai"," Periamet"," Chennai 600003"
J0673,TN01AN1388,867032053748922,chennai,MTC,"MTC chennai","Annanagar Depot",Bus,N/A,N/A,N/A,N/A,N/A,N/A,Active,N/A,N/A,N/A,,N/A,"""7 M T H Road"," TVS Nagar -Pandurangapuram"," Padi"
J0540,TN01AN1284,867032053892100,chennai,MTC,"MTC chennai","Thiyagaraya Nagar Depot",Bus,N/A,N/A,N/A,N/A,N/A,N/A,Active,N/A,N/A,N/A,,N/A,"""Thiruverkadu Main Road"," Sivasakthi Nagar-Vinayagar Nagar"," Thiruverkadu"
K0738,TN01AN5110,867605050930716,chennai,MTC,"MTC chennai","Vadapalani Depot",Bus,N/A,N/A,N/A,N/A,N/A,N/A,Active,N/A,N/A,N/A,,N/A,"M.G.R.KOYAMBEDU (Towards EXIT)",N/A,N/A
J1198,TN01AN2108,860548042770336,chennai,MTC,"MTC chennai","Tambaram Depot",Bus,N/A,N/A,N/A,N/A,N/A,N/A,Active,N/A,N/A,N/A,,N/A,"MAMALLAPURAM (Towards MANDAPAM MARKET)",N/A,N/A
K0308,TN01AN4659,868142049630362,chennai,MTC,"MTC chennai","Chromepet-1 Depot",Bus,N/A,N/A,N/A,N/A,N/A,N/A,Active,N/A,N/A,N/A,,N/A,"New Vijaya Cell Park",N/A,N/A
K0664,TN01AN4761,862607059090877,chennai,MTC,"MTC chennai","Vadapalani Depot",Bus,N/A,N/A,N/A,N/A,N/A,N/A,Active,N/A,N/A,N/A,,N/A,"THEYAGARAYA NAGAR DEPOT (Towards DEPOT)",N/A,N/A
J1528,TN01AN2898,866758049190453,chennai,MTC,"MTC chennai","Adyar Depot",Bus,N/A,N/A,N/A,N/A,N/A,N/A,Active,N/A,N/A,N/A,,N/A,"ADYAR DEPOT (Towards DEPOT)",N/A,N/A
J0466,TN01AN1163,864650059645330,chennai,MTC,"MTC chennai","Kalaignar Nagar Depot",Bus,N/A,N/A,N/A,N/A,N/A,N/A,Active,N/A,N/A,N/A,,N/A,"SIVAN PARK (Towards PT RAJAN ROAD)",N/A,N/A
J0280,TN01AN0684,864513041473544,chennai,MTC,"MTC chennai","Iyyappanthangal Depot",Bus,N/A,N/A,N/A,N/A,N/A,N/A,Active,N/A,N/A,N/A,,N/A,"""Mount Poonamalee High Road"," M.S.S. Nagar"," Kumananchavadi"
J0477,TN01AN1192,867032053927708,chennai,MTC,"MTC chennai","Kalaignar Nagar Depot",Bus,N/A,N/A,N/A,N/A,N/A,N/A,Active,N/A,N/A,N/A,,N/A,"""SH-109"," Okkiyam Thuraipakkam"," Chennai 600097"
J1066,TN01AN2098,868704043917069,chennai,MTC,"MTC chennai","Iyyappanthangal Depot",Bus,N/A,N/A,N/A,N/A,N/A,N/A,Active,N/A,N/A,N/A,,N/A,"IYYAPPANTHANGAL BUS DEPOT (Towards TERMINUS)",N/A,N/A
I3323,TN01N9627,867383059082612,chennai,MTC,"MTC chennai","Ambathur Depot",Bus,N/A,N/A,N/A,N/A,N/A,N/A,Active,N/A,N/A,N/A,,N/A,"""Thiruverkadu Main Road"," Ayappakkam"," Chennai 600077"
J1724,TN01AN3512,864650059554425,chennai,MTC,"MTC chennai","Annanagar Depot",Bus,N/A,N/A,N/A,N/A,N/A,N/A,Active,N/A,N/A,N/A,,N/A,"""Service Road"," Okkiyam Thuraipakkam"," Chennai 600097"
K0215,TN01AN4522,862607053476585,chennai,MTC,"MTC chennai","Annanagar Depot",Bus,N/A,N/A,N/A,N/A,N/A,N/A,Active,N/A,N/A,N/A,,N/A,"""Bypass Road"," Thirumangaialwarpuram"," Thiruneermalai"
J0551,TN01AN1319,866758048726943,chennai,MTC,"MTC chennai","Kalaignar Nagar Depot",Bus,N/A,N/A,N/A,N/A,N/A,N/A,Active,N/A,N/A,N/A,,N/A,"""10-22 Cenotaph Road"," Rathna NGR"," Teynampet"
J1805,TN01AN3633,867032059114376,chennai,MTC,"MTC chennai","Avadi Depot",Bus,N/A,N/A,N/A,N/A,N/A,N/A,Active,N/A,N/A,N/A,,N/A,"""Outer Ring Road"," Erumaiyur"," Chennai 600132"
K0075,TN01AN4073,863958044709058,chennai,MTC,"MTC chennai","Perambur Depot",Bus,N/A,N/A,N/A,N/A,N/A,N/A,Active,N/A,N/A,N/A,,N/A,"""E V R Periyar Salai"," Kilpauk"," Chennai 600010"
J0165,TN01AN0496,867032053920554,chennai,MTC,"MTC chennai","Iyyappanthangal Depot",Bus,N/A,N/A,N/A,N/A,N/A,N/A,Active,N/A,N/A,N/A,,N/A,"""77 Arcot Road"," Jai Nagar"," Valasaravakkam"
