DeviceID,"Vehicle No",Protocol,Latitude,Longitude,Status,"Region Id","Time In Packet","Last Arrived At","Last Posted At","Last Parsing Time","Last Posting Time",Delay,"Packet Status","Gps Signal"
864977047804954,J210223,ais140,13.0052614212036,80.247444152832,Inactive,channy,"09-05-2025 16:45:00","16-05-2025 16:45:00","22-05-2025 16:45:00","22-05-2025 16:45:00","24-05-2025 16:45:00",80.1939697265625,online,23
311713436,22323,ais140,CHENNAI,MTC,Inactive,"MTC CHENNAI","08-05-2025 17:00","08-05-2025  17:00:08-05-2025  17:00:11","08-05-2025 17:00","08-05-2025 17:00","08-05-2025 17:00",365889545,online,asas
311713442,22356,ais141,CHENNAI,MTC,Inactive,"MTC CHENNAI","08-05-2025 17:00","08-05-2025 17:00","08-05-2025 17:00","08-05-2025 17:00","08-05-2025 17:00",365455555,online,csd
311713452,22367,ais142,CHENNAI,MTC,Inactive,"MTC CHENNAI","08-05-2025 17:00","08-05-2025 17:00","08-05-2025 17:00","08-05-2025 17:00","08-05-2025 17:00",255455555,online,acdsas
