"Vehicle No","Vehicle Code",DeviceID,City,Agency,Operator,Depot,VehicleType,"Seating Capacity",Region,"Etim Frequency","GST On Ticket","Surcharge On Ticket","Collection On Etim",Status,"GPS From Etim","Forward to Shuttl","Service Category","Fuel Type","Dispatch Type","Route Name","Service Start Time","Service End Time"
K0292,22323,869244042751747,CHENNAI,MTC,"MTC CHENNAI",PERUMBAKKAMPERUMBAKKAM,BUS,sxdfs,chennai,30,No,No,No,Active,No,No,Ordinary,DIESEL,Fix,"102P ( Broadway -> Perumbakkam SCB )","12:03 AM","11:59 PM"
fsdfsdf,sdfoisjdf,sidjfij,sodifjio,jszodifjo,osidjfoi,oisdjfoij,sdoifvjo,jodifvjoi,sodijfoi,soidjfj,,,Yes,Inactive,,,osdijfoiasdasd,jcosdijoasd,oicjsoijasdas,soidjfasd,12:35amdsadsd,12:35AMsdsd
ASDFDF,EFJAIDS,ASIDFIijdfsijdi,sadfj,sdpfpo,padfp,aposdpo,spodpo,podpo,spdpo,psodkpok,Yes,Yes,Yes,Active,Yes,Yes,spodko,kspdok,odkoskd,opdsk,kdspok,odkspok
K0292,22323,8692440427513440,CHENNAI,MTC,"MTC CHENNAI",PERUMBAKKAMPERUMBAKKAM,BUS,sxdfs,chennai,30,No,No,No,Active,No,No,Ordinary,DIESEL,Fix,"102P ( Broadway -> Perumbakkam SCB )","12:03 AM","11:59 PM"
